:1040000000800020C5950100F1950100F1950100A7
:10401000F1950100F1950100F1950100F195010084
:10402000F1950100F1950100F1950100F195010074
:10403000F1950100F1950100F1950100F195010064
:10404000719F000069590000F1950100F195010090
:10405000F19501000DD00000F19501009D5900007F
:10406000F1950100F1950100F1950100752C010019
:10407000C559000015310100F1950100F1950100CD
:10408000F1950100F1950100F1950100F195010014
:10409000F1950100F1950100F1300100F195010069
:1040A000F1950100F1950100F1950100F1950100F4
:1040B000F1950100F19501004D590000F1950100C5
:1040C000F1950100F1950100F1950100F1950100D4
:1040D000F1950100F1950100F1950100F1950100C4
:1040E00010B5054C237833B9044B13B10448AFF332
:1040F00000800123237010BD000900200000000093
:104100008C12030008B5034B1BB103490348AFF3FE
:10411000008008BD00000000040900208C1203008C
:10412000A3F5803A704700BF174B002B08BF134B15
:104130009D46FFF7F5FF00218B460F461348144AB2
:10414000121A1AF05DFE0E4B002B00D098470D4B53
:10415000002B00D098470020002104000D000D48DE
:10416000002802D00C48AFF300801AF0FFFD2000B9
:10417000290011F0B1FB1AF01BFD00BF0000080080
:104180000000000000000000008000200009002066
:104190004C4200200000000000000000024A034BD7
:1041A0000121117018807047AE090020AC09002071
:1041B00000B583B00422082011461023009001208E
:1041C00001F0A8FC01F040FC44F63823144844F206
:1041D00068224BF6803103F00DF912484FF47A72E1
:1041E0004BF6803103F03EF8B0EE000A64224BF645
:1041F00080310D4802F04EFE0C4803F013FB0C48D2
:1042000003F010FB0B4802F0B9FE0B4802F0B6FEBB
:104210004BF6803003B05DF804EB01F0E1BB00BF6A
:104220005C0900203409002098090020440900207E
:104230001C090020680900208009002001F0D0BD81
:104240002DE9F04F2DED068B774C784DDFED789A08
:10425000DFED788A9FED789A4FF0000885B0074629
:1042600084F8008085F8008001F052FB82464EF60B
:1042700060208742714B28BF07464BF6803202FB15
:1042800007F7CDE90188A3FB0737BF09C346B84547
:1042900004D10DE02B7803F0FF068BB92378002BB7
:1042A000F8D00026304605B0BDEC068BBDE8F08F97
:1042B00023780026304605B0BDEC068BBDE8F08FB4
:1042C0005F4B1B881BB207EE903AB8EEE70ABAF1D3
:1042D000000F01D0B1EE400A5A495B4803F0C4FA1E
:1042E000B5EEC00AB0EE408AF1EE10FAC8BFB0EEEB
:1042F000480A56495648D8BFB1EE400A03F09AFA28
:10430000B4EEE80AF1EE10FAD8BFB0EE680A88EE13
:1043100000AA504A504B5148D2ED007AFCEEE77AA1
:10432000CDED037A9DF80C9003EB890191ED000A25
:104330004B492AEE000A02F029FEA9F14009464B3A
:10434000474948485FFA89F903EB8909B0EE408A8A
:1043500099ED000A2AEE000A02F018FE68EE007AD3
:10436000B6EE007A67EE877A3A4A79EE677A92ED8E
:10437000007A77EE877AF5EEC09ABCEEE77AF1EE36
:1043800010FA17EE103A23F0FF0307EE103AB8EEDA
:10439000477A77EEC77AC2ED007A04DBB5EEC08AC1
:1043A000F1EE10FA10D4F5EEC09AF1EE10FA06D440
:1043B0000023F0EE489A08F101082B7067E7B5EE8C
:1043C000C08AF1EE10FAF3DBA8EB0B0BABF1B503EF
:1043D000762B0ED96FF4D2708344BBF1760F1ED8C2
:1043E000019B022B0ED001230022CDE90132C346EE
:1043F000DEE7019B012B0FD002230021CDE9013123
:10440000C346D5E701230193029B01330A2B029394
:104410003FF450AFC346CBE702230193F4E70023F8
:104420000293C3460193C3E740090020AE09002070
:10443000000000000000C8420000C042D34D6210DE
:10444000AC0900205C090020440900203409002048
:104450001C090020B0090020C003020068090020E8
:1044600098090020800900202DE9F04F4EF66026C3
:104470002DED068BB14228BF3146A54AA54CA64D6D
:10448000DFEDA68A9FEDA69ADFEDA69ADFF8C4B20B
:104490004BF6803687B001FB06F60023A2FB06260A
:1044A00023701F468146B6092B7000930393019336
:1044B0009A46B74280F0DB80B9F1000F0FD101E0DE
:1044C0002B7883B92378002BFAD0207880F0010074
:1044D00007B0BDEC068BBDE8F08F2B781BB92378B5
:1044E000002BFAD0F1E7C7F30B00002878D08E4BF1
:1044F0008E481B888E491BB200EE103AB8EEC00AF7
:1045000003F0B2F9B5EEC00AB0EE408AF1EE10FA4F
:10451000C8BFB0EE480A87498748D8BFB1EE400A05
:1045200003F088F9B4EEC90AF1EE10FAD8BFB0EE84
:10453000490A88EE00AA814A814B8248D2ED007A6E
:10454000FCEEE77ACDED027A9DF8088003EB880156
:1045500091ED000A7C492AEE000A02F017FDA8F14D
:104560004008774B784979485FFA88F803EB880868
:10457000B0EE408A98ED000A2AEE000A02F006FD2D
:1045800068EE007AB6EE007A67EE877A6B4A79EECB
:10459000E77A92ED007A77EE877AF5EEC08ABCEE84
:1045A000E77AF1EE10FA17EE103A23F0FF0307EE68
:1045B000103AB8EE477A77EEC77AC2ED007A04DB9C
:1045C000B5EEC08AF1EE10FA12D4F5EEC08AF1EE23
:1045D00010FA08D40023F0EE488A01372B7068E700
:1045E00013F038FB83E7B5EEC08AF1EE10FAF1DB89
:1045F000009BA7EB0A0A63B3012B64D0023BDBB23A
:10460000012B24D8AAF17903B3F5EF7F66D8BAF568
:10461000B47F0CD9019B03F0010218326A44580898
:1046200012F8041C012383400B4302F8043C6FF48E
:1046300096739A44019BBAF1760F03F1010301933B
:1046400022D8042B00F08880019B0E2B1FD0BA4685
:10465000C0E76FF496708244BAF1770F38BF012338
:104660000093019B38BF00230193BA46B2E7B9F12A
:10467000000F05D0237828E72B78002B7FF433AF89
:104680002378002BF8D020E702230093DCE7304B9F
:104690009DF815209DF814109A5C5B5C43EA0213A8
:1046A000039A0BF80230531C172B039300F054812C
:1046B000022013F0CFFA0023ADF814300193032346
:1046C000BA46009386E76FF496710AEB0103762BE6
:1046D0000BD8019B01330193BA467BE7032013F00B
:1046E000B9FA0023BA46009374E7AAF1B503762B12
:1046F00005D96FF4D2720AEB0203762B04D8019B22
:10470000053B122B40F22D820023BA46009361E74D
:10471000D34D621040090020AE09002000000000C7
:104720000000C8420000C042AC090020440900203B
:104730005C090020340900201C090020B009002079
:10474000C0030200680900209809002080090020A9
:1047500040030200B4090020009B032B40F00C82B0
:10476000039B022B7FF673AFDFF82CE4AEF102025D
:10477000991E02EB030841F2210000231EF801CB31
:104780005A0092B21CF0800F18BF01324FEAD333A7
:1047900018BF92B203B1424053009BB21CF0400FCD
:1047A00018BF01334FEAD23218BF9BB202B1434067
:1047B0005A0092B21CF0200F18BF01324FEAD333D7
:1047C00018BF92B203B1424053009BB21CF0100FCD
:1047D00018BF01334FEAD23218BF9BB202B1434037
:1047E0005A0092B21CF0080F18BF01324FEAD333BF
:1047F00018BF92B203B1424053009BB21CF0040FA9
:1048000018BF01334FEAD23218BF9BB202B1434006
:104810005A0092B21CF0020F18BF01324FEAD33394
:1048200018BF92B203B1424053009BB21CF0010F7B
:1048300018BF01334FEAD23218BF9BB202B14340D6
:10484000C6459BD15A0092B2DB0B1CBF82F4815249
:1048500082F0010253009BB2D20B1CBF83F4815340
:1048600083F001035A0092B2DB0B1CBF82F4815229
:1048700082F0010253009BB2D20B1CBF83F4815320
:1048800083F001035A0092B2DB0B1CBF82F4815209
:1048900082F0010253009BB2D20B1CBF83F4815300
:1048A00083F001035A0092B2DB0B1CBF82F48152E9
:1048B00082F0010253009BB2D20B1CBF83F48153E0
:1048C00083F001035A0092B2DB0B1CBF82F48152C9
:1048D00082F0010253009BB2D20B1CBF83F48153C0
:1048E00083F001035A0092B2DB0B1CBF82F48152A9
:1048F00082F0010253009BB2D20B1CBF83F48153A0
:1049000083F001035A0092B2DB0B1CBF82F4815288
:1049100082F0010253009BB2D20B1CBF83F481537F
:1049200083F001035A0092B2DB0B1CBF82F4815268
:1049300082F0010253009BB2D20B1CBF83F481535F
:1049400083F001031BF80100DAB2904200F01881F5
:10495000042013F07FF9D7E68E48002300F1150EEE
:1049600041F2210C10F8011F5A0092B211F0800F91
:1049700018BF01324FEAD33318BF92B20BB182EAAB
:104980000C0253009BB211F0400F18BF01334FEAE5
:10499000D23218BF9BB20AB183EA0C035A0092B21A
:1049A00011F0200F18BF01324FEAD33318BF92B273
:1049B0000BB182EA0C0253009BB211F0100F18BF2A
:1049C00001334FEAD23218BF9BB20AB183EA0C031B
:1049D0005A0092B211F0080F18BF01324FEAD333D8
:1049E00018BF92B20BB182EA0C0253009BB211F0D5
:1049F000040F18BF01334FEAD23218BF9BB20AB17D
:104A000083EA0C035A0092B211F0020F18BF013270
:104A10004FEAD33318BF92B20BB182EA0C025300B3
:104A20009BB2C90748BF01334FEAD23248BF9BB29D
:104A30000AB183EA0C03864594D15A0092B2DB0B8B
:104A40001CBF82F4815282F0010253009BB2D20B50
:104A50001CBF83F4815383F001035A0092B2DB0B35
:104A60001CBF82F4815282F0010253009BB2D20B30
:104A70001CBF83F4815383F001035A0092B2DB0B15
:104A80001CBF82F4815282F0010253009BB2D20B10
:104A90001CBF83F4815383F001035A0092B2DB0BF5
:104AA0001CBF82F4815282F0010253009BB2D20BF0
:104AB0001CBF83F4815383F001035A0092B2DB0BD5
:104AC0001CBF82F4815282F0010253009BB2D20BD0
:104AD0001CBF83F4815383F001035A0092B2DB0BB5
:104AE0001CBF82F4815282F0010253009BB2D20BB0
:104AF0001CBF83F4815383F001035A0092B2DB0B95
:104B00001CBF82F4815282F0010253009BB2D20B8F
:104B10001CBF83F4815383F001035A0092B2DB0B74
:104B20001CBF82F4815282F0010253009BB2D20B6F
:104B30001CBF83F4815383F001039BF81510DAB294
:104B400091427FF405AF9BF81620B2EB132F7FF450
:104B5000FFAE1521584613F0CDF80023BA46009356
:104B600038E5012013F076F800230222CDE9002376
:104B7000ADF81430039345E50223BA46009329E5C6
:104B8000039A5A4412F8012CB2EB132F7FF4E0AED3
:104B9000E0E700BFB3090020B4090020014B012267
:104BA0001A70704740090020DB4A002310B51946EF
:104BB000D2F8144118461A4605F0B4FF00231A46ED
:104BC0001846012105F0AEFF00231A4618460221BF
:104BD00005F0A8FF00231A461846032105F0A2FF9E
:104BE00000231A461846042105F09CFF00231A46AC
:104BF0001846052105F096FF00231A46184606219F
:104C000005F090FF00231A461846072105F08AFF99
:104C100000231A461846082105F084FF00231A468F
:104C20001846092105F07EFF00231A461846E4B213
:104C30000A2105F077FF022C4FF0000340F270814B
:104C40001A4618460B2105F06DFF00231A46184638
:104C50000C2105F067FF00231A4618460D2105F0C8
:104C600061FF00231A4618460E2105F05BFF002362
:104C70001A4618460F2105F055FF00231A4619461B
:104C8000012005F04FFF002301211A46084605F0D8
:104C900049FF00231A460221012005F043FF0023AB
:104CA0001A460321012005F03DFF00231A46042186
:104CB000012005F037FF00231A460521012005F0E9
:104CC00031FF00231A460621012005F02BFF0023A7
:104CD0001A460721012005F025FF00231A46082166
:104CE000012005F01FFF00231A460921012005F0CD
:104CF00019FF00231A460A21012005F013FF0023A3
:104D00001A460B21012005F00DFF00231A460C2145
:104D1000012005F007FF00231A461946022005F07E
:104D200001FF00231A460121022005F0FBFE0023AB
:104D30001A460321022005F0F5FE01230422072173
:104D4000022005F0EFFE00231A460821022005F09C
:104D5000E9FE00231A460921022005F0E3FE0023A4
:104D60001A460A21022005F0DDFE00231A460B2117
:104D7000022005F0D7FE00231A461946032005F04D
:104D8000D1FE00231A460121032005F0CBFE0023AB
:104D90001A460221032005F0C5FE002303211A460E
:104DA000084605F0BFFE00231A460421032005F043
:104DB000B9FE00231A460521032005F0B3FE0023A7
:104DC0001A460921032005F0ADFE00231A460A21E8
:104DD000032005F0A7FE00231A460B21032005F04F
:104DE000A1FE00231A460C21032005F09BFE0023A0
:104DF0001A461946042005F095FE00231A460121A3
:104E0000042005F08FFE00231A460221042005F03D
:104E100089FE00231A460321042005F083FE0023A7
:104E200004211A46084605F07DFE00231A46052196
:104E3000042005F077FE00231A460621042005F021
:104E400071FE00231A460721042005F06BFE0023A3
:104E50001A460821042005F065FE00231A460921A0
:104E6000042005F05FFE00231A460A21042005F005
:104E700059FE00231A460B21042005F053FE00239F
:104E80001A460C21042005F04DFE00231A460D2180
:104E9000042005F047FE00231A460E21042005F0E9
:104EA00041FE00231A460F21042005F03BFE00239B
:104EB0001A460321052005F035FE00231A46042179
:104EC000052005F02FFE002305211A46084605F0AF
:104ED00029FE00231A460621052005F023FE0023A3
:104EE0001A460721052005F01DFE00231A46082159
:104EF000052005F017FE00231A460921052005F0BC
:104F000011FE00231A460C21052005F00BFE034B71
:104F10000122C3F82C2110BD0010084000600040A1
:104F2000184604220B2105F0FDFD00231A46184601
:104F30000C2105F0F7FD00231A4618460D2105F057
:104F4000F1FD00231A4618460E2105F0EBFD002363
:104F50001A4618460F2105F0E5FD00231A461946AA
:104F6000012005F0DFFD002301211A46084605F067
:104F7000D9FD00231A460221012005F0D3FD0023AC
:104F80001A460321012005F0CDFD00231A46042115
:104F9000012005F0C7FD00231A460521012005F078
:104FA000C1FD00231A460621012005F0BBFD0023A8
:104FB0001A460921012005F0B5FD00231A460A21F1
:104FC000012005F0AFFD00231A460B21012005F05A
:104FD000A9FD00231A460C21012005F0A3FD0023A2
:104FE0001A461946022005F09DFD00231A460121AC
:104FF000022005F097FD002304220321022005F082
:1050000091FD00231A460721022005F08BFD0023A5
:105010001A460821022005F085FD00231A460921C1
:10502000022005F07FFD00231A460A21022005F028
:1050300079FD00231A460B21022005F073FD0023A1
:105040001A461946032005F06DFD00231A4601217A
:10505000032005F067FD00231A460221032005F016
:1050600061FD002303211A46084605F05BFD00237D
:105070001A460421032005F055FD00231A46052198
:10508000032005F04FFD00231A460921032005F0F7
:1050900049FD00231A460A21032005F043FD0123A0
:1050A00004220B21032005F03DFD012304220C21E5
:1050B000032005F037FD042210460123002105F0EE
:1050C00031FD00231A4601210420013C05F02AFD90
:1050D000012C3FF698AE042201230221104605F070
:1050E00021FD96E670B50C4686B00025064605A95A
:1050F0002046059512F04CFD084B1A88059B00953B
:10510000013ACDE9012530462A46214605F082F8CC
:10511000034809F099FA06B070BD00BF740E002074
:10512000008008400000000000B5714895B00121E2
:1051300004F0A2FB042210460023082105F0F2FC33
:10514000042210460023092105F0ECFC042210463D
:1051500000230A2105F0E6FC0422104600230B215F
:1051600005F0E0FC0422104600230C2105F0DAFCD7
:105170000422104600230D2105F0D4FC0422104621
:1051800000230E2105F0CEFC0422104600230F213F
:1051900005F0C8FC0023184604220F2105F0C2FCCC
:1051A000002319461846042205F0BCFC00231846CB
:1051B0000422012105F0B6FC002318460422022136
:1051C00005F0B0FC002318460422032105F0AAFCD8
:1051D000002304221146184605F0A4FC00231846BB
:1051E0000422052105F09EFC002318460422062116
:1051F00005F098FC042210460023012105F092FCE2
:10520000002304220921022005F08CFC0023042243
:105210000A21022005F086FC0422114610460023D4
:1052200005F080FC042210460023052105F07AFCDD
:10523000042210460023062105F074FC04221046C7
:105240000023072105F06EFC002304220821022020
:1052500005F068FC002319460422012005F062FCD9
:10526000012108460023042205F05CFC00230422EF
:105270000921032005F056FC002304220A21032003
:1052800005F050FC002304220921052005F04AFC0A
:10529000002304220821052005F044FC50220021AF
:1052A000684619F0ADFD9FED0E7B8DED107B9FEDF7
:1052B0000E7B022101230622039168464FF08051A4
:1052C0008DED087B8DF84C3004928DF82E300A93CA
:1052D0000D92129105F012F815B05DF804FB00BFB5
:1052E0000000010000004800020000000300000070
:1052F0000053020008B50449044B4022012006F087
:105300003DFA002008BD00BF780E00207163000048
:1053100008B50449044B4022022006F02FFA002071
:1053200008BD00BF780E002091630000027838B5F8
:1053300012F06005044605D14378062B19D06FF0B2
:10534000020038BD6FF00200C02AFAD16378012B49
:1053500023D0022BF5D1A388072BF2D1E288224972
:105360000023B22A28BFB222184606F017FB0020FD
:1053700038BD43881B0A212B1ED0222B28D00F2B8F
:10538000DDD1C2881949392A28BF39222B4628463F
:1053900006F004FB22782846D6E7A388022BD0D15A
:1053A000E288134900231B2A184628BF1B2206F057
:1053B000F5FA63780020CCE7C2880E49092A28BF95
:1053C00009222B46284606F0E9FA22782846BBE750
:1053D000C28809491C2A28BF1C222B46284606F0F1
:1053E000DDFA22782846AFE7D408020070080200F0
:1053F00088090200AC080200B8080200052910B5AF
:1054000002D005280ED010BD0A4B0B4940220120C6
:1054100006F0B4F9BDE81040084B074940220220CD
:1054200006F0ACB9012005F0E5FFBDE81040022010
:1054300005F0E0BF71630000780E0020916300006A
:105440002DE9F0412A4E2B4D84B0044601212A4813
:1054500004F012FA00270A2369463046CDE90077A6
:1054600002978DF802308DF80C7005F011FEF3688C
:10547000224A43F00103F3604FF48053C2F88031B5
:105480004FF001081360112085F8008004F056FAEF
:10549000B4F57A7F28BF4FF47A74830A04FB03F3D0
:1054A000174C03F5FA73A4FB03239B09F36177629E
:1054B000C6F804802B7843B1124A136923F0040321
:1054C000136130BF2B78002BF7D109480B4AC36812
:1054D0004FF4805123F00103C360C2F8801005F03F
:1054E00039FE0548002104F0C7F904B0BDE8F08199
:1054F00000040140E00900200062040000E100E037
:10550000D34D621000ED00E0364B2DE9F04FD3F89B
:105510001431DBB2022B87B007461AD8324B334D19
:1055200008229A650FCD6C460FC495E80300062645
:1055300084E803002E48ADF80A60012104F09CF9CC
:105540002C48694603F0ACFD2A4800220A2103F0EA
:105550009FFD294DDFF88CA0264C4FEA57081A26EC
:10556000DAF81431DBB2022B5FFA86F917D821483A
:1055700003F082FD63681F4808EB550BBBFBF7FB8C
:10558000BBF13F0F28BF4FF03F0B23F47C5343EA9E
:105590000B23636003F076FDA368DA07FCD5DAF825
:1055A0001431DBB2022B02D8A3689B0706D4A5F501
:1055B000C455013EA5F11C05D2D1B146094BD3F823
:1055C0001431DBB2022B09D80A4803F055FD084814
:1055D000002104F051F9044B0822DA65484607B06F
:1055E000BDE8F08F0010084000600040C0070200D6
:1055F00000920400001000402AC204002DE9F04788
:105600008AB014F015FB01221146022004F07CFC44
:105610000121112003F096FF0421112004F0E6FA85
:1056200000221146032004F06FFCA448012104F07D
:1056300023F90121A24804F01FF905F05FFC05469B
:1056400005F03AFC15F4807454D09E4B9A6AD20748
:1056500048D49C4B0022C3F8102105AE15F010056C
:10566000984B1ABF984AC3F80C21C3F80C51FFF7A6
:105670009BFA002301220621022005F053FA0023A1
:1056800001220821032005F04DFA012406221146CB
:105690002346CDE90044022005F008FA08222346FB
:1056A0001146CDE90044032005F000FA874A0221A3
:1056B000C2F880111160864A07CA334603C340F21C
:1056C00001151A7031460D238248ADF816508DF839
:1056D0001C3008F0C5FF7F4821460AB0BDE8F047FE
:1056E00008F098BFD3F8042101210A44C3F804212B
:1056F0001963AEE7784F7948012104F0BDF805AE93
:105700004FF0F85303A938460393ADF8104003F067
:10571000F5FC0523059431467460347238468DF8E3
:10572000183040F20523ADF8153003F01FFD0123BA
:105730007B60BC6814F00104FBD17F6A664803F00B
:10574000A9FD6648214604F097F8FF2F7BD8002278
:105750001146012004F0D8FB00221146104604F047
:10576000D3FB002304220721012005F0DBF964208C
:10577000FFF766FE012318460422072105F0D2F93F
:105780000A20FFF75DFE564A0023D2F81C78072155
:105790001A46012005F0C6F927B9524A136843F4A6
:1057A000805313600122504FDFF8448111460020DE
:1057B00004F0AAFB97E8030008234FF001094FF01B
:1057C000000A05908DF818108DF816308DF8149099
:1057D0003046C8F8C0A505F051F95146022005F041
:1057E0005BFB0837C8F8C095B4464FF003084FF488
:1057F000005E0FCFACE80F003B68CCF8003000270C
:105800002023304607938DF81580ADF818E08DF809
:1058100024708DF8147003F09BFD2A4B01221A634B
:105820005A6B42F001025A631A68304AD760264A1E
:10583000C3F81441C3F80871C3F80071C3F80471C8
:10584000C3F810210AE7B7F5007F34D3B7F5407FDE
:1058500001D202247BE722462146204604F054FB75
:10586000012211461046204FDFF8848004F04CFBE3
:105870004FF47A70FFF7E4FD97E8030004234FF03C
:10588000010905908DF818108DF816308DF81490D8
:105890003046C8F8C04505F0F1F82146022005F071
:1058A000FBFAC8F8C0954FF003080837B4464446E1
:1058B0004FF4805E9DE7012449E700BF00D2040059
:1058C00000430200001008404433221100E100E0D0
:1058D000F40702000080084000200040000205009C
:1058E00000000C4200800C40D80702000000024378
:1058F00000008C43044A054BD2F81001C01AB0FADC
:1059000080F04009704700BF001008404433221166
:10591000044BD3F81401C0B2022894BF0020012028
:10592000704700BF00100840112004F007B800BF06
:10593000022806D001280CBF02210121112003F00A
:1059400001BE0421112003F0FDBD00BF044A13690C
:1059500093619B0700D47047024808F075BE00BFF2
:1059600000000840008008400B4B10B5D3F81441EC
:10597000C3F81C4114F4A07F04D144F201031C427B
:1059800006D110BD12F0F6F844F201031C42F8D023
:10599000BDE8104012F0E8B80060004008B5074BC1
:1059A0009A691A62D20700D408BD586A00B2FEF79D
:1059B000F5FBBDE80840024808F046BE0020004064
:1059C00000800840044A13699361DB0702D5034B4A
:1059D00000221A70704700BF00040140E009002057
:1059E00070B5154E154C84B005460121144803F0DE
:1059F00043FF3046012103F03FFF002301221846F8
:105A00004FF4F01105F038FA002369462046CDE93D
:105A1000003302938DF80C3005F03AFB304603F06A
:105A20008DFF084AB0FBF5F001230138E0616360A7
:105A3000536004B070BD00BF007204000008014054
:105A400000F20400002000400548064A4369802116
:105A500043F001034361C2F880111160704700BF39
:105A60000020004000E100E0F0B5B2F5806F224D6B
:105A70008DB088BF4FF4806306460F461F4898BF1D
:105A80002A804FF001014FF0000488BF2B8003F003
:105A9000F3FE1B4B089307A88DF81C4004F072FB23
:105AA000184B194A0B935C601A604FF4807309A974
:105AB0002046ADF824304FF400230A9304F016FB7F
:105AC000124B059305AA204601218DF8184004F0D9
:105AD00039FB05AA2146204604F034FB2D880C4BE7
:105AE000013DCDE90235CDE9005732462146204639
:105AF00004F07EFA0DB0F0BD740E00200003020029
:105B000000210020D0090020E55000000103010021
:105B1000242000402DE9F04F1F46A44BD3F8143148
:105B2000DBB215465A1E012A97B081460E4640F256
:105B30000681022B00F2A4809D4B0122C3F8A42011
:105B40004FF000089A4B4FF400621A61974B994846
:105B5000D3F814415FFA84FB974C012103F08CFECB
:105B60000FCC0DF1080AAAE80F000FCCAAE80F002D
:105B700094E8030004F1080E8AE80300BEE80F0071
:105B80000DF1300CACE80F00BEE80F00ACE80F00E0
:105B90009EE80300BBF1020F8CE8030069D84FF4C4
:105BA00000431093854B8649864AB9F1000F08BF20
:105BB0001A46854B08BF0B46042E28BF0426012138
:105BC00052F8262053F8263004924FF0402002AAC3
:105BD0000E9305F031F80CAA02214FF0402005F099
:105BE0002BF87448002103F047FE704B7748D3F838
:105BF0001461012103F040FE802D28BF8025012D76
:105C000038BF01250024724B0293013D20468DF8D8
:105C10000C508DF80D4003F07DFB209A8DF80B00A1
:105C20000223802AF6B28DF8093075D0402A40D080
:105C3000202A00F0AB80102A00F0A080082A00F093
:105C4000AE80042A00F0AA80624D8DF8084002A9B7
:105C5000284603F053FA4FF480332B610123CDE93A
:105C60000C448DF83230209B8DF83840012B36D013
:105C700032E04FF4000303934FF48023069391E73F
:105C8000002319460122032004F04CFF01240022C6
:105C90002346CDE900441146032004F007FF4E4B94
:105CA000D3F80031002B7DD1414B8022A046DA652C
:105CB0004CE705238DF80830464C02A9204603F036
:105CC0001DFA00234FF480322261CDE90C338DF8A8
:105CD000383001238DF8323003238DF83330022E13
:105CE00084BF02238DF8343040F20113102FADF839
:105CF00035300DD0082F3DD0042F4BD0022F41D08E
:105D000034480CA903F032FA404617B0BDE8F08FD2
:105D100004238DF83130F3E72E4D062302A92846DF
:105D20008DF8083003F0EAF94FF480332B6101233A
:105D3000CDE90C448DF838408DF83230CCE70023A3
:105D4000184601220E2104F0EDFE01240E22234606
:105D5000CDE900441146002004F0A8FE1F4BD3F803
:105D6000B833002B7FF4E8AE114B0422A046C3F8F1
:105D7000A420E7E603238DF83130C1E703238DF833
:105D8000083099E701238DF83130B9E704238DF805
:105D9000083091E702238DF83130B1E701238DF807
:105DA000083089E74FF00008D0E600BF0010084037
:105DB0000060004000120500000802000000002002
:105DC00028000020140000203C00002000020500F4
:105DD0000000031F0020004000100C4200000C4295
:105DE00030B52949294B2A4AD3F814414B698025FB
:105DF00023F001034B6183B0C2F88051E4B2C2F8D2
:105E0000805004F047FA022C19D80123214D013C9F
:105E10009C42C5F8A03024D91E4B4FF400625A6151
:105E20001D48002103F028FD1C48002103F024FD3B
:105E30001B48002103B0BDE8304003F01DBD002425
:105E40000123CDE9003422462146032004F02EFE32
:105E5000234622462146032004F064FE0D4B9D6537
:105E6000DEE700240E221146CDE90034204604F07E
:105E70001DFE234622460E21204604F053FE042335
:105E8000C5F8A030C8E700BF00200040001008405F
:105E900000E100E000600040001205000002050083
:105EA0000003020008B5084BD3F81431DBB2022B13
:105EB00001D9002008BD054B4FF40062C3F88020D3
:105EC000FFF732F9012008BD0010084000600040D3
:105ED00000B97047FFF7B4BA034A136923F004030B
:105EE000136130BF704700BF00ED00E0012004F0F7
:105EF0003BBD00BF38B5104D0446FEF755FE0F48B8
:105F0000002108F087FB0E4A0221A302296303F552
:105F1000FA73A968A2FB03239B09402B2CBFC91865
:105F20004031002003F054FA6B6B43F002036B63C3
:105F300004F08CFDFEE700BF001008400080084020
:105F4000D34D621010B50E4C0FCC88B00DF1040C7F
:105F5000ACE80F0094E8070000238CE80700062255
:105F6000012108488DF804308DF814308DF80E208A
:105F700003F082FC01A808F0D7FA08B010BD00BFFA
:105F80005008020000E204004FF08042034813680A
:105F900023F001030021136003F06EBC00E2040053
:105FA0004FF080420D4B116821F0010111605168E2
:105FB000A0F27260A3FB00035B0921F03F013F2BBD
:105FC00094BF194341F03F015160136843F001034E
:105FD00013609368DB07FCD5704700BFF1F0F0F069
:105FE0004FF080439868C0F34000704730B5224DB1
:105FF0000FCD89B001AC0FC495E80700002384E8F9
:106000000700062201211D488DF80E208DF804306E
:106010008DF8143003F030FC01A808F085FA3F2118
:106020004FF08042136823F001031360536823F09C
:106030003F030B435360136843F0010313609368FD
:10604000D807FCD593689B0704D40139EAD140F204
:10605000946404E001EB01114C0004F294644FF0ED
:1060600080420648136823F001030021136003F007
:1060700003FC204609B030BD5008020000E20400D5
:1060800070B5A94EA94C357882B040220021204637
:1060900018F0B6FE6B1E25700B2B09D8DFE803F055
:1060A0001F3560677DB0B98506A1A60A012363701C
:1060B00002B070BD9E4BD3F81431DBB2022BF7D87F
:1060C000737863705A1E072AF2D8DFE812F0F100E5
:1060D000DC0014010501C800C800F900F40094496F
:1060E000D1F80451D1F8003188688A6A12F00102AF
:1060F00040F0A2801B1842EB02019B189B0A4A1930
:1061000043EA8253C4F80130D2E7D6F80120884B25
:10611000C4F8012098689102081A4FEA925262F17D
:106120000004C3F80441834CC3F80001C3F80841DC
:10613000986AC00710D5D3F804010130C3F80401F0
:106140009868091A62F100020120C3F80421C3F81B
:106150000011C3F808411863774BC8221A60A7E7FB
:10616000764B774A03CBC4F801005160A0E7FFF7F4
:106170003DFF6F4AD2F81431DBB2022B59D8D2F866
:106180001431DBB2022B54D8FFF7BEF90B2850D9DB
:10619000A0F10B03DBB263708AE76449402205205B
:1061A00002B0BDE8704011F051BD002301A8019379
:1061B00011F046FD019B002B3FF47AAF604A1D6849
:1061C00058689968DE68C4F8015050609160D660E4
:1061D0001D6958699969DE69D661156150619161DF
:1061E00066E7584A01231370637061E7504BD3F898
:1061F0001431DBB2022B8CBF00230123637057E7FD
:106200004A4A49494023062002B0BDE8704011F0D7
:106210001FBD002301A8019311F00CFD019B002B71
:106220003FF446AF46491A889B788B70A4F801204A
:106230003EE7002363703BE7D1F804310133C1F836
:106240000431D1F80401D1F800218B68D31840F152
:1062500000029B0A012043EA8253086352E73A494D
:106260000A7802F0FF00002A7FF422AF052B374A9C
:10627000374D0CBF4FF000444FF480440123287089
:1062800014600B7014E72A4BD3F81431DBB2022BE5
:106290003FF60EAF2F4B4FF40062C3F88020FEF79D
:1062A00043FF4FF47032FF214FF0004018F0A8FD7B
:1062B0000123A370FCE6284A01231370A370F7E6BC
:1062C000234B1A781B78A270002B3FF4F1AE234BBE
:1062D0001B88A4F80330EBE6D6F80200B2798318E5
:1062E000B3F5703F18D31E491E48053202B0BDE811
:1062F000704018F077BD1AF01BF81B484FF07E6312
:10630000012213F8011B002914BF002202F0010230
:106310008342F6D1A270CBE6144900F1004018F098
:1063200061FDB279DFE700BF780E0020FC0E00208F
:1063300000100840443322117C0F0020F081E00F50
:10634000FD0E0020E1090020F80E0020700E002054
:10635000DC09002000600040F90E0020DE0900206A
:106360007A0E0020FE0E00200008E00F7F0E0020B5
:1063700008B5FFF785FE044B04494022812005F053
:106380000DFB002008BD00BFF5520000FC0E0020F0
:1063900008B5FFF775FE044B04494022822005F042
:1063A000FDFA002008BD00BF11530000FC0E0020C4
:1063B000044BD3F81431DBB2022B01D8FFF7A4B899
:1063C00000207047001008400A4A08B5D2F814317E
:1063D000DBB2022B0BD8D2F81431DBB2022B06D879
:1063E000FFF792F80B2802D90B38C0B208BD002085
:1063F00008BD00BF0010084030B5012187B000245F
:106400001448154D03F038FA144B01932046ADF8AB
:10641000084002F07FFF2146034611488DF80730FF
:1064200002F01AFF01A9034628468DF8083002F051
:1064300065FE05220823284603A9CDE903448DF80B
:1064400014408DF80D208DF8103002F08FFE07B04B
:1064500030BD00BF00020500002000400300001F07
:10646000801A060008B5044802F014FFBDE8084091
:106470000248002103F000BA00200040000205009D
:10648000134A012310B453609368DB07FCD4114C0A
:10649000536AD4F8B010C1F30741FF2916D0D4F8DD
:1064A000BC0042F21072C3EB105302FB03F30A4824
:1064B0001F3380FB0320C218D817C0EB62104FF4C3
:1064C0007A7303FB01005DF8044B70470348FAE759
:1064D000002000400081E00F832008826079FEFFE9
:1064E0000C4B0D4AD3F81431D2F8982C7AB1DBB2A8
:1064F000012B0A4BD3F8203104D9012B14BF022001
:1065000000207047012B14BF00200220704701209B
:10651000704700BF0010084000000C4200100C4201
:10652000044A054BD2F80801C01AB0FA80F04009BD
:10653000704700BF001008404433221110B4890294
:10654000164C174A01F5FA73A4FB03139B099468D0
:1065500000214FF4806CE0FB0C311C1B61F100004A
:10656000C2F804010F48C2F80041C2F80801946A59
:10657000E40710D5D2F804410134C2F8044194680C
:106580001B1B61F100010124C2F80411C2F80031A3
:10659000C2F8080114635DF8044B7047D34D6210D4
:1065A0000010084044332211244A10B4D2F80441A8
:1065B000D2F8003192689A184FF0000343EB030CB5
:1065C00064449B1818B19A0A42EA8452026049B1A5
:1065D000C3F309034FF47A7202FB03F303F500736C
:1065E0009B0A0B60154A936ADB0723D5D2F8043166
:1065F0000133C2F80431D2F80441D2F80031926874
:106600009A184FF0000343EB030C64449B1818B135
:106610009A0A42EA8452026049B1C3F309034FF473
:106620007A7202FB03F303F500739B0A0B60034BC2
:1066300001221A635DF8044B704700BF0010084048
:1066400000B970471B4B10B5D3F814313C28DBB2AE
:1066500028BF3C20022B82B04FEAC03423D9164811
:10666000032103F0C3FA1548012103F005F9144B87
:10667000D3F8AC30ADF804301A0C214600208DF868
:10668000062004F0C9FC0F480F4AC3694FF080414F
:1066900043F00203C361C2F8801101A8116004F045
:1066A000C7FC02B010BD01221146104603F02CFCBD
:1066B000D5E700BF0010084002001A006016100065
:1066C000C00702000000084000E100E0054B9A6AA4
:1066D000D20706D5D3F8042101210A44C3F80421C6
:1066E000196370470010084010B58EB000230DF1FB
:1066F00007010DF106008DF806308DF8073010F017
:10670000AFFF2649D1F80401D1F800218C688B6ACB
:1067100013F001032FD1121943EB03019B18084416
:106720009B0A43EA80539DF907209DF90610C2EBAE
:1067300002124FF46160920000FB0122134405A98C
:10674000002202A8CDE9023218F064FADDE906035E
:10675000089C05990A9ADB0243EA044343EA401382
:10676000099843EA5103D03A43EA4263013043EACD
:1067700040500EB010BDD1F8043101242344C1F8BB
:106780000431D1F80401D1F800218B680C63D318CF
:1067900040F100029B0A43EA8253C4E7001008401C
:1067A000042203461146022004F0BCB900B50422BD
:1067B00083B0034611460220019304F0B3F9019B14
:1067C00004220521022003B05DF804EB04F0AAB90D
:1067D0002DE9F04F002383B002220B21052004F0A5
:1067E000A1F95D4BD3F81431DBB2022B40F2668283
:1067F0005A485B4D5B4FDFF88C81574C5A4E032152
:1068000003F0F4F95948012103F036F8584BD3F856
:10681000AC30ADF804301A0C4FF4A02100208DF8F4
:10682000062004F0F9FB5348534AC3694FF08041F6
:1068300043F00203C361C2F8801101A8116004F0A3
:10684000F7FB4E4804F04CFE00232B604C4AD4F872
:106850001431D2F8982C32B1DBB2012BD6F82031AA
:1068600033D9012B33D16420FEF7EAFD04F0B4FDE7
:1068700005F05EF804F01EFE3E4A374BD3F8144193
:10688000D36923F00203D3613B4B4FF08042C3F83E
:10689000802004F0DBFBE4B23448002102F0ECFF7E
:1068A000022C40F2058200231A460B21052004F039
:1068B00039F93B78002B40F0DE8198F80030002B4E
:1068C00040F0028203B0BDE8F08F012BCBD13B78C2
:1068D000002BC8D198F80030002BC4D1D6F82C3A40
:1068E00033B12B68002B00F0BF810120FEF7A8FD1B
:1068F0002B6813B12B68013B2B60DFF88C9099F863
:106900000030002B42D1A36A13F0010316D0D4F853
:1069100004314FF0010C6344C4F804310422002315
:1069200005210220C4F830C004F0FCF804F0E2FFB6
:1069300000288BD0012004F017F887E704220521F6
:10694000022004F0EFF804F0D5FF00283FF47EAFFA
:10695000012004F009F879E70010084002001A004D
:106960007C0F0020E109002000100C42601610008E
:10697000C00702000000084000E100E06C0A0200CD
:1069800000000C42F90E0020F80E0020B34AB44B70
:10699000106800221A8000F5703E41F2210C90F838
:1069A00000B0B3F800A01FFA8AF2520092B21BF0B6
:1069B000800F18BF0132CAF3C03A5FFA8BF118BFDB
:1069C00092B2BAF1000F01D082EA0C021A80B3F839
:1069D00000A01FFA8AF2520092B211F0400F18BFC5
:1069E0000132CAF3C03A18BF92B2BAF1000F01D017
:1069F00082EA0C021A80B3F800A01FFA8AF2520051
:106A000092B211F0200F18BF0132CAF3C03A18BF7A
:106A100092B2BAF1000F01D082EA0C021A80B3F8E8
:106A200000A01FFA8AF2520092B211F0100F18BFA4
:106A30000132CAF3C03A18BF92B2BAF1000F01D0C6
:106A400082EA0C021A80B3F800A01FFA8AF2520000
:106A500092B211F0080F18BF0132CAF3C03A18BF42
:106A600092B2BAF1000F01D082EA0C021A80B3F898
:106A700000A01FFA8AF2520092B211F0040F18BF60
:106A80000132CAF3C03A18BF92B2BAF1000F01D076
:106A900082EA0C021A80B3F800A01FFA8AF25200B0
:106AA00092B211F0020F18BF0132CAF3C03A18BFF8
:106AB00092B2BAF1000F01D082EA0C021A80B3F848
:106AC00000A01FFA8AF2520092B2C90748BF0132F1
:106AD000CAF3C03A48BF92B2BAF1000F01D082EABD
:106AE0000C02013086451A807FF459AF198889B2AB
:106AF0004A0092B2C90B1CBF82F4815282F001029B
:106B00001A80198889B24A0092B2C90B1CBF82F45C
:106B1000815282F001021A80198889B24A0092B229
:106B2000C90B1CBF82F4815282F001021A801988BD
:106B300089B24A0092B2C90B1CBF82F4815282F022
:106B400001021A80198889B24A0092B2C90B1CBF8F
:106B500082F4815282F001021A80198889B24A00B7
:106B600092B2C90B1CBF82F4815282F001021A80DA
:106B7000198889B24A0092B2C90B1CBF82F48152B3
:106B800082F001021A80198889B24A0092B2C90BB8
:106B90001CBF82F4815282F001021A80198889B2E6
:106BA0004A0092B2C90B1CBF82F4815282F00102EA
:106BB0001A80198889B24A0092B2C90B1CBF82F4AC
:106BC000815282F001021A80198889B24A0092B279
:106BD000C90B1CBF82F4815282F001021A8019880D
:106BE00089B24A0092B2C90B1CBF82F4815282F072
:106BF00001021A80198889B24A0092B2C90B1CBFDF
:106C000082F4815282F001021A80198889B24A0006
:106C100092B2C90B1CBF82F4815282F001021A8029
:106C2000198889B24A0092B2C90B1CBF82F4815202
:106C300082F001021A80198889B24A0092B2C90B07
:106C400018BF82F48152074918BF82F001021A80EE
:106C500001200023087089F8003054E6700E0020EF
:106C6000DE090020DC090020012304220521022086
:106C700003F058FF39E61748002107F0CBFC16480F
:106C8000D0F8201121F00101C0F8201101230422C5
:106C90000021052003F046FF4FF000000F49086077
:106CA000016881F3088881F3098841688F4604E60A
:106CB00000221146012003F027F9F4E501221146D4
:106CC000104603F021F993E50120FFF76FFD19F05D
:106CD00033FB00BF008008400060004008ED00E08A
:106CE000034604220521022003F01CBF08B5134B04
:106CF000D3F81431DBB2022B1AD8114B4FF4805267
:106D00000128C3F8802015D011F078F8002001F098
:106D10005BFF431EDBB2012B0AD9042808D00949C6
:106D2000094801220AF028FDB0FA80F0400908BDA8
:106D3000002008BD11F0B0F8E6E700BF00100840E1
:106D400000600040D0F80200E4090020014608B5C8
:106D50000B2203480AF044FDB0FA80F0400908BD58
:106D6000200C002038B50B4D0146132228460AF0AE
:106D700037FD08B1002038BD0446D5E90423284674
:106D80000BF08AF908B9012038BD28460BF06AF9E2
:106D9000204638BD200C002008B5024600230348D9
:106DA0000BF07AF9B0FA80F0400908BD200C002001
:106DB00038B5084D0C462B460146224606480AF0D7
:106DC00093FE28B92868001BB0FA80F0400938BD4E
:106DD000002038BDCC090020200C002008B50BF0A5
:106DE000DBFBB0FA80F0400908BD00BF08B50348DE
:106DF0000AF0E0FFB0FA80F0400908BD200C002046
:106E000008B503480BF02EF9B0FA80F0400908BD30
:106E1000200C002008B500210BF0A0FAB0FA80F099
:106E2000400908BD08B50BF0BBFAB0FA80F0400984
:106E300008BD00BF101E2BDD01EB000C4FF06043BE
:106E4000D3F8802ED20701F101011ED5D3F8002E10
:106E5000D2071AD500B51A6811F801EC1AB900BFAB
:106E60001A68002AFBD083F800E061450BD0D3F804
:106E7000802ED20701F10101F7D5D3F8002ED207F9
:106E8000E9D46145F3D15DF804FB6145D8D1704781
:106E9000704700BF07EE902A9FED347AF8EE677ACC
:106EA00010B567EE877A07EE101AB8EE477A2DED27
:106EB000068B87EE879A0446F0EE408AB0EE490AC8
:106EC00013F03EF9DFED2A7AB0EE408A28EEA70AE9
:106ED000F7EE009A20EE090A80EE080A13F07AFA1B
:106EE000F0EE407AB0EE490A28EE278A13F0CAF88D
:106EF00019EE100AF0EE408A16F08CFE41EC100BF1
:106F000013F06EF839EEE8AA53EC102BF6EE007A87
:106F1000B8EE000A38EE299A68EE808A6AEE277A7F
:106F200039EEC88A87EE897A12490020CAEE097ABA
:106F300088EE896AC8EE096AC4ED017A84ED036AB5
:106F4000C4ED046A84ED007A16F004FD0A4B0022B9
:106F500016F0B8FE17F08EF907EE900AC7EE897AA0
:106F6000BDEC068BC4ED027A10BD00BFDB0FC9403B
:106F70001872B13E0000F03F0000E03F00230360C4
:106F8000C36043600361836043617047D1ED007A61
:106F900090ED025A91ED026A90ED014AD1ED036A3B
:106FA000D0ED055AD0ED044AB0EE407A91ED010AD9
:106FB00067EE277A25EE000A24EE066A77EE807ADD
:106FC00065EEA66A91ED040A80ED004A77EE867AB6
:106FD00024EE800A77EEE67AC0ED034A37EEC00A67
:106FE00080ED015AC0ED045A80ED027A80ED050A69
:106FF000704700BF38B56E4BD3F808C0DA68D3F8D5
:1070000000E05B68C1F800E04B60C1F808C0CA60EE
:10701000C1F810C04A612DED0A8B90ED01AA90EDE8
:10702000008ADFED649AF1EE48AA6AEE698A28EEDA
:10703000698A0C4638EE680A38EE889A0546B4EE3E
:10704000490AF1EE10FAF1EE4ABA6BD630EE29BADF
:1070500039EE299A81ED04BA81ED059A7AEEE88A33
:1070600038EE4A8AB7EE001A70EE019AB4EE688ADA
:10707000F1EE10FAC4ED029A84ED039A80F18A8051
:1070800084ED018AC4ED008A95ED02AAD5ED03AA2C
:107090006AEE49BA2AEEC9CA2AEE4B7A6AEECB7A70
:1070A00037EE4C7A77EEAB7AB1EE4AAAF4EE477A35
:1070B000F1EE10FAF1EE6AAA5DD629EE8A0A69EEBF
:1070C000AA0A30EE4C0A70EEAB0A39EE877A77EEF8
:1070D000897AB4EE600AF1EE10FA84ED047AC4ED18
:1070E000057A3DD628EE8A6A28EE2A5A68EE0A6AA0
:1070F00068EEAA5A38EE807A78EE207A36EE450AA3
:1071000076EEA50A84ED027AB4EE600AF1EE10FA8A
:10711000C4ED037A19D6BDEC0A8B84ED000AC4EDE8
:10712000010A38BDF0EE691AB0EE691AF0EE6B0A8A
:10713000B0EE6A0A17F056F930EEA99A30EE29BA85
:1071400084ED059A84ED04BA88E7F0EE481AB0EEB3
:10715000681AF0EE6A0AB0EE4A0A17F043F9DAE765
:10716000F0EE491AB0EE691AF0EE6A0AB0EE4A0A79
:1071700017F038F9B6E7F0EE491AB0EE4B1AF0EE18
:107180006A0AB0EE4A0A17F02DF9B0EE407AF0EE36
:10719000607A92E7DFED071AF0EE6B0AB0EE6A0A4A
:1071A00017F020F9F0EE408AB0EE608A68E700BF81
:1071B0009C0A020000000000284BDFED291A5A68E3
:1071C0004A6010B5D3F800C09A68DB68C1F800C007
:1071D0008A60CB602DED068B90ED019A90ED008AD0
:1071E00069EE618AF1EE489A28EE618A0C4638EE23
:1071F000680A78EE880AB1EE49AAF4EE400AF1EE88
:1072000010FA1BD6DFED161AB7EE001A30EE017A2F
:1072100070EEA17A39EEE80A78EE490A84ED027A36
:10722000F4EE400AF1EE10FAC4ED037A0FD6BDEC8D
:10723000068B84ED000AC4ED010A10BDB0EE611AA0
:10724000F0EE4A0AB0EE690A17F0CCF8DAE7F0EE91
:107250004A0AB0EE690A17F0C5F8E8E79C0A02008E
:107260000000000007EE902AB8EE677A07EE901A49
:10727000F8EE677AF0B587EE270A0646544D554F6B
:10728000554C2DED048B9FED558ADFED558A83B06B
:1072900020EE080A12F08EFFC0EE087A514B9FEDE7
:1072A000527A67EE877AB0EE000A67EEA80AB1EE6E
:1072B000677A37EE801A83ED007A30EE670AF1EED6
:1072C000601AC3ED010A17F0EDF9484B48481A69F6
:1072D0005B6902604360294687ED000AC7ED010A39
:1072E000FFF76AFF21463846FFF766FF94ED009AE4
:1072F00094ED028A95ED020AD5ED030AC9EE086AFB
:1073000030EE280A70EEA80A20EE287A60EEA87AFD
:1073100037EE207A70EE677AF1EE666AF4EE477A1D
:10732000F1EE10FAC6ED016A34D6DFED2D1AD4ED78
:10733000030AD5ED005A95ED016A38EE218A70EE08
:10734000A10A68EE216A20EEA11A76EEA06A38EE54
:10735000411A77EEA57AF4EE416AF1EE10FA37EEB3
:10736000067A22D6D4ED011A39EE011A76EEA11A68
:10737000F0EE470AB0EE670A17F094F912F0A4FF96
:10738000B7EE007AC7EE007AC6ED007A03B0BDEC26
:10739000048BF0BDF0EE681AB7EE001A17F022F871
:1073A000F0EE407AB0EE607ABFE7B7EE001AB0EECA
:1073B000480ACDED017A8DED007A17F013F8DDED76
:1073C000017A9DED007AB0EE401AF0EE606AC9E7EE
:1073D000A80F0020C00F0020800F0020DB0F4940C5
:1073E00000000000980F0020DB0FC9409C0A02003B
:1073F000D00F002070B507EE901A07EE102AF8EEB5
:10740000677AB8EE477A2DED0A8B87EE279A064603
:1074100007EE103AB8EE477ADFEDE78A87EE27BA33
:1074200029EE280A12F0C6FEF0EE409A2BEE280A4A
:1074300012F0C0FE89EEA88AC0EE287A9FEDDF7AAE
:1074400068EE078A27EE878A68EE887AF5EE407A3A
:10745000F1EE10FA00F17081B1EEE70A38EE688AB9
:10746000F6EE007A28EE278ADFEDD50A68EE20BA1C
:10747000B1EE48CAB0EE4C1AF0EE6B1A17F012F9E2
:1074800060EE007A20EEA07A60EE808A77EEC77A0E
:1074900078EEA88AB0EE401AF4EE687AF1EE10FAAF
:1074A000F0EE601A80F1B681F7EE009A79EEE77A95
:1074B00017EE900A16F0AEFBF1EE687A02460B4624
:1074C00017EE900A43EC1A2B16F0A4FBB0EE4A0A12
:1074D000F0EE6A0A41EC110B12F0C2FB51EC100BFA
:1074E00055EC114B16F0C6FE2946034620460CEE1D
:1074F000903A16F0BFFE7CEEA99A08EE900A2CEEA8
:1075000029AA2BEEA87A6BEEA9AA6CEE287A3AEE9D
:1075100047AA7AEEA7AAB4EE6AAAF1EE10FA80F1B1
:107520006A81B7EE001A31EE6C1A28EEEB7A28EE7B
:10753000288A6CEE019A6BEE817A79EEC79A37EE63
:10754000888AA04CF4EE489AF1EE10FA84ED00AA75
:10755000C4ED01AAF1EE688A80F14081F0EE008A64
:1075600038EECA1A3AEE280AF1EE6A1AC4ED029A07
:1075700084ED038AF0EE6A0A17F094F8924D934C6A
:10758000B0EE407AF0EE607A38EEE91AF1EE481A81
:1075900085ED007AC5ED017A39EEA80AF0EE480AC9
:1075A00017F080F88A4B8B481A6802605A6842606C
:1075B0001A695B698260C360C5ED030A85ED020A42
:1075C0008549FFF717FD28462146FFF713FD94ED87
:1075D00004AAD4ED02AAD4ED009ADFED776A89EE11
:1075E0008A7ACAEE8A7A39EE0B9AF1EE677A29EE38
:1075F000269AB1EE477AC6ED027AB0EE490A86EDD8
:10760000017A12F09DFDF0EE408AB0EE490A12F0C8
:1076100039FDDFED6B1A28EEA19A30EE098A68EE8B
:10762000217A37EEC9BA39EE279AB4EE4B9AF1EEC9
:1076300010FA80F1B480684DD5ED047AD5ED051AC5
:107640007BEE277A79EE211A28EE271A68EEA16AD6
:1076500068EEA70A28EE217A31EE661A70EE870AE4
:10766000F4EE410AF1EE10FA80F18E80D5ED027A47
:10767000D5ED031A31EE271A70EEA11A68EE016AF1
:1076800028EEA17A68EE810A68EE217A76EEC76A62
:1076900070EEA70AF4EE660AF1EE10FA6BD6D4ED9E
:1076A000051A95ED006A3AEE0B1A39EE219A61EE51
:1076B000087A69EE285A29EE087A61EE281A77EEE0
:1076C000E57A37EE217A95ED01AAB4EE677AF1EE0C
:1076D00010FA36EE86BA30EE8AAA3FD6D4ED031AF7
:1076E00077EEAA7A37EE217A27EE881A27EE286AF3
:1076F00067EEA80A67EE081A31EE461A70EEA10A84
:10770000F4EE410AF1EE10FA1BD6D4ED011A39EE6F
:10771000811A70EEA11AB0EE4B0AF0EE4A0A16F08A
:10772000C1FF12F0D1FDB7EE007AC7EE007ABDECD2
:107730000A8BC6ED007A70BDB0EE670A12F07AFED1
:107740008CE6B0EE671AF0EE471AF0EE680AB0EE7B
:10775000480A16F047FEB0EE401AD6E7F0EE491A96
:10776000F0EE680AB0EE480A16F03CFEF0EE407A01
:10777000B0EE607AB2E7F0EE680AB0EE480A16F0B2
:1077800031FEF0EE406A8AE7B0EE671AF0EE680A62
:10779000B0EE480A16F026FEB0EE401A66E7B0EEEC
:1077A000611AF0EE680AB0EE480A16F01BFEB0EE61
:1077B00040BAB0EE609A3EE7DB0F4940DB0FC940AC
:1077C00000000000980F0020C00F0020800F002054
:1077D0009C0A0200D00F0020A80F0020F0EE681ACB
:1077E000F0EE6B0AB0EE4C0A16F0FCFDF0EE409A9B
:1077F000B0EE608AB2E601EE900AB0EE691AF0EEE1
:107800006B0AB0EE4C0A16F0EDFDB0EE40AAF0EEB9
:1078100060AA86E616F0E6FDF0EE407AF0EE608AA9
:1078200042E600BF00230360C360436003618360DE
:107830004361704791ED007AD1ED017A90ED016AD4
:10784000D0ED046A80ED006A20EE077A66EEA77A32
:1078500036EE070A80ED017A37EE800AC0ED036A42
:1078600080ED040A704700BF91ED007AD1ED017AF6
:10787000D0ED015A90ED046AD0ED056A836820EEE0
:10788000077A66EE277A91ED020AC0ED005A37EECC
:10789000655A26EE800A77EE857A436037EE800AD5
:1078A00080ED027A80ED036AC0ED046A80ED050A7E
:1078B000704700BF38B56E4BD3F808C0DA68D3F80C
:1078C00000E05B68C1F800E04B60C1F808C0CA6026
:1078D000C1F810C04A612DED0A8B90ED01AA90ED20
:1078E000008ADFED649AF1EE48AA6AEE698A28EE12
:1078F000698A0C4638EE680A38EE889A0546B4EE76
:10790000490AF1EE10FAF1EE4ABA6BD630EE29BA16
:1079100039EE299A81ED04BA81ED059A7AEEE88A6A
:1079200038EE4A8AB7EE001A70EE019AB4EE688A11
:10793000F1EE10FAC4ED029A84ED039A80F18A8088
:1079400084ED018AC4ED008A95ED02AAD5ED03AA63
:107950006AEE49BA2AEEC9CA2AEE4B7A6AEECB7AA7
:1079600037EE4C7A77EEAB7AB1EE4AAAF4EE477A6C
:10797000F1EE10FAF1EE6AAA5DD629EE8A0A69EEF6
:10798000AA0A30EE4C0A70EEAB0A39EE877A77EE2F
:10799000897AB4EE600AF1EE10FA84ED047AC4ED4F
:1079A000057A3DD628EE8A6A28EE2A5A68EE0A6AD7
:1079B00068EEAA5A38EE807A78EE207A36EE450ADA
:1079C00076EEA50A84ED027AB4EE600AF1EE10FAC2
:1079D000C4ED037A19D6BDEC0A8B84ED000AC4ED20
:1079E000010A38BDF0EE691AB0EE691AF0EE6B0AC2
:1079F000B0EE6A0A16F0F6FC30EEA99A30EE29BA1B
:107A000084ED059A84ED04BA88E7F0EE481AB0EEEA
:107A1000681AF0EE6A0AB0EE4A0A16F0E3FCDAE7FA
:107A2000F0EE491AB0EE691AF0EE6A0AB0EE4A0AB0
:107A300016F0D8FCB6E7F0EE491AB0EE4B1AF0EEAD
:107A40006A0AB0EE4A0A16F0CDFCB0EE407AF0EECB
:107A5000607A92E7DFED071AF0EE6B0AB0EE6A0A81
:107A600016F0C0FCF0EE408AB0EE608A68E700BF16
:107A7000B40A020000000000284BDFED291A5A6802
:107A80004A6010B5D3F800C09A68DB68C1F800C03E
:107A90008A60CB602DED068B90ED019A90ED008A07
:107AA00069EE618AF1EE489A28EE618A0C4638EE5A
:107AB000680A78EE880AB1EE49AAF4EE400AF1EEBF
:107AC00010FA1BD6DFED161AB7EE001A30EE017A67
:107AD00070EEA17A39EEE80A78EE490A84ED027A6E
:107AE000F4EE400AF1EE10FAC4ED037A0FD6BDECC5
:107AF000068B84ED000AC4ED010A10BDB0EE611AD8
:107B0000F0EE4A0AB0EE690A16F06CFCDAE7F0EE25
:107B10004A0AB0EE690A16F065FCE8E7B40A02000A
:107B20000000000070B507EE900A2DED0C8BB8EE4A
:107B3000679A07EE902AF8EE677ADFEDD19AD14A7C
:107B4000C7EE898A82B00C460193117028EEA90A0B
:107B500012F030FB012C80EE298A00F0AB81DDEDC4
:107B6000017A9FEDD2AAF8EE677A28EE0A8AC7EE6C
:107B700089AA2AEEA90A12F01DFB80EE299A29EEA5
:107B80000A9A68EE097AF5EE407AF1EE10FA00F101
:107B90006382B1EEE70A39EE488AF6EE007A28EE03
:107BA000278ADFEDC30A68EE20BAB1EE48CAB0EE0C
:107BB0004C1AF0EE6B1A16F075FD60EE007A20EEAE
:107BC000A07A20EE809A77EEC77A39EE099AB0EE65
:107BD000401AB4EE679AF1EE10FAF0EE601A80F1F6
:107BE0003482F7EE009A79EEE77A17EE900A16F0F3
:107BF00011F8F1EE497A02460B4617EE900A43EC73
:107C00001D2B16F007F8B0EE4D0AF0EE6D0A41ECB0
:107C1000110B12F025F851EC100B55EC114B16F02E
:107C200029FB2946034620460CEE903A16F022FB2B
:107C30007CEEA99A09EE100A2CEE29AA2BEE897A7D
:107C40002CEE09BA6BEEA97A3AEE47AA3BEE27BAB8
:107C5000B4EE4ABAF1EE10FA80F1E881B7EE000A0C
:107C600030EE6C0A29EE6B7A29EE088A6CEE009AE7
:107C70006BEE807A79EEC79A38EE278A824CF4EE62
:107C8000489AF1EE10FA84ED00AA84ED01BAB1EE43
:107C9000499A80F1BE81B0EE009A39EE4A1A3AEE66
:107CA000090AF1EE4B1AC4ED029A84ED038AF0EE54
:107CB0004B0A16F0F7FC754D754CB0EE407AF0EEBD
:107CC000607A39EE691AF1EE481A85ED007AC5ED51
:107CD000017A39EE890AF0EE480A16F0E3FC6D4BA2
:107CE0006D481A68596802601A695B69C5ED030A34
:107CF0008260C36085ED020A41606849FFF7DAFDE2
:107D000021462846FFF7D6FD94ED049AD4ED009A5B
:107D100094ED02AADFED5A6A614A624B89EE897AD4
:107D2000CAEE097A78EEAA8AF1EE677A68EEA68A38
:107D3000B1EE477AB0EE680AC3ED007A82ED007AC0
:107D400012F0FEF9B0EE40BAB0EE680A12F09AF9FD
:107D5000DFED571A2BEE218A70EE08AA6AEEA17A9F
:107D600077EEC88A38EE278AB4EE688AF1EE10FA08
:107D700080F14281494DD5ED047AD5ED051A78EEB2
:107D8000A77A78EE211A2AEEA71A6BEE216A6BEE1B
:107D9000270A2AEEA17A31EE661A70EE870AF4EE0F
:107DA000410AF1EE10FA80F11C81D5ED027AD5ED91
:107DB000031A31EE271A70EEA11A2AEE817A6BEEC1
:107DC000216A6BEE010A6AEEA17A37EE667A70EEEE
:107DD000A70AF4EE470AF1EE10FA80F1F980D4ED2B
:107DE000051AD5ED006A39EE289A38EE218A2AEE76
:107DF000891A2BEE086A6AEE887A6BEE091A31EE60
:107E0000461A77EEA17AD5ED018AB4EE671AF1EE43
:107E100010FA77EE26BA70EEA88A80F1CA80D4ED07
:107E2000031A3AEE01AA77EEA17A2AEE8A1A6BEECD
:107E3000276A6BEE0A0A6AEEA71A31EE661A70EE2E
:107E4000A10AF4EE410AF1EE10FA80F1A580D4ED1A
:107E5000011A39EE811A70EEA11AB0EE6B0AF0EE3B
:107E6000680A16F01FFC12F02FFAB7EE007AC7EE80
:107E7000007A0D4BC3ED007A02B0BDEC0C8B70BDE7
:107E8000DB0F4940FC0F0020102000205020002074
:107E9000E40F0020B40A020060200020202000200F
:107EA000402000204420002000100020DB0FC940AB
:107EB000000000001FED030A5FED038A744BDFED45
:107EC000750A754DC3ED010A28EE008AB0EE000A6E
:107ED000F1EE487A38EE001AC3ED007AF0EE681A37
:107EE00030EE480A16F0DEFB6C4B6D481A686D4E9A
:107EF0005B686D4C43600260294686ED000AC6ED62
:107F0000010AFFF7B9FD30462146FFF7B5FD94EDB4
:107F1000009A94ED028AD5ED030A95ED020A634BAF
:107F2000C9EE086A70EEA80AB0EE407A10EEE87A60
:107F300060EE287AF1EE666A77EEE07AC3ED006AC9
:107F4000F4EE477AF1EE10FA80F18B80DFED581AEB
:107F5000D4ED030AD5ED005A95ED016A70EEA10A41
:107F6000B0EE481A10EEE11A68EE216A77EE258A23
:107F700076EEE06A77EE869AF4EE416AF1EE10FA58
:107F80007AD6D4ED011A39EE011A76EEA11AF0EE86
:107F9000690AB0EE680A64E7B0EE4A1AF0EE671AB2
:107FA000F0EE4B0AB0EE6A0A16F01CFAB0EE401A78
:107FB0004DE7B0EE491AF0EE481AF0EE4B0AB0EE7B
:107FC0006A0A16F00FFAB0EE401AF0EE607A26E771
:107FD000F0EE4B0AB0EE6A0A16F004FAB0EE407A00
:107FE000FDE6B0EE671AF0EE4B0AB0EE6A0A16F044
:107FF000F9F9B0EE401AD8E6B0EE611AF0EE4B0A8D
:10800000B0EE6A0A16F0EEF9F0EE408AB0EE608A41
:10801000B0E6F0EE6B1AB0EE4C1AF0EE490A16F02C
:10802000E1F9F0EE409AB0EE608A34E600EE900A94
:10803000F0EE6B1AB0EE4C1AB0EE690A16F0D2F9F7
:10804000B0EE40AAB0EE60BA08E616F0CBF9F0EE5A
:10805000407AB0EE609AC4E5B0EE670A12F0EAF931
:1080600099E5F0EE681ABFEE001A16F0BBF9B0EE13
:10807000407AF0EE607A69E7BFEE001AB0EE480A87
:1080800016F0B0F9B0EE401AF0EE606A79E700BF82
:10809000102000200000008020200020B40A0200F0
:1080A0006020002050200020E40F0020402000200D
:1080B00000000000034BD3ED007A27EE800A83ED29
:1080C000000A7047001000202DE9F04F2DED028BC3
:1080D00089B0012A8446019140F06881A24AD2ED1C
:1080E000004AA24AF5EEC04AF1EE10FA127840F3C7
:1080F0009D80012A9E4A1268B3FBF2F100F08C8247
:1081000093420591C0F05B8313090493994B02934A
:1081100093ED002A984B069393ED004A974BDFEDC1
:10812000988A93ED008A974B0393D3ED002A964BE0
:108130000793D3ED007A954BDFED951A93ED000A86
:10814000944BDFED953AD3ED000A944B944993EDAF
:10815000001A002322F00F0918469B469A46049AFB
:10816000002A00F0D181019B8E4E0BF10044013CAE
:108170000CEB4402B0EE683AB0EE686A03EB4404DC
:1081800000251FE0FDEEE76AB0EE677ACDED006AEC
:10819000BDF90030F7EC016A2EF8023F21EE066AC5
:1081A00026EE877A904537EE067A37EE456A40F03C
:1081B0009E811035A94506F1400604F1200400F027
:1081C000A7804246B0EE627AF0EE426AB0EE435AC1
:1081D000F0EE672AB0EE442AB0EE463AA64637469D
:1081E00002F1200832F9023F60EE075A07EE103A1A
:1081F000B8EEC77A60EEA77A27EE084A47F6FF7313
:1082000074EE666AB0EE617A76EEA56A76EEA77ACB
:10821000F4EEE17AF1EE10FABCDCF4EEE37AF1EE82
:1082200010FAAFD5B0EE637A0B46B3E7012A00F03F
:1082300072811B0900F0C1821E015B4B4D4A1B88F5
:108240004D49D2ED005A029203EE903A4B4B019AFF
:1082500093ED002A4B4B039393ED005A4A4B07933F
:10826000D3ED007A494BD1ED006AD3ED002A494B9A
:108270009FED476ADFED481A93ED003A484C0691AE
:1082800000F11E0CF8EEE33A0020951E0746B0EE12
:10829000657AACF12003294614E0FDEEE74AB0EE22
:1082A000E77ACDED004ABDF9002021F8022FF4EE67
:1082B000473AF1EE10FA98BF01209C45B0EE657A7E
:1082C00000F0838133F9022FF0EE665A06EE902A11
:1082D000F8EEE66A22EE854A66EE826A63EE274A87
:1082E00036EEC77AB0EE675A77EE047A47F6FF7239
:1082F00074EEA77AB0EE467AF4EEC67AF1EE10FA92
:10830000D3DCF4EEE17AF1EE10FAC6D52246CCE7E2
:1083100026EE067A63EE036ACB4477EE266A0123E3
:1083200021EE067A059A27EE037A0AF1010A36EE63
:10833000C77AF4EE474AF1EE10FA48BF01209245A1
:10834000FFF40DAF5BB1029B83ED002A039BC3EDED
:10835000002A069B83ED004A079BC3ED007A09B013
:10836000BDEC028BBDE8F08F08100020FC0F002050
:108370000C100020382000203C200020001000209D
:1083800000000000482000204C2000204020002059
:1083900000FEFF464420002000FEFFC6041000201F
:1083A0000180FFFF10100020E00F0020002B00F0E4
:1083B0000482B549069191ED004A0199DFEDB35A67
:1083C0009FEDB32ADFF8F8E2DFF8E8928D1EB1499D
:1083D000098804EE901AB04991ED003AAF4907912F
:1083E00091ED005AAE49D1ED003AAE49D1ED002AE7
:1083F000AD490291D1ED006AAC4903914FF00008FC
:10840000C2EBC276F8EEE44A91ED006A00EB420C52
:1084100076005700404644469FEDA57A06EB0C01D6
:108420004AB131F902AB07EE90AAF8EEE77A8C4533
:1084300037EE277AF5D19EF8001023EE077A01294E
:1084400026EE236A77EE667A3CD137EE866AF0EE46
:10845000476AF0EE467AF4EEE57AF1EE10FA2CDC9B
:10846000F4EEC27AF1EE10FA3DD4BDEEE77AF0EE0A
:10847000E77A17EE101A09B2F4EE674AF1EE10FA35
:10848000144498BF0120A34225F8021FBC44C3D85E
:10849000029BC3ED006A039B83ED006AB8F1000FF5
:1084A0003FF45DAF069B83ED004A079B83ED005AC6
:1084B00009B0BDEC028BBDE8F08FF0EE657A47F6AF
:1084C000FF71D9E765EE226A77EE867A4FF00108F0
:1084D00077EEA67AB0EE456AF0EE446AB0EE675ADF
:1084E000B0EE474AB7E7F0EE657A4946C4E7B0EE2A
:1084F000627AF0EE426AB0EE435AF0EE672AB0EECE
:10850000442AB0EE463A6DE6F0EE686AB0EE683A9C
:10851000B0EE686A04E71B0900F04F81624A0292DC
:108520001C015C4BDFED595A1B88DFED593A614D58
:108530001146594AD1ED007A92ED004A5B4A039206
:1085400005EE103A564B92ED007A019AD3ED004AAF
:1085500000F11E0CB8EEC55A0020971E0646ACF17D
:108560002003394611E0FDEEC76AB0EEC76ACDEDD3
:10857000006ABDF9002021F8022FB4EE465AF1EE50
:1085800010FA98BF0120634538D033F9022FF0EE7E
:10859000676A07EE902AF8EEE77A27EE247A67EE0C
:1085A000847AB0EE656A77EEE66A47F6FF7236EED9
:1085B000877AB4EEE57AF1EE10FADCDCB4EEE37A19
:1085C000F1EE10FACFD52A46D5E71037BE420CF1AE
:1085D000200C05F120057FF45AAE029BC3ED005A32
:1085E000039B83ED005A069BC3ED006A079BC3ED16
:1085F000007A09B0BDEC028BBDE8F08F1036A642C0
:1086000003F1200C07F12007A9D1029BC3ED007AEA
:10861000039B83ED007AA2E693420491C0F0CF80E1
:1086200013090593204B0293D3ED005A1A4B9FED8B
:10863000201AD3ED001A1D4B0393D3ED007A184B8B
:10864000DFED123A93ED002A1B4B9FED117AD3ED2B
:10865000002A1849002322F00F099A469B469846A3
:10866000059A002A00F0A280019B14480AF10046F6
:10867000013E0CEB4602B0EE414AF0EE416A03EBDC
:10868000460600273BE000BF3C20002000FEFF46DE
:1086900000FEFFC6E00F0020001000204C2000204C
:1086A00040200020442000203820002048200020C6
:1086B000000000000180FFFF0410002010100020C7
:1086C000FC0F0020BDEEE75AB0EE676A8DED005A50
:1086D000BDF90030B4EC015A25F8023F62EEA66AFB
:1086E00025EE066A724576EE866A76EEC36A30D16A
:1086F00010374F4500F1400006F1200630D0B0EEB3
:10870000443AB0EE655AB0EE664A3546044602F188
:10871000200E32F9023F05EE903AF8EEE55A62EE8D
:10872000277A65EEA15AB0EE636A35EEC55A47F670
:10873000FF7377EE857AF4EEE37AF1EE10FAC9DC96
:10874000F4EEC77AF1EE10FABCD5B0EE476A0B46EC
:10875000C0E7B0EE443AB0EE655AB0EE664AD8E7EC
:1087600026EEA66A24EE045ACA4436EE056A0123B0
:1087700062EEA66A049A66EE846A0BF1010B76EE4D
:10878000666AF4EE664AF1EE10FA48BF4FF001084F
:108790009345FFF465AF4046002B3FF4E0AD029BEC
:1087A000C3ED005A039BC3ED007AD8E5B0EE416AF1
:1087B000B0EE414AF0EE416ADAE71846CFE5002014
:1087C000CDE500BFA44BF0B51C68B1FBF4F68C42BC
:1087D00000F23781A14AA24BD2ED007AD3ED004AD4
:1087E0009FEDA05A4FF0000E2509F44624F00F0427
:1087F000002D00F0288100EB4C039B4AA444F0EECE
:10880000456AB0EE457A00EB4C01B3F9007092ED89
:10881000006AD2ED013A05EE907AF8EEE55AB3F926
:10882000027027EE274A65EE865A06EE107A75EE3C
:10883000845AB8EEC66A75EEE66AB3F9047027EE9C
:10884000A64A26EE236A05EE907A36EE046AD2ED49
:10885000023AB3F9067036EE477AF8EEE55A27EE9B
:10886000874A65EEA35A06EE107A75EE845AD2ED69
:10887000033AB3F9087075EEE65AB8EEC66A27EE09
:10888000A54A26EE236A06EE907A36EE046AD2ED09
:10889000043AB3F90A7036EE476AF8EEE66A27EE54
:1088A000864A66EEA36A07EE107A76EE846AD2ED07
:1088B000053AB3F90C7076EEE55AB8EEC77A27EEB2
:1088C000A54A27EE237A06EE907A37EE047AD2EDA7
:1088D000063AB3F90E7037EE466AF8EEE66A27EE0E
:1088E000864A66EEA36A07EE107A76EE846AD2EDC7
:1088F000073AB3F9107076EEE56AB8EEC77A27EE5C
:10890000A64A27EE237A05EE907A37EE047AD2ED66
:10891000083AB3F9127037EE467AF8EEE55A27EEC8
:10892000874A65EEA35A06EE107A75EE845AD2EDA8
:10893000093AB3F9147075EEE66AB8EEC66A27EE26
:10894000A64A26EE236A05EE907A36EE046AD2ED48
:108950000A3AB3F9167036EE477AF8EEE55A27EE82
:10896000874A65EEA35A06EE107A75EE845AD2ED68
:108970000B3AB3F9187075EEE65AB8EEC66A27EEF0
:10898000A54A26EE236A06EE907A36EE046AD2ED08
:108990000C3AB3F91A7036EE476AF8EEE66A27EE3B
:1089A000864A66EEA36A07EE107A76EE846AD2ED06
:1089B0000D3AB3F91C7076EEE55AB8EEC77A27EE99
:1089C000A54A27EE237A06EE907A37EE047AD2EDA6
:1089D0000E3AB3F91E7037EE466AF8EEE66A27EEF5
:1089E000864A66EEA36A07EE107A76EE846AB8EEDF
:1089F000C77A92ED0F4A76EEE56A27EE047A67EEC3
:108A0000A65A203337EE257A994237EE467A02F19C
:108A100040027FF4FAAE27EE076A66EEA65A36EEFB
:108A2000256A27EE277A27EE267A36EE477AF4EE85
:108A3000C74AF1EE10FA0DD40EF1010E76453FF65D
:108A4000D7AE0020F0BDB0EE456AF0EE456AB0EE5C
:108A5000457AE6E70120F0BD0C100020041000204C
:108A600008100020000000001010002042088A4278
:108A700028BF0A4600230121FFF754B84FEA500CE3
:108A8000614528BF61469445634628BF1346994215
:108A90000BD30B4A0B490C4BDFF830C0C2F800C0B7
:108AA0000020012208601A707047944503D90A46D5
:108AB0000021FFF737B80A4600230121FFF732B83B
:108AC0004020002000100020FC0F0020000080BF8C
:108AD000014B1880704700BFE00F0020F8B52F4B06
:108AE0002F4F2DED088B9FED2F8A18600AEE101A7C
:108AF00009EE902AF0EE40AA30B3431E08EE903AF9
:108B0000294DDFED2ABA9FED2ABA9FED2A9AF8EE99
:108B1000688A0646002407EE904AF8EEE77A0134A8
:108B200067EEAB7A87EEA80A11F0ACFAA64260EEC7
:108B30000B7A79EE677A38EE278AE5EC017AEAD18A
:108B4000DFED1D7A28EE278ADFED1C7AF4EEE7AA26
:108B5000F1EE10FA1FDA28EE088A28EE2A8A88EE4B
:108B6000277A67EE2AAA8AEEA77ADFED107A87EDD8
:108B7000007AF8EE699AB8EE4A0A69EEA79A89EE89
:108B8000800A11F07FFABDEC088B0D4B30EE000A25
:108B900083ED000AF8BD9FED0B7AE6E70C1000208C
:108BA000081000200000000010100020DB0FC9405A
:108BB0001F85EB3E713D0A3F00FE7F460000C84224
:108BC00004100020FFFF7F7F38BBF0B54C4D2878A4
:108BD000830783B001D503B0F0BD0FF0B3F90FF0F8
:108BE00077FB0A24FF200FF05DF9611E11F0FF04EE
:108BF000F8D1214620460FF0C3FA012806460ED0D0
:108C0000404B00221A600FF05BF90FF0A1F92878B1
:108C100040F00100287003B0F0BD012070474FF410
:108C20007A700FF085FB4FF4D57108200FF0A8FA89
:108C300001283AD101AF02AE3C46FF200FF032F9D5
:108C400004F8010BA642F8D19DF80630012BD7D1CC
:108C50009DF80730AA2BD3D102E00FF091FA38B17A
:108C60000FF072FB03464FF08041A920002BF4D097
:108C70000FF06AFB01460028C2D13A200FF080FABB
:108C80000028BDD1FF200FF00DF907F8010BB74206
:108C9000F8D19DF8043013F0400F1A4B14BF0C228A
:108CA00004221A600FF00CF921E02146A9200FF0F0
:108CB00067FA022836BF02240124A92602E00FF039
:108CC0005FFA28B10FF040FB014630460029F6D08C
:108CD0000FF03AFB002893D14FF4007110200FF0F1
:108CE0004FFA00288CD1074B1C600FF0E9F82B7865
:108CF00023F001032B700FF0FBFA287803B0F0BDCE
:108D0000500000207020002010B9024B18787047E6
:108D1000012070475000002038B550BB1C4643B3BB
:108D20001E4B1B78D80727D41D4B1B681B0758BF49
:108D30005202012C0D46114621D012200FF020FACC
:108D400038B101240FF0BCF8204638BD14F0FF0400
:108D50000AD028464FF400710FF03AF9013C05F5AE
:108D600000750028F2D1012400210C200FF008FA30
:108D7000E8E70424204638BD0324204638BD1120EE
:108D80000FF0FEF90028DDD14FF4007128460FF0F6
:108D90001FF9B0FA80F46409D4E700BF5000002046
:108DA0007020002030B583B0002834D11C46002B41
:108DB00031D0294B1B78DD0731D4580733D4274BEA
:108DC0001B680D46190758BF5202012C36D013F00C
:108DD000060F2CD1114619200FF0D2F940B1012411
:108DE0000FF06EF8204603B030BD13F0FF0408D03A
:108DF0002846FC210FF04CF905F50075631E00288C
:108E0000F3D1FD2100200FF043F90028E7D0003C0A
:108E100018BF0124E4E70424204603B030BD032436
:108E2000204603B030BD0224204603B030BD2146A9
:108E3000972001920FF0A4F9019ACBE71146182070
:108E40000FF09EF90028CAD1FE2128460FF020F924
:108E5000B0FA80F46409C3E75000002070200020BD
:108E600070B586B090B9824B187810F0010440F0CC
:108E7000B98015460E290DD8DFE801F0121B4E52BD
:108E80000C0C0C0C750C787C8A91A20004242046F2
:108E900006B070BD04240FF013F8204606B070BD74
:108EA00001910FF01FF80199002840F0C1800124C2
:108EB000F1E7002109200FF063F904460028F6D1FC
:108EC000102102A80FF084F80028F0D09DF8083097
:108ED0009B09012B00F0B2809DF80F309DF80E1019
:108EE0009DF810009DF80D209B00890203EB901364
:108EF00001F440610B449DF811109DF8120002F03E
:108F00000F02490001F0060102EBD0120A440133BE
:108F1000073A93402B60BEE74FF400732B80BAE70B
:108F2000544E316811F0040160D000218D200FF003
:108F300027F90028BBD1FF200EF0B4FF102102A8B2
:108F40000FF046F80028B2D03024FF200EF0AAFF20
:108F5000601E10F0FF04F8D19DF8122010231209B2
:108F600093402B6097E701221A7094E7414B1B68EE
:108F70002B7090E7002109200FF002F9002896D10C
:108F8000102128460FF024F8B0FA80F4640982E733
:108F900000210A200FF0F4F8002888D1F0E7002122
:108FA0003A200FF0EDF80446002880D16E1E0335FC
:108FB000FF200EF077FF06F8010FAE42F8D16AE706
:108FC00000218D200FF0DCF800287FF470AFFF2027
:108FD0000EF068FF402128460FF05AF8B0FA80F4EE
:108FE000640958E70324204606B070BD09200FF03D
:108FF000C7F8044600287FF45AAF102102A80EF0EB
:10900000E7FF00283FF453AF33689B0720D59DF856
:1090100012309DF813109DF815205B0003F07E03BD
:1090200003EBD11392090133013A93402B6032E7ED
:1090300001910EF045FF01990C462CE79DF8102098
:109040009DF8113003EB022301339B022B6022E7D2
:109050009DF813109DF81230CA0002F01802C3F3F5
:10906000840302EB5112013302FB03332B6012E73E
:109070005000002070200020036823F001030360EB
:10908000704700BF036843F001030360704700BFEF
:10909000436842EA011123F0F70319434160704726
:1090A00000F1424202F58012520110B44B7A91F85D
:1090B00000C0002414600C7A1B0443EA44434C684B
:1090C00043EA04638C7A43EA0423CC7A43EA041328
:1090D0000C7B43EA84034C78A40744EACC74234312
:1090E0000C6991F80DC0097D0360240244EA0C4428
:1090F00044605DF8044B1160704700BF70B50C7997
:1091000005460E46164824BB00F018FC154B164CBD
:109110001844A4FB0024E40D984288BF04F1FF34F6
:10912000E4B20A236B607378327871791B0143EAE9
:109130000263B2781343F2781204240202F4FE02AE
:10914000134304F4FE44234309B143F008032B60A6
:1091500070BD00F0F3FB024800F0F0FBE1E700BF58
:10916000408104003F5DC600A5E830A5384B0222CF
:109170004260984210B5426B91F802C01ED04B7805
:109180000A781B0543EA02730A7943EA0223CA7884
:1091900043EA02138A790AB143F08073CA790AB1AB
:1091A00043F004034A790AB143F002030A7A0AB190
:1091B00043F0010343EA0C43C36010BD22F4FE42B6
:1091C00022F07F02BCF1060F0BD8DFE80CF0342749
:1091D0001B0D0A0A04001F4BD3F8BC3103F07F03B8
:1091E0001A431B4B5A63CAE71A4CD4F8B831D4F867
:1091F000B8411B0C03F4FE43C4F3064E43EA0E03CE
:109200001A43EEE7134CD4F8B831D4F8B84103F45C
:10921000FE4304F07F0423431A43E2E70D4CD4F8E5
:10922000B431D4F8B4411B0C03F4FE43C4F3064438
:1092300023431A43D5E7074CD4F8B431D4F8B441EA
:1092400003F4FE4304F07F0423431A43C9E700BF3D
:10925000002000400080E00FB0F5FA4F10B50B4C35
:1092600038BF4FF4FA40844228BF044649B1601E1B
:109270000144A142B1FBF4F028BF00F1FF30C0B2BD
:1092800010BD034800F05AFB0146F0E7405DC60000
:109290004081040000230A214FF4F8124160C360AA
:1092A00003610260194A436110B440F2477140F211
:1092B000033404629042C163436B03D0436B5DF897
:1092C000044B7047124923F4FE42D1F8B431D1F86F
:1092D000B44103F4FE4304F07F04234322F07F02F1
:1092E00013434363436BD1F8B421D1F8B4115DF853
:1092F000044B02F4FE4201F07F0123F0FE430A43D7
:1093000023F4FE0343EA0243436370470020004016
:109310000080E00F08B570B10A4A0B4B904228BF9D
:10932000104600F5742000F23F20A3FB0030800CB3
:109330000138C0B208BD054800F000FB0028EBD1A1
:1093400008BD00BF0048E80183DE1B4340810400E4
:10935000836810B40478B3FA83F3C3F11F0C1CB113
:10936000194B0122C3F8002718498B6BDA0706D482
:109370000B6813F4405F02D0CA6BD307FCD4134AC6
:10938000837C5360C168838843EA4113417841F08C
:1093900008010B43817843EA8103417C43EA0113CE
:1093A000017C43EA813343EA0C234FF0FF31116320
:1093B00013602CB1044B12680021D960C3F8001768
:1093C0005DF8044B704700BF0000024300100840E6
:1093D000064A936BD80706D4136813F4405F02D093
:1093E000D36B9B07FCD4014BD96070470010084039
:1093F00008B500F00F03013B062B07D8DFE803F0A8
:10940000245C780606043800494B1B68494B984297
:109410000FD0494B98420AD1454B9B6AC3F3810355
:10942000013B022B7FD8DFE803F0361F400000200D
:1094300008BD3F4B9B6A03F00303013B022B69D835
:10944000DFE803F029123300394BDB6A03F4705371
:10945000B3F5805F23D0B3F5005FD7D1354B984289
:10946000E7D0354B9842D7D0BDE8084010F0F2BBAA
:109470002F4BDB6A03F46033B3F5803FEED0B3F5D6
:10948000003F0CD0B3F5004FC0D02A4B9842D0D04B
:10949000294B9842C0D0BDE8084010F0D3BB254B03
:1094A0009842C6D0244B9842B6D010F0DFFA234B36
:1094B0009B6F0133D84008BD1D4A936A03F0030334
:1094C000013B022B22D81B4A1D499042C95CB0D0F7
:1094D000194B9842A0D001390229A8D801A353F80A
:1094E00021F000BF9794000069940000AB94000045
:1094F0000F4A936A03F00C03082BAFD00C2B85D0D6
:10950000042BCCD0936ADB02BFD57FE7936ADA03E2
:10951000BBD57BE7064A906A1023D84088D0BDE8C7
:10952000084010F093BB024A1423906AF5E700BF8D
:1095300000800C4002001A0003001C000000904351
:10954000CC0A020070B5C0F303156B1E0C46062B47
:109550000FD8DFE803F02A0E0E043F520F00A34B92
:109560009A68B1FA81F1C1F11F0422F00F01214381
:10957000996070BD9E4B984200F0F98003F504336A
:109580009842F6D1994A536DD90702D4136D5B0600
:10959000FCD496490A6FB4FA84F3C3F11F0322F096
:1095A000300242EA03130B6770BD10F0CFFA914B03
:1095B00041F67132DE6BDA635A6812F0060F04F17D
:1095C000FF3102F0070337D18B4B984240F2E58020
:1095D00004203EE010F0BAFA864B41F67132DE6BA1
:1095E000DA635B6813F0060F03F00702824B65D164
:1095F000984240F2DA8004226BE0804B984200F0FF
:10960000228103F5AF13984200F00B817C4B984206
:10961000AFD1764A536DDE0702D4136D5D07FCD4DB
:10962000724A936EB4FA84F1C1F11F0123F0F00382
:1096300043EA0113936670BD042BC5D06E4B98426C
:1096400000F2A9806F4A704B02449A422CBF02205C
:109650000320684D6A6822F0070202436A600EB177
:109660000023EB636148026822F4E03242EA813170
:10967000016010F0FBF95F4B41F67132DC6BDA638D
:109680005B6813F0060F03F007025B4B40F0A1800C
:10969000984200F2C4805B4B5B4A034493422CBF68
:1096A0000022012253494B6823F0070313434B6008
:1096B000002C3FF45EAF0023CB6370BD042A97D02B
:1096C000984266D84F4B504A034493422CBF022223
:1096D000032248494B6823F0070313434B600EB144
:1096E0000023CB6310F036FA484BB0FBF4F09842FD
:1096F00040F29280464B0122984294BF4FF4807012
:109700004FF40070434B394E9A67726822F48072AE
:1097100010437060B4FA84F1C1F11F04716821F044
:109720000F012143716010F0A1F9324B41F6713203
:10973000D96BDA635B6813F0060F03F007022E4B58
:109740003BD1984200F292802E4D2F4B05449D4212
:109750002CBF00250125274A536823F007031D432A
:10976000556000293FF405AF0023D36370BD1F4A45
:10977000536DDD0702D4136D5806FCD41B4A136FDA
:10978000B4FA84F1C1F11F0123F003030B43136703
:1097900070BD2A469DE705205BE71A4A1A4B024432
:1097A0009A422CBF0020012053E7164B164A03446F
:1097B00093422CBF002201228BE7042AC1D0984299
:1097C000C9D8104D104B05449D422CBF02250325DE
:1097D000C1E7042A3FF45CAF984249D8094B0A4AD2
:1097E000034493422CBF022203225BE700800C401B
:1097F0007007160000000C400048E80160261400C5
:1098000060161000FFDB0BFF0024F40000366E0131
:10981000006CDC02000090430020024672E7042244
:1098200040E7144A536DDB0702D4136D5E07FCD486
:10983000104A936EB4FA84F1C1F11F0123F00303BF
:109840000B43936670BD0B4A536DD80702D4136D5A
:109850005907FCD4074A936EB4FA84F1C1F11F0191
:1098600023F4706343EA0123936670BD042572E715
:10987000052217E700800C4038B5C0F30323013BF5
:1098800004460D46092B0CD8DFE803F00C10140B2E
:109890000B2D3B0B0B051F4AC0F304341444A400EA
:1098A000256038BD1C4AC0F30434F7E71B4AC0F3F7
:1098B0000434F3E710F0DAF8194B984227D9194B22
:1098C0000122984294BF4FF480704FF40070164B01
:1098D00016499A674B68164A23F480731843C4F3F9
:1098E00004344860DAE7134AC0F304344FF0010C43
:1098F0000E48436DDB07D1D4036D13EA0C0FFBD187
:10990000CCE70D4AC0F304344FF0100CF0E7002010
:109910000246DCE7C003E4104000E4102002E4103B
:1099200000366E01006CDC020000904300800C40A9
:109930000002E410C002E4100003E41000F4781008
:10994000B0F5A01F08B550D01DD9B0F5E01F55D017
:109950000ED9B0F5081F56D0B0F5281F60D1664863
:10996000FFF746FD654B9B6E03F00303D84008BD2F
:10997000B0F5C01F56D0B0F5D01F17D1BDE80840D4
:109980005D48FFF735BDB0F5402F54D01AD9B0F57A
:10999000602F67D0B0F5801F42D15748FFF728FDF0
:1099A000564B9B6EC3F30313D84008BDB0F5B01FF0
:1099B00036D15348FFF71CFD504B1B6F03F00303D8
:1099C000D84008BDB0F5003F72D0B0F5802F07D168
:1099D00010F0C0F8494B9B6803F00F03D84008BD56
:1099E000F0B9BDE8084010F0B5B84348FFF700FDF6
:1099F000424B9B6EC3F30323D84008BDBDE808402B
:109A00003F48FFF7F5BC3D4BDB6A03F46033B3F529
:109A1000803F62D0B3F5003F50D0B3F5004FE0D0A7
:109A2000002008BD3648FFF7E3FC344B1B6FC3F33F
:109A30000113D84008BD314B186810F08050D0D1C8
:109A40005B6903F4E063B3F5407F4AD03CD8B3F5DB
:109A5000807F37D0B3F5007F12D02A4A002B08BF91
:109A6000104608BD254B5B6903F4E063B3F5407F06
:109A700037D00FD8B3F5807F24D0B3F5007F12D153
:109A8000214B2248D3F8FC20214BB2F1985F28BF2C
:109A9000184608BDB3F5C06F0ED0B3F5E06F1D4892
:109AA00018BF002008BD002B164818BF002008BDB5
:109AB000BDE808400FF0DABF174808BDBDE8084010
:109AC00010F0C0B8154808BDB3F5C06FF4D0114A06
:109AD000B3F5E06F08BF104608BDBDE8084010F0C0
:109AE000B9B8094B0E48D3F8FC200E4BB2F1985F81
:109AF00028BF184608BD00BF02001A0000800C40B5
:109B000003001C00809FD5000081E00FC0CF6A00D9
:109B100040B56400406F4001003FAB01C0D8A700D2
:109B200040420F00804F120000F00F00013806285D
:109B300015D8DFE800F01626301414410400294B34
:109B4000DB6A03F46033B3F5803F3FD0B3F5003FE9
:109B50003AD0B3F5004F14BF012009207047002010
:109B60007047204BDB6A03F47053B3F5805F2BD052
:109B7000B3F5005F2AD0B3F5006F14BF05200420B1
:109B80007047184A936A03F00303013B022B1FD866
:109B9000154AD05C7047134A936A03F00C03082BF4
:109BA00014D00C2B1BD0042B0ED0936A13F4801FFF
:109BB0000CBF01200A2070470A4B1B6813F0805F1E
:109BC0000CBF072009207047032070470220704710
:109BD000936A13F4803F0CBF01200A2070470620CF
:109BE000704700BF00800C40CC0A020070B500F046
:109BF0000F04631E062B0BD8DFE803F0260B0B0ABD
:109C00000A2F040003294FD0092946D0022934D055
:109C100070BD01390929FBD801A353F821F000BF19
:109C2000819E0000039E0000319E0000119C0000F8
:109C3000119C0000499E0000119C0000119C000036
:109C4000119C0000899E000002390329E0D8DFE85A
:109C500011F09E003A00B500A900072907D0092994
:109C6000D6D19D4A136843F08053136070BD9A4A61
:109C7000136823F08053136070BD974B974A4FF4DD
:109C800080711962D2F8A435002BFBD0924A402390
:109C90005362D36AD803FCD570BD8F4A2023536228
:109CA000D36A1B04FCD570BD8B4B8C4A40211962D2
:109CB000D2F89C35002BFBD0874A60235362D36ACD
:109CC0009903FCD570BD864A4023032582490B6267
:109CD0001368002BFCD00FF039FF824B41F6713234
:109CE000DE6BDA635B6813F0060F03F007027E4B4E
:109CF00052D198427BD87D4B7D4A034493422CBF7E
:109D00000022012277494B6823F0070313434B607D
:109D10000EB10023CB63704B5D620FF0A7FE754B55
:109D2000984240F2C480744B984294BF4FF48070C4
:109D30004FF40070694B684A9C67536823F4807342
:109D4000184350600FF092FE664B41F67132DC6BA7
:109D5000DA635B6813F0060F03F00702624B40F012
:109D60009980984200F2B080604B614A034493426C
:109D70002CBF002201225B494B6823F007031343E9
:109D80004B60002C3FF444AF0023CB6370BD5B4AB3
:109D90004FF48073042599E7042AAAD0984228D961
:109DA0000522AFE74D4B4C4901229A674B68544A54
:109DB00043F480734B602546234687E7474B464D67
:109DC00001229A676B6843F480736B600FF02AFF7F
:109DD000454B4C4A98422B6896BF23F0600343F0F2
:109DE000600343F020032B60042302256EE7042266
:109DF00088E73E4B3E4A034493422CBF0222032293
:109E000080E7354B354A4FF480711962D2F8A4359A
:109E1000002BFBD0082100230222022C4AD02E4A1C
:109E2000936A23F4801323F00C030B43936270BDF9
:109E3000294B2A4A40211962D2F89C35002BFBD0CD
:109E4000042100230122E8E70FF010FE294B98427D
:109E50003ED9294B0122984294BF4FF480734FF4AE
:109E600000731E481C4982674A6822F480721343BB
:109E700001224B60C0F810280C2100230322CCE7FC
:109E800000210B460A46C8E74FF480114FF4803397
:109E90000022C2E7042A3FF464AF984216D8134B5D
:109EA000134A034493422CBF0222032263E7002497
:109EB00020463FE708491A438B6A23F4803323F096
:109EC000030313438B6270BD042254E7052252E75B
:109ED00000231A46C5E700BF00800C4000009043F5
:109EE0009C05904300000C400048E801FFDB0BFF9D
:109EF0000024F40000366E01006CDC02A4059043DF
:109F0000840590438C059043042819D891B10D49DC
:109F10000D4B51F8201010B40C4C196254F820006D
:109F20002AB10B4A024492001368002BFCD05DF862
:109F3000044B7047074A044B52F820201A627047BE
:109F4000704700BFE40A020000800C40D00A020003
:109F50006001E410F80A020072B6704762B67047FA
:109F6000EFF3108072B6704700B962B6704700BF59
:109F70002DE9F84F1C4FDFF874A03B68F968DAF858
:109F8000382003EA010808EA02044FF0020928EA2F
:109F90000208FCB100250126E30706FA05F215D5F3
:109FA000DAF80830BA6003EB0513DB6873B1197A8D
:109FB000D3F800B081F00102003918BF0121284612
:109FC0001A72BBF1000F01D05A68D847640805F136
:109FD0000105E1D1B9F1010F03D04FF00109444669
:109FE000D7E7BDE8F88F00BF00300C4000200C40E0
:109FF0002DE9F0473C4E089DB468D6F80C80099FC7
:10A0000004EB0014DDE90A96E4684FEA001E08EB51
:10A01000001C1CB14FF0000A84F808A0B9F1000F31
:10A020000CD0DCF80840C4F38164032C1BBF06FA93
:10A0300004F44C444EF808904EF808405FB1DCF848
:10A040000840A40F032C1BBF06FA04F4E419CCF853
:10A050000470CCF8044001248440234800293FD0F8
:10A060008461214F3C63DCF8080020F47F5020F02D
:10A07000370040EA061040F00300CCF80800BF6843
:10A0800007EB0E00C6681EB14FF0010C86F808C041
:10A0900053B18668C6F3816CBCF1030F1CBF05FA8F
:10A0A0000CFC634447F80E3042B183689B0F032BCE
:10A0B0001BBF05FA03F39B18426043600A4B89B14A
:10A0C0009C61094A5463836823F47F5323F0370368
:10A0D00043EA051343F0030383609462BDE8F0870D
:10A0E000C461BEE7DC61ECE700200C40134A9368D2
:10A0F00003EB001330B48C68DC600B78A3B1012350
:10A100008340936300F588620C4C4D6844F82250FC
:10A110004A786AB10A4A024404F580549200012147
:10A12000A36030BC1160704701238340D363E9E72B
:10A13000034B03449B0030BC1A60704700200C4066
:10A140006080E11010B50E4BB9B1996892F802C069
:10A150001379147892F801E001EB0010D1788A03AA
:10A1600042EA83424FEA0C7343EA847343EA8E6304
:10A1700043EA0C631343836010BDD968E6E700BF70
:10A1800000200C40F8B5012104461E481E4D1F4F0B
:10A19000FFF772FB1E496668002240F6FF7301203C
:10A1A000C5F880004A60CB614B62CB624B63CB63E6
:10A1B00001F58053C864DA609F60C3F80021C3F8DA
:10A1C0000421C3F80821C3F80C21C3F81021C3F8F7
:10A1D0001421C3F81821C3F81C21C3F82021C3F8A7
:10A1E0002421C3F82821C3F82C214FF00042C5F8E0
:10A1F00080012860DA608E6023785B0103434B6046
:10A20000F8BD00BF0003020000E100E0FF0F008086
:10A2100000200C4070B59DF81840049E059D002C50
:10A2200014BF4FF0010C4FF0030C49B31849896873
:10A2300001EB00114EB18C68C4F38164032C1BBF89
:10A2400005FA04F4A4190E600C604BB18C684FEA57
:10A25000947EBEF1030F1CBF05FA0EFE73444B60E3
:10A2600001240B4B04FA00F07AB198618A6822F459
:10A270007F524CEA051322F0370213438B6070BD06
:10A280000349C96801EB0011D4E7D861EEE700BFCC
:10A2900000200C4030B41749174D01F580530022BF
:10A2A00040F6FF700124C5F880404A60C8614862EA
:10A2B000C8624863C86300F10040CC64DA6030BC17
:10A2C0009860C3F80021C3F80421C3F80821C3F83B
:10A2D0000C21C3F81021C3F81421C3F81821C3F8C6
:10A2E0001C21C3F82021C3F82421C3F82821C3F876
:10A2F0002C21704700200C4000E100E02DE9F047E0
:10A30000C44BC5681C68477844F08041002D00F0BC
:10A310001F830023DFF81893DFF80083DFF8F8E2EB
:10A32000DFF810A31A4605F00206002E05F0040C13
:10A330001CBF4B46022205F00806BCF1000F1CBFF3
:10A3400043460422002E18BF73464FEA431C0CF10B
:10A35000844C18BF0822EE060CF1100C00F1DB82D1
:10A360009543CCF80070DED1C56890F80290002DBE
:10A3700000F0EE820023DFF8B882DFF8A0E2A64FFB
:10A38000DFF8B0A21A4605F00206002E05F0040C14
:10A390001CBF4346022205F00806BCF1000F1CBF9B
:10A3A00073460422002E18BF3B464FEA431C0CF1B3
:10A3B000844C18BF0822EE060CF10C0C00F1A282AE
:10A3C0009543CCF80090DED1C56890F80390002D3D
:10A3D00000F0BE820023DFF85882DFF840E28E4FA3
:10A3E000DFF850A21A4605F00206002E05F0040C14
:10A3F0001CBF4346022205F00806BCF1000F1CBF3B
:10A4000073460422002E18BF3B464FEA431C0CF152
:10A41000844C18BF0822EE060CF1080C00F169828A
:10A420009543CCF80090DED1C56890F80490002DDB
:10A4300000F08E820023DFF8F881DFF8E0E1764F4C
:10A44000DFF8F0A11A4605F00206002E05F0040C14
:10A450001CBF4346022205F00806BCF1000F1CBFDA
:10A4600073460422002E18BF3B464FEA431C0CF1F2
:10A47000844C18BF0822EE060CF1040C00F1308267
:10A480009543CCF80090DED1C56890F80590002D7A
:10A4900000F05E820023DFF89881DFF880E15E4FF4
:10A4A000DFF890A11A4605F00206002E05F0040C14
:10A4B0001CBF4346022205F00806BCF1000F1CBF7A
:10A4C00073460422002E18BF3B4603F1424C0CF5A4
:10A4D000801C18BF0822EE064FEA4C1C00F1F781E1
:10A4E0009543CCF80090DED1C56890F80680002D29
:10A4F00000F02E820023DFF838E1484F464EDFF8A7
:10A5000034911A4605F0020CBCF1000F05F0040A64
:10A510001CBF7346022205F0080CBAF1000F1CBFE5
:10A520003B460422BCF1000F18BF33464FEA431CE0
:10A530000CF1844C18BF082215F0100F0CF1140C0C
:10A5400040F0BC819543CCF80080DBD1C56815F0A4
:10A55000020216D0324B017823401943437A41EA74
:10A560000341837A41EA4341C37941EA0361037AB3
:10A5700041EA033190F84C3041F08041002B40F02B
:10A58000DF8115F0040615D0437A04789B0443EA72
:10A590008403847A43EAC443C47943EA4463214C84
:10A5A0000C40017A43EA413190F84C302143002BB2
:10A5B00040F0C38115F0080415D0437A07781B05D5
:10A5C00043EA0713877A43EA4753C77943EA876325
:10A5D000154F0F40017A43EA813190F84C303943EE
:10A5E000002B40F0A78115F0100529D0437A077899
:10A5F0009B0543EA8713877A43EAC753C77943EA3F
:10A60000C7630A4F0F40017A43EAC13190F84C30DA
:10A6100012E000BF008000403480004024800040F1
:10A62000FCEEFCFEF3DDF3FDCFBBCFFB3F773FF746
:10A6300010800040000010423943002B40F0778129
:10A64000836A476A1B0443EA0723076A3B4352B104
:10A65000DFF80CC3DCF8087027F0031727F47C57E9
:10A660001F43CCF8087056B1DFF8F4C2DCF81C7058
:10A6700027F0031727F47C571F43CCF81C7054B104
:10A68000DFF8DCC2DCF82C7027F0031727F47C57C6
:10A690001F43CCF82C7055B1DFF8C4C2DCF83C7015
:10A6A00027F0031727F47C573B43CCF83C3090F855
:10A6B0002CC090F82D7090F82E3032B1A74AC2F815
:10A6C00078C1C2F87471C2F8703136B1A34AC2F8C9
:10A6D000F8C3C2F8F473C2F8F03334B19F4AC2F839
:10A6E000F8C5C2F8F475C2F8F03535B19B4AC2F826
:10A6F000F8C7C2F8F477C2F8F037D0E90D531A045E
:10A70000C368046B42EA052213F0020642EA04021F
:10A7100007D0934DEC6824F0031424F47C541443C4
:10A72000EC6013F0040507D08D4F3C6A24F003144D
:10A7300024F47C5414433C6213F008070AD0DFF879
:10A7400020C2DCF8304024F0031424F47C54144379
:10A75000CCF8304013F010030AD0DFF804C2DCF864
:10A76000404024F0031424F47C542243CCF84020CD
:10A7700090F83C4090F83D2026B1784EC6F8F44160
:10A78000C6F8F02125B1754DC5F87444C5F870249C
:10A7900027B1724DC5F87446C5F8702623B16F4BCA
:10A7A000C3F87448C3F87028D0E90524C36813F0CF
:10A7B000020642EA042207D0694D6C6824F4407412
:10A7C00024F0030414436C6013F0040507D0644FB5
:10A7D000BC6924F4407424F003041443BC6113F0F6
:10A7E00008070AD0DFF878C1DCF8284024F4407468
:10A7F00024F003041443CCF8284013F010030AD0CB
:10A80000DFF85CC1DCF8384024F4407424F0030421
:10A810002243CCF83820027F16B1504CC4F8F02007
:10A8200015B14E4CC4F8702317B14C4CC4F87025C8
:10A8300013B14A4BC3F87027494B19600378022BB8
:10A8400072D8002B7FD1454B0022C3F89422444B91
:10A85000046C5A6922F4403222435A615A69446CAA
:10A8600022F4F80222435A615A69846C22F0E042D1
:10A87000224311F0706F5A6103D0384BC279C3F88C
:10A880009C22364A0121C2F880120369980748BF0A
:10A89000C2F88412590703D5304A0121C2F8881240
:10A8A0001A0703D52D4A0121C2F88C12DB0603D505
:10A8B0002A4B0122C3F89022BDE8F08735F010053D
:10A8C000C9F894883FF442AE264B10221AE635F0C0
:10A8D0001005CAF880983FF407AE224B1022E2E53B
:10A8E00035F01005CAF884983FF4CEAD1D4B102208
:10A8F000A9E535F01005CAF888983FF495AD194BD5
:10A90000102270E535F01005CAF88C983FF45CAD64
:10A91000144B102237E535F01005CAF890783FF453
:10A9200023AD104B1022FEE4032B8CD08FE741F4B3
:10A93000006185E641F4806155E641F4007139E635
:10A9400041F480711DE6054B0122C3F894227EE795
:10A9500000252E462A462C4645E600BF0000104240
:10A96000008000404480004070B50446002855D166
:10A970002F4A3049136943F004031361D1F8E030E2
:10A98000D1F8E820D1F8EC101B0203F47C53C1F39A
:10A9900003110B4302F0F0021343B3F5807F0AD199
:10A9A000254A264E11680E40C2F88060556825F091
:10A9B0004605C2F8845030BFB3F5807F22D0ECB199
:10A9C0001F4B204DD3F8844045F60E02C3F8842077
:10A9D000286840F2551202401A621B4B197805296B
:10A9E00004F0010413D1C30702D4154B02221A62EA
:10A9F0001CB1134B0022C3F8842070BDBDE8704029
:10AA00000FF034B803F1E0231E605D60D7E711203A
:10AA1000FFF7ECF82868C307EAD4E6E7084A094BD1
:10AA2000D26A1A601120FFF77FF8074B18709FE772
:10AA300000ED00E000FF0FE000E100E09CF1FD0010
:10AA400000800C4000230020042300200A4B1A68D9
:10AA5000196822F00C0242F0080241F00C014AF69B
:10AA6000E85098601A6019601A6019601A601960DD
:10AA70001A6019601A60704700600C4090F804C0BA
:10AA80008378094943EA0C03CA6A90F800C0C07889
:10AA900022F4803243EA0C4322F00F0243EA4003DF
:10AAA0001343CB62704700BF00600C4070B5072AAB
:10AAB0009DF810509DF81440184E1DD8D6F800117E
:10AAC0004FEA820E4FF0070C0CFA0EFC00FA0EF063
:10AAD00021EA0C010843C6F8000111490F4811444E
:10AAE00089000B60012303FA02F2C1F88050C0F81C
:10AAF0001C21C1F8004170BDA2F1080CD6F8041168
:10AB00004FEA8C0C4FF0070E00FA0CF00EFA0CFC1A
:10AB100021EA0C010843C6F80401DEE700600040AA
:10AB20004008831070B572B100EBC004A400012589
:10AB300004F180448D4004F5C0441BB125614FEA07
:10AB4000C00C02E065614FEAC00C0CEB000E4FEA4E
:10AB50008E0E0EF1804E07290EF5C04E1AD8DEF883
:10AB600004408D000F26AE4024EA060402FA05F5E3
:10AB70002C43CEF8044062B984444FEA8C0C0CF1AB
:10AB8000804CB3B101230CF5C04C03FA01F1CCF8B1
:10AB9000101070BDA1F10804DEF80850A4000F26C3
:10ABA000A64025EA060502FA04F42C43CEF8084034
:10ABB000E1E701230CF5C04C03FA01F1CCF81410C5
:10ABC00070BD00BF10B5194C41F67133E363A36843
:10ABD00023F00103A3604FF46020FEF7AFFE144B97
:10ABE000144998420FD900EB8003226D00EB430318
:10ABF000A1FB03139B0D22F48032013322F03F02AC
:10AC00001343236510BDC0EBC003226DC0EBC3032B
:10AC1000A1FB03139B0D22F48032013322F03F028B
:10AC2000134343F48033236510BD00BF00000C4084
:10AC3000804F12006BCA5F6B38B51446036B5269C4
:10AC4000054600295FD1217E23F04F0313430029DD
:10AC500048D194F820202B63002A4AD1EB6A626A1B
:10AC600023F03F031343EB62D4E9011322690B4342
:10AC7000A189134322780B4313436178E27E0B438F
:10AC80000AB143F08063227F0AB143F40053627F2C
:10AC90000AB143F48053EB65AB68A27F607EA17E6E
:10ACA000E47F43F00103AB60002A6A6D14BF4FF4E8
:10ACB00080030023002822F0401214BF4FF480507C
:10ACC0000020002922F4405214BF4FF4005100210B
:10ACD0000CB142F04002134303430B4343F0010322
:10ACE0006B6538BD94F8202043F040032B63002AA5
:10ACF000B4D005F12C0000F0B5F9EB6A23F03F0366
:10AD00001843E862B0E70129217E5BD023F49E431B
:10AD100043EA0223002944D194F820202B63002A1F
:10AD200046D1AB6D626A23F03F031343AB65D4E9B0
:10AD3000011322690B43A189134322780B43134368
:10AD40006178E27E0B430AB143F08063227F0AB14F
:10AD500043F40053627F0AB143F48053A27F607EC4
:10AD60006B66A17EE47F002A6A6D14BF4FF080738A
:10AD70000023002822F0012214BF4FF4803000206D
:10AD8000002922F4403214BF4FF4003100210CB1ED
:10AD900042F48072134303430B4343F004036B6597
:10ADA00038BD94F8202043F480432B63002AB8D0A8
:10ADB00005F1580000F056F9AB6D23F03F0318433E
:10ADC000A865B4E723F04F03134309B143F04003F0
:10ADD00094F820202B63002A44D1EB6A626A23F4A2
:10ADE0007C5343EA0223EB62D4E9011322690B434B
:10ADF000A189134322780B4313436178E27E0B430E
:10AE00000AB143F08063227F0AB143F40053627FAA
:10AE10000AB143F480532B66EB68A27F607EA17E6B
:10AE2000E47F43F00103EB60002A6A6D14BF4FF426
:10AE300000030023002822F0801214BF4FF480404A
:10AE40000020002922F4404214BF4FF400410021A9
:10AE50000CB142F08002134303430B4343F002035F
:10AE60006B6538BD05F12C0000F0FCF8EB6A23F4AB
:10AE70007C53EB62B8E700BF02F0070210B41A433C
:10AE8000044C01F47C1104300A4344F820205DF89E
:10AE9000044B704700C00C4090FAA0F0B0FA80F06C
:10AEA00000F1875000F5A02000394FEA800018BF5C
:10AEB00001210160704700BF0D4B0E4901229A60CD
:10AEC0008B6813400DD00C4810B400234AF6E854A8
:10AED0008C60C0F880245DF8044BC0F880348B602F
:10AEE00070470549C1F88024C1F88034704700BF1D
:10AEF00000A00C4000600C4000008C43454B5B6898
:10AF0000980703F0010202D513F0810F61D01046BB
:10AF1000590704D513F0910F08BF40F0040019073A
:10AF200002D50AB940F00800D90603D5990708BF31
:10AF300040F01000990605D54EF6DF710B4208BFB0
:10AF400040F02000590605D54EF69F710B4208BF10
:10AF500040F04000190605D540F219710B4208BFB8
:10AF600040F08000D90505D540F219610B4208BFB9
:10AF700040F48070990505D540F21F410B4208BF8F
:10AF800040F40070590505D540F21F210B4208BF5F
:10AF900040F48060190513D5F2B9D90440F400607B
:10AFA00034D5990440F480501AD5590440F4005027
:10AFB0001FD51A0440F4804027D540F40040704764
:10AFC000D9040BD5002AECD0990409D5590410D521
:10AFD000704742F002009BE7D904F5D499040FD4DE
:10AFE000590406D5002AF3D11A0440F48040E4D471
:10AFF0000BE01B04ECD5002AEAD140F40040704776
:10B00000002AD2D05904E3D4F3E770479904E7D576
:10B01000CBE700BF00A00C4020B1012801D1024BBA
:10B0200019607047014BFBE70C000840080008401E
:10B03000427803780AB143F0020382780AB143F000
:10B040000403014A1360704700000840044B0022CB
:10B050001A621A609A60DA60DA619A61704700BF1A
:10B0600000000840084B094904E0904208D008332A
:10B070008B4203D01A68B2F1FF3FF6D1002070472F
:10B080005B680360012070470080E00FB081E00F33
:10B090000A7810B40AB90223436000234362CB78D4
:10B0A0008C781B0443EA04630C7A23438C7943EACB
:10B0B0008423CC7943EA04234C780CB143F0400359
:10B0C0004C7A0CB143F080038C7A0CB143F020032E
:10B0D000CC7A0CB143F010030C790CB143F400535B
:10B0E0004C790CB143F08053097B09B143F008035C
:10B0F00003600AB1012343605DF8044B704700BF51
:10B1000010B4537814781B0643EA8463947923437C
:10B11000947843EA0443D47843EA0433147943EA45
:10B120008423547943EA0423D4790CB143F4001303
:10B13000147A0CB143F48013547A0CB143F0100329
:10B14000927A0AB143F00403033109015DF8044B1C
:10B15000435070470023022140F27372416010B4E3
:10B1600003604FF6FF74C3604CF6806182610F226A
:10B170000362C46143625DF8044B03634363C363CA
:10B1800003644364C36403654365C365C0F8881002
:10B19000036743678367C367C0F88420704700BFB5
:10B1A00038B50546144631B101396400B1FBF4F1FC
:10B1B0000902696138BD0248FEF7C0FB0146F3E7AA
:10B1C00040810400CB435B0003F00A03C360C1600D
:10B1D000704700BFF8B5304A044640F6AA60E06008
:10B1E000002341F205000D46944241F6F9712360B7
:10B1F0006060A3606361E364A164636549D0274A2A
:10B20000A365944202D0264B9C4201D10023E36502
:10B21000AB7C1BB1236843F080432360EB7C1BB104
:10B220002B7D43F01003A3656A7B298AEB8968684C
:10B23000AF680A431A4362602E7B18B3402E26D0B3
:10B240001AD8EEB1202E08BF082312D103FB07F154
:10B25000236823F06003236023681E4326604A08A6
:10B26000104E02EB8003B3FBF1F3043B06EA8313B9
:10B2700063612B78E360F8BD602EFAD10423E5E723
:10B280001023E3E70848FEF759FB402ED8D10623E8
:10B29000DCE72365A365BBE700C0004000C40040B5
:10B2A00000C80040C0FF1F004081040070B5294A5B
:10B2B000044640F6AA60E060002341F205000D4616
:10B2C000944241F6F97123606060A3606361E364B6
:10B2D000A16463653AD0204AA365944202D01F4B13
:10B2E0009C4201D10023E365A97B2A8A236842F0AE
:10B2F0000102002943EA020314BF4FF480610021D8
:10B300000B432A7D236023680AB143F00053AA7CD3
:10B3100023601AB1EB7C43F01003A3652B7B6868B4
:10B32000AE6843F48053636060B16B7B0138760094
:10B33000B0FBF6F0000260610BB11023E3602B78E4
:10B34000E36070BD0648FEF7F9FAEEE72365A365F2
:10B35000CAE700BF00C0004000C4004000C8004071
:10B3600040810400114A002341F2050110B440F667
:10B37000AA64C46090420360416041F6F971836041
:10B380004361C364816443650BD0094A836590427D
:10B3900002D0084B984201D10023C3655DF8044BED
:10B3A000704703655DF8044B8365704700C000403B
:10B3B00000C4004000C8004003691B06FCD5C069FA
:10B3C000C0B2704703695A06FCD5416303699B0606
:10B3D000FCD5C069C0B2704710B5FEF7C1FD044688
:10B3E0006FF0050002F042FF2046BDE81040FEF776
:10B3F000BBBD00BFF8B52A4EC3B2346803F00F03DB
:10B40000E21801064CBF92F8FC2092F80C215AB3C6
:10B4100002EB820204EBC2043434A3783BB3FEF7A0
:10B420009FFD94F820500746BDB123782046C3B94C
:10B4300002F014FB656A002384F8203065B132689D
:10B440006362126A174902F0FF128A4212D0D4E9ED
:10B4500004216FF00500A8473846FEF785FD00205F
:10B46000F8BD02F091FAE5E70BB93434D5E76FF097
:10B470000300F8BD227862B1A2780B495201535003
:10B48000E1890A4AD2F81C3823EA0103C2F81C38C1
:10B49000DDE7A37806495B015A50E3891904F0E718
:10B4A0005400002004000500000910400000104076
:10B4B000000B104000B583B0FEF752FD019002F082
:10B4C00055FA019803B05DF804EBFEF74DBD00BFDF
:10B4D000024B1B6893F82000704700BF5400002007
:10B4E0002DE9F04F054685B01120FEF71DFB04281D
:10B4F00003D004211120FEF779FB01210846002228
:10B50000FEF702FD02F0ACFF964B4FF490721C4622
:10B510001868002113F074FCD5E900322468039206
:10B520001146221D2260AA68A1626362E2622A7B40
:10B53000A2770721002284F82220218469692163EF
:10B540000121627784F83420E263C4F83620A4F83D
:10B550004210DB79A4F84030202B00F0EC80402B27
:10B5600008BFC4F81C2140F0E1800022C4E9112288
:10B57000039884F854209B082365D5F810A0A26591
:10B5800047889AF80010074401FB03F5B84203FB13
:10B5900001130195009380F0C98091464FF0010E90
:10B5A000034602929446154605E0042900F0A48063
:10B5B00013449F4252D91A78002A00F0B780597874
:10B5C0000529F2D10CF1010C93F9028098780CEB6B
:10B5D0008C0204EBC2024FEAD87182F8370082F87D
:10B5E000341000F00F0001218140D56382F836004D
:10B5F000A2F84210D97801F0030182F83810998836
:10B60000A2F84010C2E9115582F8545095651AF815
:10B610000C6089B20AEB0C0B002E00F08780B8F1A9
:10B62000000F74DA82F839E09BF80060033189106A
:10B6300006FB01F11165019A0A440192029A013256
:10B64000029222180EF1010E06285FFA8EFE82F891
:10B65000FCC06BD81A7813449F42ACD8039B009E61
:10B660001A79E37F9A4206F119065FD1BCF1040F03
:10B670005CD1029B062B59D8B9F1060F56D8FEF7BC
:10B680006FFC394A394C136C43F00C0313640921E5
:10B6900005463748FEF7AAFAA368019923F001038B
:10B6A0003046A36001F096FF3249002856D14FF48E
:10B6B000C053A061A361A36843F00103A3602E4BB4
:10B6C0002022C3F880211A60496811F0010135D1A8
:10B6D000244B1B6893F820001A6B83F8220083F830
:10B6E000201053680BB100B198472846FEF73CFC88
:10B6F000002005B0BDE8F08FD97800297FF458AF5D
:10B70000E17F9A788A4211D10132E277A2E70331D0
:10B71000891001FB06661665009A324400922218D1
:10B72000062809F1010982F80CC193D96FF00300D2
:10B7300005B0BDE8F08FC4F81C1116E7094B1B6873
:10B74000022193F820001A6B83F8220083F820105E
:10B750005368002BC9D08842C6D1C6E72846FEF7F9
:10B7600003FCE3E75400002000800C400000104080
:10B770000723220000400C4000E100E02DE9F041E9
:10B78000DFF86C811546D8F80040C2B202F00F0213
:10B790001F46A3180E4601064CBF93F8FC1093F801
:10B7A0000C1100295CD001EB810104EBC10434349D
:10B7B000B5F5002F75DAA38995FBF3F3B3F5806F28
:10B7C0006FDAB3076DD1FEF7CBFB94F800C0A37816
:10B7D000BCF1000F3DD1434A59018A5812F4002FA1
:10B7E00003D0C2F34052002A72D194F82020002ADC
:10B7F00064D1002B37D0D8F8003093F82030052BD7
:10B8000061D16261A6602561BCF1000F65D10223A0
:10B81000676284F82030002D47D1A5894FF40023BA
:10B82000304F01EB070C2B43DCF8102002F0604294
:10B830001343CCF81030A561CCF81460CB5923F039
:10B840003C4343F00443CB51FEF78EFB0020BDE8A0
:10B85000F081254A59018A5812F4002FC1D1C4E75A
:10B86000FAB93434A4E7A189204A25616361D8F884
:10B8700000502370022384F820306762A66041F4F0
:10B880000021C2F8146BD5F81C41C2F8101BD2F885
:10B89000003B23F03C43234343F00443C2F8003B06
:10B8A000D2E76FF00300BDE8F0816B1EA5892B4441
:10B8B000B3FBF5F303FB05F5DB04B1E7FEF754FB3F
:10B8C0006FF00100C3E7FEF74FFB6FF00800BEE723
:10B8D000FEF74AFB6FF00400B9E7FEF745FB6FF097
:10B8E0000300B4E7000B10400009104000001040B6
:10B8F00054000020014B1878704700BF3824002006
:10B900000A4B1B68062893F82020196B08BF83F8A0
:10B91000212083F8222083F820004B6823B1824243
:10B9200002D0014610461847704700BF540000205F
:10B9300010B582B0FEF714FB019002F017F80198E1
:10B94000114CFEF711FB114B11482022C3F8802047
:10B950008368104A23F0010383600021236851614A
:10B96000916193F820001A6B83F8220083F820106D
:10B9700053680BB100B19847074A136C23F00C03CE
:10B98000136402B010BD00BF5400002000E100E0CD
:10B990000000104000400C4000800C402DE9F041B8
:10B9A000DFF870811546D8F80040C2B202F00F02ED
:10B9B0001F46A3180E4601064CBF93F8FC1093F8DF
:10B9C0000C1100295ED001EB810104EBC104343479
:10B9D000B5F5002F7FDAA38995FBF3F3B3F5806FFC
:10B9E00079DAB30777D1FEF7BBFA2178A37800297B
:10B9F0003FD1454A4FEA431C5CF8022012F4002F65
:10BA000003D0C2F34052002A78D194F82020002AB3
:10BA100065D1002B39D0D8F8003093F82030052BB1
:10BA200062D16261A6602561002962D0012367624C
:10BA300084F82030002D4BD0A2896B1E1344B3FB39
:10BA4000F2F3DB0431490CEB0104226902F00042FD
:10BA500015431D43256166615CF8013023F03C43CA
:10BA600043F004434CF80130FEF77EFA0020BDE8B5
:10BA7000F081264A4FEA431C5CF8022012F4002FA2
:10BA8000BFD1C2E73ABB3434A2E7636101236762E6
:10BA9000A6602561237084F8203005B96370A289FF
:10BAA000D8F80030954228BF1546194A45F40025BC
:10BAB000C2F81469D3F81C11C2F81059D2F8003931
:10BAC00023F03C430B4343F00443C2F80039CBE777
:10BAD0004FF40023B6E76FF00300BDE8F081FEF7F6
:10BAE00043FA6FF00100C2E7FEF73EFA6FF008007C
:10BAF000BDE7FEF739FA6FF00300B8E7FEF734FA56
:10BB00006FF00400B3E700BF000B104000091040C5
:10BB10000000104054000020036B9B6870B505685E
:10BB200004461BB128469847C61C28D12B7813F031
:10BB3000600F22D16B780B2B1FD8DFE813F0D200F7
:10BB400013011E0056011E00B1010C001E00D90198
:10BB5000FB017B0221002068037803F09F03802B08
:10BB60000BD143881A0A022ADBB200F0DB83032AD6
:10BB700000F0A083012A00F08B834FF0FF3070BDEE
:10BB80002368E27F99889142F7D2DA88002AF4D1BB
:10BB90005A88002AF1D194F82020052AEDD11B788B
:10BBA00003F01F03012BE8D1B64B1B6893F85C2010
:10BBB00093F85E00002A40F05F82B34DB3F86A202C
:10BBC000400112044459260400F1FE83AF4921408C
:10BBD000B3F86840214393F8604041EA844141F062
:10BBE000C05141F400414151A949D1F81C08024318
:10BBF000C1F81C2893F8842093F88600002A00F0EE
:10BC0000CD83A44DB3F8922040014459210400F1A2
:10BC1000C083A1492140B3F89040214393F8884064
:10BC200041EA844193F8894041EA845141F0C0518E
:10BC300041F4004141519649D1F81C080243C1F832
:10BC40001C2893F8AC2093F8AE00002A00F08B83F8
:10BC5000904DB3F8BA2040014459210400F1CF833C
:10BC60008D492140B3F8B840214393F8B04041EAF0
:10BC7000844193F8B14041EA845141F0C05141F40C
:10BC8000004141518249D1F81C080243C1F81C28E7
:10BC900093F8D42093F8D600002A00F09A837D4DC3
:10BCA000B3F8E21040014259160400F157837A4C70
:10BCB0001440B3F8E020224393F8D84093F8D930E9
:10BCC00042EA844242EA835242F0C05242F40042C5
:10BCD00042516F4AD2F81C380B430020C2F81C387E
:10BCE00070BD22685388002B7FF447AFD1888BB298
:10BCF000022B7FF442AF92F90030002BBFF63DAF2C
:10BD0000137803F01F03012B00F01283022B00F0C5
:10BD1000DA82002B7FF431AF928893B2002B7FF44C
:10BD20002CAF94F82030043B012B3FF626AF5B4D3F
:10BD3000637F2A80002B00F0C58429800322236BB7
:10BD4000DB68002B00F0CD84984718B12B8843F0B6
:10BD500001032B800023BDE87040504902221846A1
:10BD6000FFF71CBE2268D388002B7FF406AF137840
:10BD700013F01F0300F0AE81022B7FF4FEAE938818
:10BD800013F0800FD9B23F4B1B6801F00F0103EB9A
:10BD9000010014BF90F8FC0090F80C01002800F09E
:10BDA0005A8400EB800003EBC003343399780029F8
:10BDB0003FF4E3AE508800287FF4DFAE94F82020F3
:10BDC000052A7FF4DAAE1A78002A00F06084314A3E
:10BDD00049018B581C037FF5D0AE23F0705323F438
:10BDE000001343F080538B5070BD2268D388002B22
:10BDF0007FF4C3AE137813F01F0300F05781022BBA
:10BE00007FF4BBAE938813F0800FD9B21D4B1B6833
:10BE100001F00F0103EB010014BF90F8FC0090F853
:10BE20000C01002800F01D8400EB800003EBC00330
:10BE30003433997800293FF4A0AE5288002A7FF469
:10BE40009CAE94F82020052A7FF497AE187800283D
:10BE500000F00D840F4C4901085920F0705200F495
:10BE60004020B0F5802F00F0F184002AB8BF42F0E6
:10BE7000804242F400120A510020002283F8202060
:10BE800070BD00BF54000020000B104000F8D3C369
:10BE9000000010400009104000F813C028240020C2
:10BEA0002568AB88002B7FF468AEEB88002B7FF40D
:10BEB00064AE6B887F2B3FF660AE2A78D0067FF4A5
:10BEC0005CAE94F82020032A00F01981042A7FF444
:10BED00054AE002B00F049838D49D1F80028DBB225
:10BEE00022F4FE6242EA03130020C1F8003870BD5C
:10BEF00021688B88002B7FF440AECA88012A7FF42A
:10BF00003CAE4B88002B7FF438AE097801F09F01DE
:10BF100080297FF432AE94F82010042900F0A38029
:10BF200005297FF42AAE04F11C011846BDE87040D3
:10BF3000FFF734BD23689A88002A7FF41EAEDA88A2
:10BF4000002A7FF41AAE5A88110A7FF416AE1B78C5
:10BF5000D9067FF412AE94F82030042B00F0E28072
:10BF6000052B7FF40AAE002A40F05C822277042081
:10BF7000FFF7C6FC674B1B6893F87C2092B993F8D7
:10BF80005C00002800F03A8493F85E00624CB3F83D
:10BF90006A10400102515E48D0F81C2822EA0102D2
:10BFA000C0F81C2893F8A42092B993F884000028C4
:10BFB00000F02E8493F88600574CB3F8921040019D
:10BFC00002515348D0F81C2822EA0102C0F81C286C
:10BFD00093F8CC2092B993F8AC00002800F0FC83D1
:10BFE00093F8AE004C4CB3F8BA10400102514848E7
:10BFF000D0F81C2822EA0102C0F81C2893F8F4208B
:10C0000092B993F8D410002900F0EF8393F8D6008A
:10C01000414CB3F8E210400102513D4AD2F81C38BD
:10C0200023EA0103C2F81C386FF0080002F01EF981
:10C03000002070BD2368E27F99889142BFF49DADD6
:10C04000DA88012A7FF499AD5A88002A7FF495ADE9
:10C050001B7803F09F03812B7FF48FAD94F8203081
:10C06000052B7FF48AAD2D4900230B70BDE870408D
:10C0700001221846FFF792BC274DB3F86A20400111
:10C080004459210400F1A08125492140B3F86840BA
:10C09000214393F8604041EA844193F8614041EACA
:10C0A000845141F0C05141F400419CE59088002842
:10C0B0007FF463AD5388012B7FF45FAD94F82020AB
:10C0C000052A7FF45AADA26AD27995067FF555AD5F
:10C0D000637770BD908800287FF44FAD5388012BA3
:10C0E0007FF44BAD94F82030043B012B3FF645AD77
:10C0F000A36ADB799D067FF540AD607770BD002BAC
:10C100003FF4EAAE0420FFF7FBFB6B88E4E600BFD8
:10C110000000104054000020000910402824002096
:10C1200000F813C0A36A002A00F019825B799342D9
:10C1300008BF23777FF421ADB34B1B6893F85C20D5
:10C14000002183F87C1093F85E10002A40F0D18221
:10C15000AE4DB3F86A20490110044C59220400F195
:10C160000383AB4A2240B3F86840224393F860400F
:10C1700042EA844242F0C05242F400424A51A54988
:10C18000D1F81C280243C1F81C2893F8842093F8A6
:10C190008600002483F8A440002A00F0CF829E4C41
:10C1A000B3F8921040010259160400F110839B4D20
:10C1B0001540B3F890202A4393F8885042EA85420C
:10C1C00093F8895042EA855242F0C05242F400424C
:10C1D00002519048D0F81C280A43C0F81C2893F854
:10C1E000AC2093F8AE00002483F8CC40002A00F085
:10C1F000D782894DB3F8BA2040014459210400F197
:10C20000168386492140B3F8B840214393F8B040E3
:10C2100041EA844193F8B14041EA845141F0C05170
:10C2200041F4004141517B49D1F81C482243C1F8F7
:10C230001C2893F8D420002083F8F40093F8D6004B
:10C24000002A00F09682744DB3F8E2104001425982
:10C25000160400F1E782714C1440B3F8E020224349
:10C2600093F8D84093F8D93042EA844242EA8353A3
:10C2700043F0C05343F400434351664AD2F81C389C
:10C280000B430520C2F81C38FFF73AFB002070BDB5
:10C29000002B7FF472AC616A0A78002A3FF46DAC1F
:10C2A000C0880023824228BF0246BDE8704018467D
:10C2B000FFF774BBA27F9A427FF65FACE26A52F846
:10C2C00023100A78E9E7938813F0800FDAB24E4B17
:10C2D0001B6802F00F0203EB020114BF91F8FC107F
:10C2E00091F80C11002900F0E18101EB810103EBD1
:10C2F000C103343394F82020042A00F0EC81052A8D
:10C300007FF43BAC9A781B78002B00F0D48152016B
:10C31000414BD3581A037FF530AC414AC3F3405325
:10C32000138017E5002B7FF428ACA16A4A88B4E794
:10C3300094F82030042B00F0C881052B7FF41DAC4D
:10C340009288E37F9A42BFF418AC35490023BDE8D8
:10C35000704002220B801846FFF720BB22F070527B
:10C3600042F08052B4E4294DB3F8BA2040011204DF
:10C370004459260443D426492140B3F8B840214308
:10C3800093F8B04041EA844141F0C05141F400418A
:10C3900077E424F0705141F080514BE41B4DB3F829
:10C3A00092204001120444592604F2D41849214035
:10C3B000B3F89040214393F8884041EA844141F02A
:10C3C000C05141F4004135E424F0705141F08051F6
:10C3D00009E40E4DB3F8E210400109044259140477
:10C3E000BCD40B4C1440B3F8E02093F8D83022436F
:10C3F00042EA834242F0C05242F4004268E424F030
:10C40000705141F080513CE454000020000B10407A
:10C4100000F8D3C3000010400009104000F813C01A
:10C4200028240020A36A5B7993427FF4A6ABBD4A1F
:10C430002377136893F85C2093F85E00002A40F09D
:10C44000F180B94DB3F86A20400112044459260422
:10C4500000F1E380B5492140B3F86840214393F8E7
:10C46000604041EA844141F0C05141F400414151F2
:10C47000AF49D1F81C080243C1F81C2893F8842066
:10C4800093F88600002A00F0B280AA4DB3F89220FB
:10C4900040014459210400F1A580A7492140B3F887
:10C4A0009040214393F8884041EA844193F88940C1
:10C4B00041EA845141F0C05141F4004141519C494D
:10C4C000D1F81C080243C1F81C2893F8AC2093F85B
:10C4D000AE00002A70D0974DB3F8BA2040014459FD
:10C4E000210464D494492140B3F8B840214393F81F
:10C4F000B04041EA844193F8B14041EA845141F0AF
:10C50000C05141F4004141518949D1F81C0802430E
:10C51000C1F81C2893F8D4208AB393F8D600854D2F
:10C52000B3F8E21040014259160423D4824C14405F
:10C53000B3F8E020224393F8D84093F8D93042EA88
:10C54000844242EA835242F0C05242F400424251D5
:10C55000774AD2F81C380B43C2F81C3868E52277BA
:10C560005B79002B7FF464ADE6E50320FFF7C8F9A3
:10C570006B88B1E422F0705242F08052E7E793F802
:10C58000D600694DB3F8E210400109044259140481
:10C59000F0D4664C1440B3F8E02093F8D83022432E
:10C5A00042EA834242F0C05242F40042CFE724F014
:10C5B000705141F08051A6E75B4DB3F8BA204001BD
:10C5C000120444592604F2D458492140B3F8B84023
:10C5D000214393F8B04041EA844141F0C05141F415
:10C5E000004190E724F0705141F0805166E74E4DD4
:10C5F000B3F892204001120444592604F2D44B4966
:10C600002140B3F89040214393F8884041EA8441A7
:10C6100041F0C05141F4004150E724F0705141F025
:10C62000805124E7434DB3F86A2040014459210466
:10C63000F3D441492140B3F86840214393F8604066
:10C6400041EA844193F8614041EA845141F0C0518C
:10C6500041F400410BE700297FF48FAA3433FFF740
:10C66000A5BB00297FF489AA3433FFF7E2BB2E4C27
:10C6700049010A5902F44025B5F5802F22F0705285
:10C6800000F0E48042F400120A51FFF7F6BB26489E
:10C6900049010B581E037FF570AA23F0705323F451
:10C6A000001343F080530B50104670BD002A7FF4F6
:10C6B00064AA34331EE61C4B5201D3581E037FF587
:10C6C0005CAA2AE60122FFF73ABB9388002B3FF4CD
:10C6D0003CAEFFF752BA9A78002A3FF414AEFFF747
:10C6E0004CBAA36ADB7959067FF534AB2A80FFF791
:10C6F00031BB104DB3F86A0049014C59260433D4BC
:10C700000D4A2240B3F86840224393F8604042EA61
:10C71000844293F8614042EA845242F0C05242F4AB
:10C7200000422BE554000020000B104000F8D3C35A
:10C73000000010400009104000F813C0B3F8922028
:10C74000444C400111040259150440D4424D154097
:10C75000B3F890202A4393F8885042EA854242F089
:10C76000C05242F4004233E524F0705242F080524D
:10C7700004E5384CB3F8E2104001090402591504ED
:10C780005AD4354D1540B3F8E02093F8D83015430E
:10C7900045EA834343F0C05343F4004303516CE53F
:10C7A0002C4CB3F8BA204001120401590D0448D4AE
:10C7B000294D0D40B3F8B810294393F8B05041EA21
:10C7C000854141F0C05141F4004101512BE522F077
:10C7D000705242F08052FBE493F8AE40B3F8BA20B6
:10C7E0001C4D64011104605101E493F8D6201948EE
:10C7F000B3F8E2305201115019040EE493F85E4090
:10C80000B3F86A20134D640111046051FFF7C3BBF4
:10C8100093F88640B3F892200E4D640111046051E4
:10C82000FFF7CFBB22F0705343F0805324E524F090
:10C83000705141F08051F5E422F0705343F0805381
:10C84000ACE721F0705141F08051BEE74FF0FF306E
:10C85000FFF713BB000B104000F8D3C370B590F87E
:10C8600054300446042B15D8DFE803F05A3F150373
:10C870000300B54B1B78002B77D1B44B1B6823B159
:10C88000B3490022096810469847002384F85430C1
:10C8900084F8343070BD456C002D40F09680AB4E6E
:10C8A00033683BB1816C2A4628469847356000289A
:10C8B00040F00881A749231DC1F8143BD1F8002B93
:10C8C000D4F81C3122F03C421A4342F000420023CB
:10C8D000C1F8002B84F854301A4619461846FFF761
:10C8E0005DF8032384F8543070BD436C002B51D1A4
:10C8F00090F83520012A00F0198112B9944B826C0E
:10C900001A6000231A46194684F854301846FEF778
:10C9100035FF8D4A0423012184F85430117070BD15
:10C920000023894A894D436480F835302B601370A9
:10C93000FFF7F2F8013000F0948094F854305A1E5A
:10C94000012A72D9626C002A74D02368DB889A426B
:10C95000A0D2B4F84010B2FBF1F301FB1322002A7D
:10C9600098D1012384F8353070BD7A4A031DC2F88E
:10C97000143BD2F8003BD0F81C1123F03C430B438E
:10C9800043F00043C2F8003B704B1B68002B7FF460
:10C9900077AF7AE790F8342092B3B0F840206E4831
:10C9A0006C490068934228BF134643F40023D0F833
:10C9B0001C01C1F81039D1F8003923F03C4303437E
:10C9C00043F00443C1F8003970BD90F83430BBB176
:10C9D000B0F8403060495F4A09689D4228BF1D4653
:10C9E00045F40025D1F81C11C2F81059D2F80039CD
:10C9F00023F03C430B4343F00443C2F8003970BDBD
:10CA0000554BB4F840101B68524AD3F81C0141F44E
:10CA10000021C2F8101BD2F8003B23F03C43034333
:10CA200043F00443C2F8003B70BDA26D2A60022BA4
:10CA300088D170BD4749231DC1F8143BD1F8003B94
:10CA4000D4F81C0123F03C43034343F00043C1F8F6
:10CA5000003B94F835303E490A60002B7FF415AF57
:10CA60003AE794F836303D495B015A5802F44020C9
:10CA7000B0F5802F07D032F0705248BF42F08042AC
:10CA800042F400125A5036495A58002084F83400B3
:10CA900002F44020B0F5802F04D022F0705242F40E
:10CAA00000125A502B4A231DC2F8143BD2F8003B07
:10CAB000D4F81C1123F03C430B4343F00043C2F86D
:10CAC000003B70BD94F8363024495B015A5802F49B
:10CAD0004020B0F5802F07D032F0705248BF42F0AE
:10CAE000804242F400125A501D495A58002084F8DE
:10CAF000340002F44020B0F5802F04D022F07052B0
:10CB000042F400125A50134A231DC2F8143BD2F8C3
:10CB1000003BD4F81C1123F03C430B4343F000438B
:10CB20000021C2F8003B84F8541070BD084A816CA3
:10CB300080F85430116018461A461946FEF72EFF49
:10CB4000022384F8353070BD302400202C240020CE
:10CB50003424002000001040540000200009104040
:10CB6000000B1040194B1B6810F0800F00F00F00F5
:10CB700003EB000214BF92F8FC2092F80C2152B192
:10CB800002EB820203EBC203343393F82020013A14
:10CB9000012A08D97047B0B993F85420013A012A04
:10CBA00003F13403F6D810B45C6A002083F8200047
:10CBB00034B1D3E90421586223465DF8044B184789
:10CBC0005DF8044B704792F82030FFDE54000020DF
:10CBD0004F4A504B30B5D2E90054D2E90201C3F8B4
:10CBE0000451C3F808414C4CC3F80C014B4AC3F83C
:10CBF000101121681368CD0321F0705254BF42F028
:10CC0000805242F0005293F85E00890393F85C1062
:10CC100054BF42F0806242F000624501002975D1A4
:10CC20003F496A5001EB40123E48016811613E499C
:10CC30000D685561656893F886C025F0705215F44B
:10CC4000803F0CBF42F0805242F00052AD0393F897
:10CC5000845054BF42F0806242F00062002D53D1F4
:10CC60002F4D4FEA4C1E4EF8052005EB4C1245683F
:10CC700015614D685561A56893F8AEC025F07052F6
:10CC800015F4803F0CBF42F0805242F00052AD03D9
:10CC900093F8AC5054BF42F0806242F00062002D25
:10CCA00030D11F4D4FEA4C1E4EF8052005EB4C12BB
:10CCB000856815618D685561E46893F8D65093F8DE
:10CCC000D430C068C96824F0705214F4803F14BF97
:10CCD00042F0005242F08052A4034CBF42F0006286
:10CCE00042F080626C0133B1104BE25003EB45130C
:10CCF0001861596130BD0A4BE25003EB45131861CE
:10CD0000596130BD094DCDE7084DAAE7074988E7CD
:10CD10005024002000001040642400205400002013
:10CD2000000B1040842400207424002000091040CF
:10CD300038B52F4B0022042111201A70FCF756FF42
:10CD40002C4B1B68DB0702D42B4B02221A622B4BA5
:10CD50002B4AD3F8001E21F00101C3F8001ED3F8BE
:10CD6000001E21F00C01C3F8001E59690A40002A78
:10CD700034D0244B1D68244B204C1A68234BE260AE
:10CD80001B68C4F80038FFF723FF214A214B1268C3
:10CD9000C4F8002E1A68204BC4F814281A681F4BD8
:10CDA000C4F810281A681E4BC4F81C28C4F804588C
:10CDB0001A681C4BA2621A681B4B62621A681B4BF2
:10CDC000A2601A681A4B22601B68A361D4F8043869
:10CDD00043F400630120C4F8043838BD094A1568DB
:10CDE00045F00102C3F80428C3F80458C3E700BFA4
:10CDF000382400203C24002000800C40000010401B
:10CE00000000808048240020A82400204424002022
:10CE1000AC240020602400204C240020402400206A
:10CE20009C240020A424002094240020A02400207E
:10CE3000982400205D4A5E4B012130B411705D4A98
:10CE4000996911605C4A196811605C4A99681160BF
:10CE50005B4AD96811605B4A596A11605A4A996AFB
:10CE600011605A4AD3F800181160594AD3F80418CF
:10CE70001160584AD3F81C1811605749574AD3F823
:10CE80001008086012685649D3F814480C605548D9
:10CE900092F85C10D3F8004E046092F85E300029DE
:10CEA00040F082805049580101EB431344584F49E8
:10CEB0001D694F480D605B6992F8845004604D4CC9
:10CEC000236092F88630002D6CD1474D4FEA431C09
:10CED00005EB43135CF8055045601D694D6092F801
:10CEE000AC505B69636092F8AE30002D58D13E4D76
:10CEF0004FEA431C05EB43135CF8055085601D6940
:10CF00008D605B69A36092F8D63092F8D4205D0101
:10CF1000002A43D0384A02EB4313AA58C2601A6968
:10CF20005B69E360224BCA603449D3F804210A608C
:10CF3000D3F80801D3F80C21D3F81041C1E901025C
:10CF4000D3F800282E4822F07C4242F08052C3F8E9
:10CF50000028D3F80028CC6042F00802C3F800286B
:10CF60009861D3F8001E274A274C41F00401C3F80A
:10CF7000001ED3F8001E41F00801C3F8001ED3F8CC
:10CF8000001E41F00101C3F8001ED36A2360602037
:10CF90005062D36A9B03FCD530BC7047124ABAE793
:10CFA000154DA5E7144D91E713497CE7382400207F
:10CFB0000000104098240020A02400209424002089
:10CFC000A8240020A42400209C2400204424002025
:10CFD00048240020402400204C240020540000203D
:10CFE00060240020AC240020000B1040842400208A
:10CFF00064240020742400200009104050240020E4
:10D000000000808000800C403C2400202DE9F84F77
:10D01000AC4DFCF7A5FF2B78804653B1AA4BDA6ADA
:10D02000520740F14981A84A20235362D36A1B0466
:10D03000FCD5A64B9A681AB11A68970300F11181C2
:10D04000A34B5C699A69144014D0220200F16B81F1
:10D05000002CC0F28581270500F1488126070ED4F7
:10D06000A0041DD4E10448D4620300F1AE80210382
:10D0700000F189814046BDE8F84FFCF775BF944A3E
:10D0800008235361934B1B681B6B1B6923B1D2F8B8
:10D090000808C0F30D20984724F00804A004E1D547
:10D0A0002B78002B40F02682894B8A4AD3F804184B
:10D0B000106821F4F06141F48071D0F81C51C3F87C
:10D0C0000418D3F8002B016B22F03C422A4342F0B3
:10D0D0000442C3F8002B002280F854209A614FF0DC
:10D0E000FF3208697C495A617C4A24F400540028C4
:10D0F00018BF0A46E1049A61B6D5754AD2F80438D9
:10D1000023F4F063202123F00103C2F804381161F5
:10D11000136913F02003FBD1714D72484FF0FF31BA
:10D12000A960A962A964A966C5F88810C5F8A81005
:10D13000C5F8C8108160816281648166C0F888107A
:10D14000C0F8A810C0F8C8104FF00110C2F81C08B1
:10D150000920C2F814080120C2F81008D2F800080B
:10D1600020F4FE60C2F800085A4805684FF0C04637
:10D17000281D85F83430C2F8106B2860C2F8140BF3
:10D18000D2F8000B2E6BD5F81C5120F03C40284300
:10D1900040F00440C2F8000B936151614F4B31697C
:10D1A0004D4A002918BF1346494A9361336803B1B9
:10D1B00098470320FEF7A4FB24F480546FF00A0084
:10D1C00001F054F862037FF552AFFEF781F90628AB
:10D1D00000F09D81DFF8F8A0DFF804B1DAF8183824
:10D1E000DAF81C28012703EA02091FFA89F9002648
:10D1F0003D4619EA050F00F04181364B186806F0EC
:10D200000F01431893F8FC30002B00F03E812821D9
:10D2100001FB0301343191F802C0DAF810380BEB4E
:10D220004C1CDCF808C003EA0C03DB0740F1268144
:10D230000BEB46134FF0010CC3F808C0002E40F072
:10D2400013810B69B1F80CE0734500F235814A692E
:10D25000B4461344C1E904C36D00FFF7FFFAADB251
:10D2600010E19A68D6070BD501221A615B68DC07CA
:10D2700006D52B78002B40F091810220FEF740FB71
:10D28000124B9A6890077FF5DBAE02221A615B6849
:10D29000D9073FF5D5AE2B7803F0FF0223B90C4B2D
:10D2A0004FF0FF319A6159612B78002B00F07381A8
:10D2B0000020FEF725FBC3E60B4A126802F01402B9
:10D2C0001A62B0E63824002000800C4000400C4078
:10D2D000000010405400002008380C8000380C80FA
:10D2E00000091040000B10403C240020B54B4FF4C7
:10D2F00000625A616FF0090000F0B8FFFEF7E8F82D
:10D30000002800F0E380FEF7E3F80238C3B2032BF5
:10D3100006D82B780BB9FFF78DFD0620FEF7F0FA43
:10D3200024F400649AE62A78002A00F0C1802B7861
:10D33000002B40F0E280A44B5B68DB0703D42B7822
:10D34000002B00F0F280A04B586810F0010018BFCD
:10D35000032024F40004FEF7D3FA002CBFF67BAEC2
:10D360002B781BB9974B4FF000425A612B78002B5A
:10D3700040F0DE80954B1B6893F82100FEF7C0FA61
:10D3800024F0004467E6FEF7A3F8062800F0C68004
:10D39000DFF830928E4ED9F81838D9F81C28DFF80B
:10D3A0002CB203EA020A4FEA1A4A0025012418E0C7
:10D3B000282202FB01013431854A8B7802EB431CA1
:10D3C000DCF80820D9F814781740FA073BD43A075C
:10D3D00017D401356400072DA4B206F120063FF4EE
:10D3E00049AE1AEA040FF4D0DBF80000421992F8B3
:10D3F0000C110029DCD1002D40F0DC8000F134015B
:10D40000DAE7D9F8082B530648D4D9F8102BDBF803
:10D410000000C2F34172032A1DBFC2F10202D20012
:10D420000432042202440260D9F8102B42F0C042B8
:10D43000C9F8102B021DC9F8142B0822C9F8082BB3
:10D44000FFF70CFAC5E70122B260002B42D1D1F8F8
:10D4500010C0B1F80CE0F44533D84A696244C1E920
:10D460000432FFF7FBF9B2E71B690869C3F3120343
:10D470000B61C31A4B61C878FFF774FB6D00072F6F
:10D48000ADB208D001360137B3E6002940F09480F0
:10D4900000F13401BFE624F48024E8E54022C9F815
:10D4A000082BD9F8142BDBF80000083A0260BBE720
:10D4B0004FF400025A613AE7A3EB0E0C4B69734438
:10D4C000C8E64A69ACEB0E037244C8E70220FEF7D7
:10D4D00017FA18E7DCF810208869C2F3120C0A6901
:10D4E000121A6244A0EB0C00C1E90420C878FFF7CF
:10D4F00039FB6CE7FFF71CFCD6E5FFF719FC0028A9
:10D500003FF419AF2F4B4FF400025A6113E72F4B32
:10D510001B6893F82100FEF7F3F95BE62B4B1B68C1
:10D5200093F82100FEF7ECF932E7FFF783FC0AE7F6
:10D53000FFF7FEFB00283FF41DAF224A4FF00043E7
:10D540005361224B1B68002183F834104FF0C04018
:10D55000191DC2F8100B1960C2F8141BD2F8001B79
:10D56000D3F81C0121F03C41014341F00441C2F8D1
:10D57000001BD2F8041821F4F06141F48071C2F864
:10D580000418D2F8001B21F03C41014341F0044152
:10D59000C2F8001BF0E6FFF74DFC89E6FFF7C8FB79
:10D5A00000283FF46AAE074B00214FF4C052996146
:10D5B0009A6162E68B78FFDE024AD2F810289B78E7
:10D5C000FFDE00BF0000104000400C40540000206F
:10D5D000000B10402DE9F04F02460B4685B0C548C0
:10D5E0000121CDE90223FCF747F90521002304229C
:10D5F0000846FDF797FAC04BC04A03219961D2F85B
:10D60000003E23F00103C2F8003ED2F8003E23F0B2
:10D610000C03C2F8003E136943F001031361136960
:10D62000D907FCD4012000F0BDFEB44D2B69002BBE
:10D63000FCDAEB68B24C23F0604343F08043EB60CC
:10D64000FCF78CFC322000F071FEFCF785FCD5F86D
:10D650000028029B42F00302C5F80028D5F80028F4
:10D6600042F00402C5F80028D5F8002822F4C05280
:10D67000C5F80028AA6822F03E0242F02202AA6001
:10D68000D5F8042822F4074222F0800242F4004236
:10D69000C5F80428102B9B4A38BF1023106899B294
:10D6A000C3F309036B62026D102A38BF102243EAEC
:10D6B0000243AB6290F8FD8090F8025190F8FEE0D2
:10D6C00090F8FFC0009408EB880300EBC3032C46DE
:10D6D000019390F8007190F801610EEB8E0300EB5E
:10D6E000C309654692B20123A446B8F1000F05D0E4
:10D6F000019C94F839A09A4500F0DB80BEF1000F40
:10D7000004D099F839A0534500F0E28045B105EB0B
:10D71000850A00EBCA0A9AF839B05B4500F0F88038
:10D7200047B107EB870A00EBCA0A9AF839B05B45A4
:10D7300000F0008146B106EB860A00EBCA0A9AF8AF
:10D7400039B05B4500F0A380BCF1000F18D00CEBA2
:10D750008C0A00EBCA0A9AF839B05B4510D1114423
:10D76000DAF85020684C102A38BF1022C1F30A0B97
:10D770000FFA83FA4BEA024B44F82AB089B292B20C
:10D78000009C0133DBB20434072B0094ADD1DDE9FA
:10D7900002321344B3F5007F00F2E380B1F5007F5D
:10D7A00000F2DF80554A4FF48463136113699B06CE
:10D7B000FCD41023504C51491361086910F010003B
:10D7C000FBD1524BC1F810084FF0FF32C1F81408DA
:10D7D000C1F81C08C1F83408186018619A60186212
:10D7E00018639A62186418659A64186618679A66CE
:10D7F000C3F88000C3F89000C3F88820C3F8A000E5
:10D80000C3F8B000C3F8A820C3F8C000C3F8D00024
:10D81000C3F8C820C3F80002C3F81002C3F80822F6
:10D82000C3F82002C3F83002C3F82822C3F840022C
:10D83000C3F85002C3F84822C3F86002C3F870026C
:10D84000C3F86822C3F88002C3F89002C3F88822A4
:10D85000C3F8A002C3F8B002C3F8A822C3F8C002FC
:10D86000C3F8D002C3F8C82203F50073236803226B
:10D8700043F40033236022616261636813F00103A3
:10D880006AD10222E260184605B0BDE8F08F11446B
:10D89000DAF850201C4C102A38BF1022C1F30A0BB2
:10D8A0000FFA83FA4BEA024B44F82AB089B292B2DB
:10D8B0004AE71144226D009C102A38BF1022C1F3A0
:10D8C0000A0A4AEA024AC4F800A089B292B215E7ED
:10D8D0001144D9F850200C4C102A38BF1022C1F343
:10D8E0000A0B0FFA83FA4BEA024B44F82AB089B2CA
:10D8F00092B20BE700D2040000400C400000104040
:10D9000004011040540000200001104000091040A4
:10D910001144DAF85020144C102A38BF1022C1F3F9
:10D920000A0B0FFA83FA4BEA024B44F82AB089B289
:10D9300092B2F5E61144DAF850200B4C102A38BFA9
:10D940001022C1F30A0B0FFA83FA4BEA024B44F898
:10D950002AB089B292B2EDE60123E36005B0BDE8DA
:10D96000F08F6FF003008FE700011040054AD2F8F6
:10D97000043823F4F06323F0020343F00203C2F8F7
:10D98000043870470000104030B490F802C02F4DAA
:10D990002F4C05EB4C124FEA4C1C936843F04203AA
:10D9A0009360D4F8103843F04203C4F810385CF8A0
:10D9B000053023F0705343F000634CF80530D4F881
:10D9C000103891680B405B06F9D540239360D4F87A
:10D9D000103823F04003C4F8103803782BB35CF8F8
:10D9E000053023F0F84343F090434CF80530184CD1
:10D9F000D4F8103891680B409907F9D50223936049
:10DA0000D4F81038124A23F00203C4F810384379CE
:10DA10009B0143F02003236113699B06FCD40D4B4B
:10DA2000202230BCC3F88021704783780A4C5B0108
:10DA3000195921F03C4141F000411951195921F087
:10DA4000F84141F090411951D1E700BF0009104061
:10DA50000000104000E100E0000B104000B53F4B1B
:10DA600090F802E03E4903EB4E1C4FEA4E1EDCF8F4
:10DA7000083043F00203CCF80830D1F8043823F41E
:10DA8000F06343F48063C1F804388B6943F080038A
:10DA90008B61D1F8043823F4F06343F40073C1F8C8
:10DAA00004384B691B0607D443F6982301E0013B79
:10DAB00002D04A691206FAD5294B9A6922F08002EF
:10DAC0009A61D3F8142842F00202C3F814280378AC
:10DAD000A3B3244A5EF8023023F0F84343F09043A6
:10DAE0004EF802301E48DCF80830D0F814281340F5
:10DAF0009A070BD443F6982201E0013A06D0DCF8ED
:10DB00000830D0F814180B409B07F6D5144A164974
:10DB10000223CCF80830D2F8143823F00203C2F8FC
:10DB20001438D2F8043823F4F063202043F48063DF
:10DB3000C2F80438C1F880015DF804FB8378074916
:10DB40005B015A5822F03C4242F000425A505A5867
:10DB500022F0F84242F090425A50C3E7000B1040C6
:10DB6000000010400009104000E100E0BC4B2DE92E
:10DB7000F04F196891F87C308BB0002B00F0D08109
:10DB800091F85C4091F85E00002C00F01183B54ADA
:10DB9000B1F86A40089402EB4012906840F04200ED
:10DBA00090600022099291F8A420002A40F0BF81E1
:10DBB00091F8CC0090B191F8AC6091F8AE50002E85
:10DBC00000F0DC82A74C089E04EB4514B1F8BA5073
:10DBD0002E43A568089645F04205A56091F8F4C06B
:10DBE000BCF1000F12D091F8D47091F8D650002FEC
:10DBF00000F0B0829B4C089E04EB4514B1F8E25053
:10DC00002E43A568089645F04205A560089C002CA7
:10DC100000F0A181944AD2F8103843F04203C2F8D0
:10DC20001038B1F86A301C4209D091F85E208D4856
:10DC30005201135823F0705343F000631350B1F8AE
:10DC40009230089A1A4209D091F8862085485201EC
:10DC5000135823F0705343F000631350B1F8BA30F7
:10DC6000089A1A4209D091F8AE207E485201135802
:10DC700023F0705343F000631350B1F8E230089A78
:10DC80001A4209D091F8D62076485201135823F051
:10DC9000705343F000631350099B002B40F05F81E9
:10DCA000B1F86A00B1F8E280B1F89270DDF820C0F6
:10DCB000B1F8BA906C4D6B4C03906FEA000E6FEAAE
:10DCC000080BCDE904EBFB4301930297634643F64F
:10DCD000982240266FEA090A844613EA0C0F10D0F6
:10DCE00091F85E00D5F810E804EB4010D0F808B0C9
:10DCF0000EEA0B0E1EF0400F03D08660049803401E
:10DD00009BB21F4210D091F88600D5F810E804EBC2
:10DD10004010D0F808B00EEA0B0E1EF0400F03D0F2
:10DD20008660019803409BB219EA030F11D091F865
:10DD3000AE00D5F810E804EB4010D0F808B00EEAB9
:10DD40000B0E1EF0400F00F000820AEA030386600B
:10DD50009BB218EA030F10D091F8D600D5F810E85E
:10DD600004EB4010D0F808B00EEA0B0E1EF0400F86
:10DD700004D08660059803409BB20BB1013AACD148
:10DD8000394AD2F8103823F04003C2F8103891F81D
:10DD90007C3091F8A42091F8CC0091F8F4C091F86F
:10DDA0005C40002B40F0218191F88450002A40F023
:10DDB0002E8191F8AC60002840F03B8191F8D4703E
:10DDC000BCF1000F40F04881039BDFF89CC0DB43AF
:10DDD0000493029BDDE908E2DB4305936FEA090344
:10DDE00043F6982006936FEA080307930190734661
:10DDF0000398002C00F05881034213D091F85EE0A4
:10DE00001848DCF810A800EB4E1EDEF808B00AEA4D
:10DE10000B0A1AF0020F05D00220CEF80800049871
:10DE200003409BB20298002D00F05A81184213D093
:10DE300091F886E00B48DCF810A800EB4E1EDEF8E7
:10DE400008B00AEA0B0A1AF0020F05D00220CEF839
:10DE50000800059803409BB2002E00F05C8105E0AD
:10DE600054000020000910400000104019EA030F80
:10DE700013D091F8AEE0BE48DCF810A800EB4E1EBF
:10DE8000DEF808B00AEA0B0A1AF0020F05D00220E9
:10DE9000CEF80800069803409BB2002F00F0EA80FD
:10DEA00018EA030F13D091F8D6E0B148DCF810A8B7
:10DEB00000EB4E1EDEF808B00AEA0B0A1AF0020F59
:10DEC00007D00220CEF80800079803409BB203B9A0
:10DED0001AB10198013801908AD1089B63B1A54A13
:10DEE000D2F810384FF4846123F00203C2F81038DE
:10DEF000116113699B06FCD4099B73B19D4AD2F84A
:10DF0000143823F00203C2F81438D2F8043823F48A
:10DF1000F06343F48063C2F804380BB0BDE8F08FBF
:10DF2000CDE9083391F8A420002A3FF441AE91F8DE
:10DF3000845091F88640002D00F02D818C48089D7A
:10DF400000EB4410B1F8924025438468089544F0F2
:10DF5000420484602CE6099C002C00F03581854841
:10DF6000D0F8043823F4F06343F48063C0F8043835
:10DF7000836943F080038361D0F8043823F4F063AD
:10DF800043F40073C0F8043843691C0607D443F611
:10DF9000982301E0013B02D042691206FAD5754B85
:10DFA0009A6922F080029A61D3F8142842F00202A2
:10DFB000C3F81428089B002B7FF472AEB1F86A30C6
:10DFC0000393B1F89230029391F87C30B1F8BA9093
:10DFD000B1F8E28091F8A42091F8CC0091F8F4C057
:10DFE00091F85C40002B3FF4DFAE002C00F0F7808E
:10DFF00091F85E505E4E6D01AB5923F0F84343F04B
:10E000009043AB5191F88450002A3FF4D2AE002DDA
:10E0100000F0F68091F88620554E5201935923F076
:10E02000F84343F09043935191F8AC6000283FF4DB
:10E03000C5AE002E00F0F58091F8AE204C4891F866
:10E04000D4705201135823F0F84343F09043135017
:10E05000BCF1000F3FF4B8AE002F00F0F38091F850
:10E06000D62043485201135823F0F84343F090431D
:10E070001350A9E618EA020F3FF429AF91F8D6E051
:10E080003D4800EB4E1EDEF808A0DCF814B80AEAA2
:10E090000B0A1AF0020F3FF41CAF0220CEF8080062
:10E0A0000798024092B212E702423FF4BBAE91F8E9
:10E0B0005EE0314800EB4E1EDEF808A0DCF814B834
:10E0C0000AEA0B0A1AF0020F3FF4ACAE0220CEF8B7
:10E0D00008000498024092B20298002D7FF4A6AE88
:10E0E00010423FF4B9AE91F886E0234800EB4E1E93
:10E0F000DEF808A0DCF814B80AEA0B0A1AF0020FDE
:10E100003FF4AAAE0220CEF808000598024092B271
:10E11000002E7FF4ABAE19EA020F3FF4BEAE91F8C9
:10E12000AEE0154800EB4E1EDEF808A0DCF814B88F
:10E130000AEA0B0A1AF0020F3FF4AFAE0220CEF843
:10E1400008000698024092B2A7E618EA030F7FF48F
:10E1500003AE13E6084C099E04EB4514B1F8E250F7
:10E160002E43A568099645F00205A5604EE500BF5F
:10E170000009104000001040000B10403A4C099E6E
:10E1800004EB4514B1F8BA502E43A568099645F042
:10E190000205A56022E53448099D00EB4410B1F862
:10E1A000924025438468099544F002048460FFE4AA
:10E1B0002D4AB1F86A50099502EB40120894906814
:10E1C00040F002009060ADE6B1F86A400394B1F807
:10E1D0009240B1F8BA90B1F8E2800294DFE591F88C
:10E1E0005E30214E5B019D5925F03C4545F00045D0
:10E1F0009D519D5925F0F84545F090459D51D3E539
:10E2000091F88630184E5B019A5922F03C4242F058
:10E2100000429A519A5922F0F84242F090429A51A3
:10E22000C7E591F8AE3010485B011A5822F03C4225
:10E2300042F000421A501A5822F0F84242F090423E
:10E240001A50BBE591F8D63007485B011A5822F006
:10E250003C4242F000421A501A5822F0F84242F072
:10E2600090421A50B0E500BF000B10402DE9F04776
:10E2700005460B3001D0FFF779FCDFF8A4A0254F4D
:10E28000DFF8A090DFF8A0800124DAF8001004EB9A
:10E29000840301EBC3034FF0000C93F85420A0005B
:10E2A0008AB19E6D83F854C06EB1C3F858C00A6A33
:10E2B00002F0FF12BA420FD0031901EBC303D3E9F6
:10E2C00011212846B0470134052CDED1124B202203
:10E2D000C3F88021BDE8F08793F8342072B193F839
:10E2E0003620B3F842E0530143F808C00B4AD2F895
:10E2F0001C3823EA0E03C2F81C38DDE793F836C059
:10E30000B3F842304FEA4C1C4FEA034E4CF8092058
:10E31000ECE700BF0400050000E100E00000104051
:10E3200054000020000B1040000910401A4B30B57B
:10E330001B6844F62165A0FB03CEAC457EF10003CB
:10E3400083B017D31549164C44F61F604A6A92B23F
:10E350004B6A9BB2ADF80430BDF804309B1A9BB2F7
:10E360008342F5D91CEB040C6EF1000EAC457EF136
:10E370000003EBD21FFA8CF363B10848416A89B2FB
:10E38000426A92B2ADF80620BDF80620521A92B247
:10E390009342F5D803B030BDBC24002000000140FA
:10E3A000E0B1FFFF274B30B51B68A0FB03CE5CEA52
:10E3B0000E0383B00BD1244B244AA3FB003C12680C
:10E3C0004FEADC0CACFB02CE5CEA0E032FD04EF61B
:10E3D0006125AC457EF1000317D31D491D4C4EF657
:10E3E0005F204A6A92B24B6A9BB2ADF80430BDF826
:10E3F00004309B1A9BB28342F5D91CEB040C6EF1DE
:10E40000000EAC457EF10003EBD21FFA8CF363B132
:10E410000F48416A89B2426A92B2ADF80620BDF84F
:10E420000620521A92B29342F5D803B030BD0A4B7F
:10E430000A4A1B68A2FB002C4FEA5C1CACFB03CE13
:10E44000C5E700BFB8240020CDCCCCCCB42400203C
:10E4500000000140A015FFFFB02400201F85EB51F4
:10E4600070B588B0002401252448049402948DF8E6
:10E470001050CDE905448DF81C400194CDF80B40B7
:10E48000FBF75CFA00F543431D4E50335B09294608
:10E4900000F59C521B4DA6FB03631B4E00F5F42CAC
:10E4A000083200F5FA70A5FB0050A6FB0262174D7A
:10E4B000174E80090CF5907CA5FB0C5C306015486C
:10E4C0004FEA9C4505601448DB090360134B144870
:10E4D000520B1A6002238DF80A30FBF7CDF9114870
:10E4E0004FF6FF73C36101AA2146FCF709FE0D48F0
:10E4F00004A9FCF7CDFD08B070BD00BF4081040049
:10E50000C55A7C0AD34D62105917B7D183DE1B431D
:10E51000BC240020B8240020B4240020B024002013
:10E5200000520400000001400378416830B44FF00D
:10E530008042C568002B55D01368134313604FF019
:10E5400080431C6824F070641C601A6842EA01620F
:10E55000017A1A601A68002949D042F400321A6020
:10E56000437A4FF08042002B49D0136843F4803344
:10E5700013604FF080431A6822F4E0621A601A6850
:10E58000817A42EA01221A60C27A002A3CD0012A2A
:10E5900003D11A6842F010021A604FF080434469B8
:10E5A000196841EA850119605A68017E22F03F022C
:10E5B00022435A601A6889B1017C42F001021A6054
:10E5C00031B19A68D207FCD55A6842F480725A6019
:10E5D0004FF08043012230BC9A61704722F0010263
:10E5E0001A60F5E7136823F080431360A7E722F46D
:10E5F00000321A60437A4FF08042002BB5D1136885
:10E6000023F480331360B4E71A6822F010021A6012
:10E61000C3E700BF0368DB0614D461B900F14243CD
:10E6200003F580135A01136863B1836813F0010383
:10E63000FBD11360704700F1424000F580104001AB
:10E6400001230360704700BF0368D90707D58368BB
:10E650009A0704D48368DB07FCD401234360704726
:10E660004A780B780AB143F002038A780AB143F082
:10E670000403CA780AB143F008030A790AB143F0E7
:10E6800020034A790AB143F040038A790AB143F082
:10E6900010030A7AC979120242EA01321A438368E6
:10E6A000DB07FCD402607047F8B5C37804465BB959
:10E6B0002378032B23D0002260781146FAF7D0FB91
:10E6C000003818BF0120F8BD00F13C05826B40788E
:10E6D00001232946FAF766FB00284BD1A16BA36AF8
:10E6E000226AE070CB1A9342E2D2A378022BDFD1E8
:10E6F0000A44607801232946FAF754FBD8E72679C3
:10E70000012ED8D104F13C074FF4007200213846A5
:10E7100010F076FB184BE36303F1FF53A2696569C0
:10E7200084F8242203F500532033C4F82032130A5E
:10E7300084F82532130C120E84F82722626A84F8BA
:10E740002852280A4AF65521013284F82902280C59
:10E750002D0EA4F83A1284F8263284F82A023346A1
:10E760006078A263394684F82B52FAF71BFB00232A
:10E770002371A0E70120F8BD52526141436B8B60C9
:10E78000836BC26BC1E9043290F82130002203F0A0
:10E790000203CB71CA6170472DE9F8430024076872
:10E7A0008C76836B002B00F0B5803B78042B0D46F4
:10E7B00000F00581C36C0133064622D0F968088851
:10E7C000D0B14FF00208A14634B900F5205292B200
:10E7D000B2F5006FC0F0B7804FF4697140EA0440B1
:10E7E00004F01CF8FF28C9F1FF0340F29580012BCB
:10E7F00000F2AB80002304B100232B4400229A7660
:10E80000AC7EF26B1378202B99B200F0AA80052918
:10E8100008BFE5236B7301235178202988B206D005
:10E82000052805EB030008BFE5214173013391780A
:10E83000202988B206D0052805EB030008BFE52192
:10E8400041730133D178202988B206D0052805EB21
:10E85000030008BFE521417301331179202988B2F3
:10E8600006D0052805EB030008BFE52141730133FD
:10E870005179202988B206D0052805EB030008BF8E
:10E88000E521417301339179202988B206D005280A
:10E8900005EB030008BFE52141730133D17920293D
:10E8A00088B206D0052805EB030008BFE5214173B7
:10E8B0000133117A202988B20BD0052803F1010019
:10E8C00005EB0306284408BFE5212E2777730233A2
:10E8D0004173517A202988B206D0052805EB030040
:10E8E00008BFE52141730133917A202988B25BD0BA
:10E8F0002B44052808BFE52159730021997394B36F
:10E90000D37A2B73D1690023C5E90013D38A6B81B5
:10E91000138B2B81BDE8F883F0B1002B3FF46BAF74
:10E9200005EB090398760123F9689944002431F82E
:10E93000080008F1020800287FF446AF4B46002C7F
:10E940007FF45AAF59E70446F1E705EB0902030AE1
:10E950009376D0760223E7E70346002C7FF44CAF92
:10E960004BE7002358E76B7B1946ABB105F10D006F
:10E970000021A3F14104192C08D80829167B8CBF6B
:10E980001024082426421CBF2033DBB2437310F846
:10E99000013F0131002BECD1294400238B76137BFE
:10E9A000002BADD16B73ABE7E91800204873002C46
:10E9B000A6D1002BD7D13F23AB760121ECE7D7F8C6
:10E9C000108098F82310E1B1234627464026F00630
:10E9D00008BF0236013738F8060002362BB900F5B9
:10E9E000205292B2B2F5006F36D340EA03404FF4A2
:10E9F000697103F013FFFF28C4F1FF031BD9012B3A
:10EA00002CD83F23AB7601242C440023A3766B73D0
:10EA100098F804202A73D2065ABFD8F83830D8F8AC
:10EA20003C201A46C5E90032B8F80C306B81B8F8C2
:10EA30000E302B816EE70028E3D0002BE1D02B199C
:10EA40009876012398F823101C4400238F420BD2A0
:10EA5000B6F5187FBBD3D4E70346F7E72B19D87672
:10EA6000000A98760223EDE7002BCAD1002CCBD107
:10EA7000C7E700BF70B5C3780D4682B0044600F109
:10EA80003C0163B92A4660780123FAF745F900286A
:10EA90001CBF01204FF0FF35A56302B070BD826B33
:10EAA000407801910123FAF77DF988B9A66BA36A32
:10EAB000226A0199E070F31A9342E3D2A378022B01
:10EAC000E0D1607832440123FAF76CF90199D9E773
:10EAD000012002B070BD00BF2DE9F8430378022B7E
:10EAE00004460D46164661D035D8012B5BD101EBAB
:10EAF0005107816A836B01EB5721994203D0FFF7DD
:10EB0000B9FF002850D1EB0707F1010804F13C09D7
:10EB1000C7F3080763D519F8073003F00F0343EA7A
:10EB2000061309F807300123A16AE370A36B01EB18
:10EB30005821994203D02046FFF79CFFA0BBC8F3A1
:10EB40000808C844C6F30716012388F80060E3707C
:10EB50000020BDE8F883DA1E012A24D8816A826B7E
:10EB600001EBD511914203D0FFF784FFE0B9237880
:10EB7000042B4FEA85054CD004F13C0105F4FE75E9
:10EB80004B19495926F0704601F070410E43310A85
:10EB9000320C1E705970360E01219A70DE70E170D1
:10EBA0000020BDE8F8830220BDE8F883816A836B0A
:10EBB00001EB1521994203D0FFF75CFF0028F3D148
:10EBC0006D0004F13C0305F4FF7559195E55C6F359
:10EBD000072601234E70E3700020BDE8F88309F892
:10EBE00007600123A16AE370A36B01EB58219942EE
:10EBF00004D02046FFF73EFF0028D5D1C8F308080F
:10EC0000C844C6F3032298F8003023F00F061643D9
:10EC10009AE704F13C0305F4FE752B44B7E700BF07
:10EC200001290FD9F8B50568EB698B420C4601D86C
:10EC30000120F8BD2B78013B032BF9D8DFE803F066
:10EC40003C2B180401207047D0E9043253EA02013A
:10EC500059D08168002956D0C679022EA4EB010153
:10EC60006ED0032E52D183698B424FD9601CF8BD00
:10EC7000A96AAB6B01EBD411994204D02846FFF787
:10EC8000F9FE002856D1A40004F4FE742544E86B74
:10EC900020F07040F8BDA96AAB6B01EB14219942DA
:10ECA00004D02846FFF7E6FE002843D1640004F4B0
:10ECB000FF742544A88FF8BDAB6AAA6B01EB51071E
:10ECC00003EB5721914205D02846FFF7D3FE88BBBE
:10ECD000AB6AAA6BC7F308000137284403EB57213E
:10ECE000914290F83C6003D02846FFF7C3FE08BB72
:10ECF000C7F308073D44E30795F83C0046EA0020C7
:10ED00001BD50009F8BDC379002B91D1C36923BB82
:10ED1000A96AAB6B01EBD411994203D02846FFF7E7
:10ED2000A9FE38B9A30003F4FE731D44E86B20F07C
:10ED30000040F8BD4FF0FF30F8BDC0F30B00F8BD48
:10ED4000013B42F1FF325B0A688943EAC253B3FBDD
:10ED5000F0F399423FF66CAF88D16FF00040F8BDF8
:10ED60002DE9F0410668056B3378042B05F1200589
:10ED70000CBF4FF080534FF400139D42044604D360
:10ED80000023A3630420BDE8F081836B83B3C5F344
:10ED90000807EFB9416B0133836301B37389013B0A
:10EDA00013EA552814D1FFF73BFF01281ED9431C55
:10EDB0001AD0F3699842E3D2023B6063023898426A
:10EDC00004D2B6F80A80336B00FB0838C4F83880E8
:10EDD0003C363E442563E6630020BDE8F08133897C
:10EDE000B3EB551FF4D8CBE70120CCE70220CAE7EC
:10EDF0000420C8E72DE9F84304460068A16B836B43
:10EE00000669994203D0FFF735FE054620B9E36B4A
:10EE10001A78852A03D002252846BDE8F8835A1CB3
:10EE2000B11A022940F290801A6832605A68726002
:10EE30009A68B260DA68F2601A6932615A6972617E
:10EE40009A69B261DB69F361737801335F01A7F1FD
:10EE50006003B3F5007FDED82046FFF781FF04286A
:10EE60000546D8D00028D7D12068A16B836B994282
:10EE700004D0FFF7FFFD05460028CDD1E36B1A78DB
:10EE8000C02AC8D106F120015A1C891A022971D959
:10EE90001A6832625A6872629A68B262DA68F2621A
:10EEA0001A6932635A6972639A69B263DB69F36300
:10EEB00096F823304B4A2C33A2FB0323DB08B7EB35
:10EEC000431FA8D306F13F084FF0400905E009F1C0
:10EED00020094F4508F1200858D92046FFF740FF88
:10EEE0000428054697D0002896D12068A16B836B33
:10EEF000994203D0FFF7BEFD002870D1E36B1A786A
:10EF0000C12A88D1B9F5187FE1D2A8EB0301022903
:10EF100003F1010223D91A68C8F801205A68C8F819
:10EF200005209A68C8F80920DA68C8F80D201A691F
:10EF3000C8F811205A69C8F815209A69C8F819202C
:10EF4000DB69C8F81D30C2E7711E203300E00132D2
:10EF500012F8010C01F8010F9A42F8D174E720333E
:10EF6000414600E0013212F8010C01F8010F9A420B
:10EF7000F8D1ACE7203306F11F0100E0013212F8AE
:10EF8000010C01F8010F9342F8D191E7B9F5187F10
:10EF90003FF642AF71780023013149011A46022A37
:10EFA0000ED1327902EBC33292B202EB5302737983
:10EFB000C2F34E0003EBC23310FA83F39BB2062276
:10EFC000B05C00EBC330013280B200EB53039142DE
:10EFD0009BB2E4D872889A423FF41EAF1BE7054605
:10EFE0001AE700BF89888888F8B5C37805460E46B9
:10EFF00000F13C0733BBEB69B11E023B99423BBFBA
:10F000002E6B6B89002601FB0366AE634FF4007222
:10F01000002138460FF0F4FE6889044670B10024E0
:10F0200003E068890134A04208D9687832190123C5
:10F030003946F9F7B7FE0028F3D06889201A18BFBF
:10F040000120F8BD826B407801233946F9F7AAFE0A
:10F0500080B9A96BAB6A2A6AE870CB1A9342CAD20C
:10F06000AB78022BC7D10A44687839460123F9F7F7
:10F0700099FEC0E70120F8BD70B54FF0FF360023C0
:10F08000B1420446C37086630CD00D460A464078F0
:10F09000012304F13C01F9F73FFE10B1A6630420FF
:10F0A00070BDA563B4F83A224AF655239A4250D16E
:10F0B00094F83C30EB2B50D194F83D30762B25D191
:10F0C00094F83E30902B21D194F83F30452B1DD140
:10F0D00094F84030582B19D194F84130462B15D173
:10F0E00094F84230412B11D194F84330542B0DD178
:10F0F00094F84430202B09D194F84530202B05D1C9
:10F1000094F84630202B01D1012070BD94F8723064
:10F11000462B07D194F87330412B03D194F8743007
:10F12000542B18D094F88E30462B1AD194F88F3087
:10F13000412B16D194F89030542B12D194F8913081
:10F14000332B0ED194F89230322B14BF02200020C2
:10F1500070BD032070BD002070BD1833DBB2012BE1
:10F16000D4D9022070BD00BF2DE9F041046800230E
:10F170000B60002C00F0D480254602E03A2B00F012
:10F18000CC8015F8013B1F2BF8D8864B1C68002C4F
:10F1900000F0E5800C60237802F0FE057BB160781A
:10F1A000F9F7B2FDC7070AD4002D00F0B38010F0C4
:10F1B000040500F0AF800A252846BDE8F081002054
:10F1C0002080F9F701FDC60700F1AE800DB14107BF
:10F1D000F1D400212046FFF74FFF02287DD00428FC
:10F1E00000F0BB80012898BF002500F29280012822
:10F1F00000F09E80B4F84730B3F5007F40F089807E
:10F20000B4F85230002B00F0B38094F84C20236205
:10F21000511E0129A2707CD894F8490081B2618105
:10F22000002976D0411E014273D1B4F84DC0A4F834
:10F2300008C01CF00F0F6CD1B4F84FE0BEF1000F06
:10F2400001D1D4F85CE0B4F84A60002E61D003FB31
:10F2500002F106EB1C170F44BE455AD3AEEB070E66
:10F260008645BEFBF0F254D34F48824251D84FF648
:10F27000F570824200F20A8140F6F57082422E4417
:10F2800002F102022F4465622763E261A66200F286
:10F290004B81BCF1000F3CD00E4402EB420102F066
:10F2A000010202EB5102E662012102F2FF12B3EB0E
:10F2B000522F2ED34FF0FF33C4E905338022227141
:10F2C0003A4A3B481388217001333A499BB2C4E95A
:10F2D00003011380E38000251CE094F8FE1100294F
:10F2E0003FD0D4F8028294F80E720FB1D4F81272A3
:10F2F00094F81E620EB1D4F8226294F82E520DB129
:10F30000D4F83252B8F1000F34D1002F42D1CEBB25
:10F31000D5B90D252846BDE8F081A31C9D4222D019
:10F320000B252846BDE8F08103252846BDE8F0817D
:10F3300004F1460304F17B0101E08B423CD013F859
:10F34000012F002AF9D0E4E729462046FFF794FE72
:10F3500001287FF64CAF0428DBD10125DAE70C2524
:10F36000D8E78846BFE72378302BD9D105600CE772
:10F37000236E4AE741462046FFF77EFE0128C4D8A7
:10F38000454634E731462046FFF776FE0128BFD8D0
:10F3900035462CE739462046FFF76EFE0128B6D8E1
:10F3A0003D4624E720270020F5FFFF0F24270020FB
:10F3B00028270020C0240020B4F8A430B3F5807FB3
:10F3C000A7D194F8A830092BA3D1D4F88430D4F86D
:10F3D000881058194FF0FF3341F10001834272EB5E
:10F3E000010396D394F8AA30D4F89060A370012B4F
:10F3F00026628ED194F8A960B3409EB26681002E39
:10F4000087D0D4F898605F4FBE4282D89BB206FB8B
:10F4100003F30236E661D4F8946065622E449B19CA
:10F420002663D4F88C603544A56242EB020598420D
:10F4300071EB0503FFF46DAFD4F89C30E362154621
:10F440001646CEB96089A8427FF663AFE36AE269E7
:10F45000991E023A91423EBF236B01FB00335919BA
:10F46000A36B28BF29468B4205D02046FFF702FB3D
:10F4700000287FF472AF0135A31906F1200293F83A
:10F480003C30812B24D0C2F30806DAE7B4F86610CA
:10F49000656202322E442F4451EA0C01A6622763B2
:10F4A000E2617FF436AF920002F2FF12A16EE162D8
:10F4B000B3EB522FFFF42DAFB4F86C204FF0FF33B5
:10F4C0008021012AC4E90533217136D00321F7E6F2
:10F4D00004F13C07BB195D69012D7FF61AAFE369A2
:10F4E000AB427FF616AF6189236BAA1E02FB013384
:10F4F000636302E09D427FF40CAFA16AA36B01EB52
:10F50000D511994205D02046FFF7B4FA00287FF4C0
:10F5100024AF05F07F03013557F823305A1CE9D199
:10F52000C4E905330421CBE6BCF1000F3FF4F1AE92
:10F530000E44E66252000221B7E6A36B691C9942B1
:10F5400004D02046FFF796FA0028BFD1B4F83A223B
:10F550004AF6552300219A422171B7D1E26B0A4B3A
:10F560009A42B3D103F1FF53D4F8202203F500539C
:10F5700020339A42AAD1D4F82432D4F82822C4E9FC
:10F580000523A3E7FDFFFF7F525261412DE9F04FB4
:10F59000D0F838A0066883B00446BAF1000F3DD019
:10F5A0004FF0FF09C84606F13C07B26B524514D034
:10F5B000F378002B5BD17078012352463946F9F776
:10F5C000ABFB40B14FF0FF33B36301200023A363D3
:10F5D00003B0BDE8F08FC6F838A0E16B0B78EBB153
:10F5E0003278042A3ED0CA7AE52B02F03F02A2719B
:10F5F00005D02E2B03D022F0200008286FD1256BD8
:10F600004FF0FF0823681A78042A05F120050CBF83
:10F610004FF080524FF40012954201D30420D5E7F9
:10F62000D4F838A0BAF1000FF8D0C5F30802A2B997
:10F63000616B0AF1010AC4F838A000292FD11A8998
:10F64000B2EB551FEAD93C332563E363BAF1000FEF
:10F65000ABD1002003B0BDE8F08F3C331A442563E2
:10F66000E263A2E7852B00F0D080256BCAE77078B3
:10F6700001233946F9F796FB0028A6D1B16BB36A8E
:10F68000326AF070CB1A934295D2B378022B92D1A2
:10F690000A44707801233946F9F784FB8BE75A89CD
:10F6A000013A12EA552BCED120460193FFF7B8FA62
:10F6B000012840F2A880431C87D0019BDA69904260
:10F6C000ACD2023A60630238904280F09680B3F880
:10F6D0000AA01A6B00FB0A2AC4F838A0B3E70F2A65
:10F6E00040F03181580640F18380256B91F80D90F0
:10F6F000E56403F0BF084B7B4B4581D14B8B002B5E
:10F700007FF47EAF0B78B1F8010023F04003013B9A
:10F7100003EB430203EB8203FE2B3FF671AFD6F8F7
:10F720000CC02CF813005A1CB1F803E000287AD161
:10F730004FF6FF739E457FF463AFB1F805A04FF617
:10F74000FF739A457FF45CAFB1F807E04FF6FF73A3
:10F750009E457FF455AFB1F809A04FF6FF739A4567
:10F760007FF44EAFB1F80EE04FF6FF739E457FF485
:10F7700047AFB1F810A04FF6FF739A457FF440AF42
:10F78000B1F812E04FF6FF739E457FF439AFB1F840
:10F7900014A04FF6FF739A457FF432AFB1F816E02C
:10F7A0004FF6FF739E457FF42BAFB1F818A04FF6CC
:10F7B000FF739A457FF424AFB1F81CE04FF6FF7356
:10F7C0009E457FF41DAFB1F81EA04FF6FF739A451A
:10F7D0007FF416AF0B78590605D5FF2A00F0038198
:10F7E00000232CF8123008F1FF385FFA88F809E797
:10F7F0004345256B7FF404AF7DE73C33C4F838B054
:10F800002563E36325E70220E0E6236BE3642046FB
:10F81000FFF7F0FA00287FF4D9AE33691B7903F0C3
:10F820003F03A371D4E6FF2A00F0DD802CF812E03C
:10F830005000B1F805A09A1CBEF1000F3FF47FAF55
:10F84000FF2A00F0D0806044DA1CA0F802A0B1F8D2
:10F8500007E0BAF1000F3FF479AFFF2A00F0C38050
:10F86000A0F804E0B1F809A01A1DBEF1000F3FF4A2
:10F8700074AFFF2A00F0B780A0F806A0B1F80EE040
:10F880005A1DBAF1000F3FF46FAFFF2A00F0AB80B2
:10F89000A0F808E0B1F810A09A1DBEF1000F3FF4E7
:10F8A0006AAFFF2A00F09F80A0F80AA0B1F812E02A
:10F8B000DA1DBAF1000F3FF465AFFF2A00F0938024
:10F8C000A0F80CE0B1F814A003F10802BEF1000F9B
:10F8D0003FF45FAFFF2A00F08680A0F80EA0B1F8D9
:10F8E00016E003F10902BAF1000F3FF459AFFF2A05
:10F8F0003FF486AEA0F810E0B1F818A003F10A02B8
:10F90000BEF1000F3FF453AFFF2A6CD0A0F812A055
:10F91000B1F81CE003F10B02BAF1000F3FF44EAF57
:10F92000FF2A60D0A0F814E0B1F81EA003F10C0289
:10F93000BEF1000F3FF449AFFF2A54D0A0F816A043
:10F9400003F10D0246E7B8F1000F48D10A78D30160
:10F9500043EA52034A781A44C2F3460343EAC21305
:10F960008A7852FA83F2C2F3460343EAC213CA7892
:10F9700052FA83F2C2F3460343EAC2130A7952FAF7
:10F9800083F2C2F3460343EAC2134A7952FA83F27E
:10F99000C2F3460343EAC2138A7952FA83F2C2F3EE
:10F9A000460343EAC213CA7952FA83F2C2F346030A
:10F9B00043EAC2130A7A52FA83F2C2F3460343EAD5
:10F9C000C2134A7A897A52FA83F2C2F3460343EAAF
:10F9D000C21351FA83F3DBB24B453FF43AAE4FF01A
:10F9E000FF33E36435E690460CE600BF2DE9F84F9F
:10F9F000D0F8008098F80030042B0CBF4FF08052F4
:10FA00004FF400128A4221D90C46E1061ED18568C6
:10FA100004630646EDB1B8F80A30B4EB432F4FEA61
:10FA20004329C0F0C480012D10D0A4EB090447463F
:10FA3000FB699D420AD23B78013B032B06D8DFE8E5
:10FA400003F06A593B220023C6E90D530220BDE8AA
:10FA5000F88F022B00F28A80B8F80830B3EB541FFD
:10FA6000F4D9D8F82C20B2637563002AEED008F1DF
:10FA70003C08C4F3080302EB54224344C6E90E23B6
:10FA80000020BDE8F88FD6E9043253EA020175D0B0
:10FA9000B068002872D0F1790229A5EB000000F0CF
:10FAA000988003296ED1B36998426BD201356B1CE3
:10FAB00014D10120BDE8F88FB96ABB6B01EBD511F9
:10FAC000994204D03846FEF7D5FF0028F1D1AD00A9
:10FAD00005F4FE752F44FD6B25F07045012DB5D959
:10FAE000D8F81C30AB42B1D9A14562D83768A4EB35
:10FAF00009049DE7B96ABB6B01EB1521994204D05B
:10FB00003846FEF7B7FF0028D3D16D0005F4FF7526
:10FB10002F44BD8FE2E7BB6ABA6B05EB550A03EBD6
:10FB20005A21914206D03846FEF7A4FF0028C0D1E2
:10FB3000BB6ABA6BCAF308000AF1010A384403EB46
:10FB40005A21914290F83CB004D03846FEF792FF1B
:10FB50000028AED1CAF3080A5744EA0797F83C30A8
:10FB60004BEA032B32D54FEA1B15B7E7D8F82C30F8
:10FB7000C571002B3FF470AF1D464CE7F379002BA5
:10FB80007FF464AFF36993BBB96ABB6B01EBD5112A
:10FB9000994204D03846FEF76DFF002889D1AB00AA
:10FBA00003F4FE731F44FD6B25F0004596E7D8F87B
:10FBB0001C30023BA91E9942BFF445AFB8F80A3089
:10FBC000D8F8302001FB0322B2634DE7CBF30B05DD
:10FBD00084E7013B42F1FF325B0A43EAC2537A8970
:10FBE000B3FBF2F398423FF631AF7FF45FAFD8F842
:10FBF0001C30002BBFF62AAFA14503D837686FF041
:10FC0000004574E701496FF00045D7E7FDFFFF7F2E
:10FC10002DE9F04303681C6994F80190002109F173
:10FC20000109804683B04FEA49100A46022A0ED1E4
:10FC30002379627903EBC1339BB203EB5103C3F326
:10FC40004E0102EBC33311FA83F399B20622A35C8F
:10FC500003EBC13301329BB203EB5103904299B2E3
:10FC6000E4D80B0AA170E370D8F84C104046FFF7B7
:10FC7000BDFE0646002840F09B80D8F80000D8F86A
:10FC800038100127836B8B4203D0FEF7F3FE002868
:10FC90007CD1D8F83C30621C9A1A022A44D92268D6
:10FCA0001A6062685A60A2689A60E268DA60226943
:10FCB0001A6162695A61A2699A61E269DA61D8F8E7
:10FCC0000050B9F10109EF7010D02A78D8F830301F
:10FCD000042A03F120030CBF4FF080524FF40012AE
:10FCE000934207D30023C8F838300226304603B0C9
:10FCF000BDE8F083D8F83810002954D0C3F30802C7
:10FD00004AB9D8F834000131C8F83810B8B9288990
:10FD1000B0EB531FE6D928463C3515442034C8F8CB
:10FD20003030C8F83C50ADE7013B224604F12000DA
:10FD300012F8011B03F8011F8242F9D1BFE7B5F8A1
:10FD40000AC00CF1FF3C1CEA532CE4D101464046AA
:10FD5000CDE90032FEF764FF012824D9431C1DD0F1
:10FD6000E9698842BED20239C8F8340002388842B4
:10FD70003BBFB5F80AC0296B002100FB0C11DDE97F
:10FD80000032D8F80000C8F83810C5E7022828BFAC
:10FD90000220C6B2304603B0BDE8F08301263046EB
:10FDA00003B0BDE8F0830226304603B0BDE8F0831F
:10FDB000022828BF0226F6B298E700BF2DE9F04FCF
:10FDC000C16C0668D0F830804A1C83B0044640F00D
:10FDD0009080A76B4FF0010906F13C0A4FF0E50B4C
:10FDE000B26BBA4211D0F378002B4AD1707801235C
:10FDF0003A465146F8F790FF30B14FF0FF33B36306
:10FE0000012003B0BDE8F08FB7633378042B2CD00A
:10FE1000E36B83F800B086F80390256B45452ED23E
:10FE200023681A78042A05F120050CBF4FF0805290
:10FE30004FF40012954205D300230220A36303B0C0
:10FE4000BDE8F08FA76B002F59D0C5F308023AB96F
:10FE5000616B0137A76361BB1989B1EB551FEBD902
:10FE60003C3313442563E363BAE7E26B137803F092
:10FE70007F03137086F80390256B4545D0D300208F
:10FE8000BFE7707801235146F8F78CFF0028B7D1FF
:10FE9000B16BB36A326AF070CB1A9342A6D2B378D0
:10FEA000022BA3D10A44707801235146F8F77AFF58
:10FEB0009CE75889013810EA5520D1D12046CDE978
:10FEC0000032FEF7ADFE012819D9431C98D0009BE3
:10FED000D9698842B0D202396063023888423CBF97
:10FEE00059891F6B019A34BF00FB01770027A76374
:10FEF000B6E7FFF77BFD00283FF46BAF81E70220F8
:10FF00007FE700BF2DE9F04F002187B00768044666
:10FF1000FFF76CFD8046002837D13B78042B00F0BA
:10FF20005D814FF0FF394FF0FF0BA16BC4F84C908F
:10FF3000DA46BB6B8B4205D03846FEF79BFD0028A6
:10FF400040F03E81E56B2E78EEB1EA7AE52E02F0C4
:10FF50003F03A37104D011072FD50F2B00F0908021
:10FF6000C4F84C904FF0FF0A2568266B2B78042BC1
:10FF700006F120060CBF4FF080534FF400139E4251
:10FF800007D30023A3634FF00408404607B0BDE841
:10FF9000F08FA16B0029F6D0C6F3080343B9626B5A
:10FFA0000131A163002A4AD12A89B2EB561FE8D950
:10FFB0003C351D442663E563BBE70F2B60D0BAF1E7
:10FFC000000F00F0AD8094F84B30DA07C8D494F8F5
:10FFD00040202B789A42C3D16A7894F841309A42F3
:10FFE000BED1AA7894F842309A42B9D1EA7894F80E
:10FFF00043309A42B4D12A7994F844309A42AFD12E
:020000021000EC
:100000006A7994F845309A42AAD1AA7994F8463090
:100010009A42A5D1EA7994F847309A42A0D12A7A37
:1000200094F848309A429BD16A7A94F849309A42BF
:1000300096D1AA7A94F84A309A4291D1A5E7688974
:10004000013810EA5620B3D1114620460193FEF73D
:10005000E7FD012840F2BF80431C00F0B680EA694A
:1000600090428ED2023A6063023890423CBF6A8965
:10007000296B019B34BF00FB02111946A16397E76E
:1000800094F84B305A063FF56FAF730640F19280FB
:10009000236B95F80DB0E36406F0BF066B7B5B4500
:1000A00040F08B806B8B002B40F0878095F800A090
:1000B000F868774B04960AF03F0A0AF1FF3A0AEB18
:1000C0004A020121CDE902840AEB820A2E460590FC
:1000D00001971D460A46044613E0BAF1FE0F384662
:1000E00018D802F073FD804634F81A0002F06EFD55
:1000F00080450AF1010A0DD13A46664B9D4200F057
:10010000B38015F8013BF75A002AE6D14FF6FF738A
:100110009F42F2D0DDE90178039C4FF0FF0A23E70C
:100120002A786978D30143EA52035A18C2F3460386
:10013000A97843EAC21351FA83F3C3F34602E9787C
:1001400042EAC31251FA82F3C3F34602297942EA22
:10015000C31251FA82F2C2F34603697943EAC21329
:1001600051FA83F2C2F34603A97943EAC21351FA62
:1001700083F3C3F34602E97942EAC31251FA82F3E8
:10018000C3F34602297A42EAC31251FA82F2C2F359
:100190004603697A43EAC21351FA83F2C2F3460373
:1001A000A97A43EAC21351FA83F3DBB29B457FF489
:1001B0000AAFEAE6B2453FF471AF4FF0FF0AD3E66B
:1001C0008046404607B0BDE8F08F4FF0010840463A
:1001D00007B0BDE8F08F4FF00208D6E6FD6835F8AD
:1001E000020BC14698B102F0F1FCC3B203EB590314
:1001F00003EBC9339BB2C0F3072000EB530000EBC5
:10020000C3301FFA80F935F8020B0028EBD12046E5
:10021000FFF7BCF90028D3D13B699A8C4A45F6D147
:1002200093F823A0BAF1000F30D00546402602E033
:10023000554513D03B69F00608BF0236985B02F0C3
:10024000C5FCFB68834633F8150002F0BFFC83450C
:1002500005F1010506F10206EAD0D8E76D00FB685A
:100260005B5B002BD3D190E63546DDE902842B7829
:10027000019F049E580605D522B1059B33F81A301C
:10028000002B9AD1013E5FFA86FA6DE65546E6E705
:10029000200B02002D0B02002DE9F04FD0F800B02A
:1002A00085B006460D4611F8013B2F2BFAD05C2B8A
:1002B000F8D00023B360F3612B781F2B40F27181DB
:1002C0005A46D2F80C900024A9F10207802B98B26C
:1002D00012D99F2B03D92033DBB21C2B0CD86B789F
:1002E0003F2B05D97E2B25D983F080027C2A21D98A
:1002F000062005B0BDE8F08F0135F8B92B461A7815
:100300002F2A1D4603F10103F9D05C2AF7D02028DB
:1003100034BF042700274CB109EB440232F8023DF8
:10032000202B01D02E2B28D1013CF7D10023A9F896
:100330000030DDE703EB0020023580B24FF4697135
:1003400002F05CFB0028D3D01F28D7D92F28D5D0A6
:100350005C28D3D07F2806D9FF2CC9D027F8020FFC
:1003600001342B78B2E7A94A222303E012F8013FB7
:10037000002BF1D08342F9D1BAE74FF0000329F8FE
:100380001430B9F80030202B40F0BE8009F1020390
:100390000022194633F8020B2028904602F1010290
:1003A000F7D008F1020847F00307FFB209EB440356
:1003B00033F8022D2E2A01D0013CF9D120234FF031
:1003C00020323264726486F8483086F8493086F804
:1003D0004A30088820B329464FF0000A4D460822CB
:1003E000A1460B46544620283ED02E2877D0944272
:1003F00080F08180C14574D07F2800F2A8802B2135
:100400008142DFF80CC206D01CF8011F002900F061
:10041000E9808142F8D10197ABE047F00207FFB2D3
:1004200086F84B703046FFF76DFD96F84B3000288C
:100430004DD15A073FF55DAFB379DB0640F1CE8071
:100440009BF80010042966D0326B0BF13C03C2F319
:100450000802134403295A8B04BF9B8A42EA0342D1
:10046000B26032682B782CE747F00307FFB24146B1
:1004700035F8110001F101080028B4D11D4696F8A5
:100480004030E52B04BF052386F84030082A52D0BF
:100490000AF00C030C2BC0D00AF00303032BBCD0D2
:1004A000B907BDD41AF0010F1CBF47F01007FFB207
:1004B0001AF0040F1CBF47F00807FFB286F84B7014
:1004C0003046FFF71FFD96F84B300028B1D00428C6
:1004D0007FF40FAF13F0040F08BF052009E7C145F3
:1004E000C2D10B2A6DD04FEA8A0A5FFA8AFA4946CE
:1004F0000B220824BCE70B2A63D0C145F3D047F098
:100500000307FFB2BAD3EEE72E2B49464FF001089E
:100510007FF44CAF47E73369F279B168DBF810003C
:1005200023F0FF031343F26CB262C6E908133146AD
:10053000FEF724F995E74FEA8A0A0AF00C030C2B20
:100540005FFA8AFA3FF469AFB807B1D568E747F0B8
:100550000201CDE90223CBB2019302F037FB4FF445
:10056000697102F05BF9FF28DDE902230DD800284C
:1005700049D1019941F00307FFB25F2006EB040C5B
:1005800041468CF84000013472E7511EA14212D955
:1005900031194FEA102C019F81F840C00134C0B2DC
:1005A000ECE780230021304686F84B3005B0BDE8EB
:1005B000F04FFFF71BBA47F00307FFB2414614465E
:1005C00056E71D4696F8403047F00307E52BFFB28B
:1005D0007FF45EAF052386F8403059E7052005B06B
:1005E000BDE8F08FA0F1410189B2192901D84AF084
:1005F000020AA0F1610189B219299CBF20384AF092
:10060000010AC0B2BAE7019FF9E600BF0C0B020075
:10061000180B02002DE9F84F05688046894600292D
:1006200040F0B2806E690EB3EB69B34298BF012609
:10063000AB69FBB12B78042B00F0E8804E4500F04D
:10064000CB80EB69344601349C4259D3012E11D939
:10065000D8F800700224FA69A24255D93A78013AD2
:10066000032A51D8DFE802F065542F0AAB6901264E
:10067000002BDFD100242046BDE8F88FD8E9042004
:1006800052EA000100F08C80D8F80810002900F030
:10069000878098F807C0BCF1020FA4EB010100F0BD
:1006A0006581BCF1030F7FD1D8F8182091427BD22D
:1006B000621C002A00F04C8101321BD14FF0FF3444
:1006C0002046BDE8F88FB96ABB6B01EBD4119942A3
:1006D00004D03846FEF7CEF90028EFD1A30003F48A
:1006E000FE731F44FB6B23F07043002B00F02F813F
:1006F000012B09D0A642BDD0EB6901349C42A5D2A2
:10070000012CD8F80070A6D801242046BDE8F88F47
:10071000B96ABB6B01EB1421994204D03846FEF74D
:10072000A9F90028CAD1630003F4FF731F44BB8FEB
:10073000DBE7BB6ABA6B04EB540B03EB5B21914222
:1007400006D03846FEF796F90028B7D1BB6ABA6BD7
:10075000CBF308000BF1010B384403EB5B21914212
:1007600090F83CA004D03846FEF784F90028A5D1C3
:10077000CBF3080B5F44E20797F83C304AEA0323C7
:1007800040F1DC801B09B0E7FEF74AFA0128044675
:10079000BAD9601C92D0EB69A342B6D84E4647E75F
:1007A00098F80730002BAFD1D8F81C30002BA1D11E
:1007B000B96ABB6B01EBD411994205D03846FEF7FC
:1007C00059F900287FF47AAFA30003F4FE731F44A5
:1007D000FB6B23F0004388E7EB69741CA34298BFCE
:1007E000022421464046FEF71BFA01288CD0411C0A
:1007F0003FF464AF002800F0A4806A69EB69012A25
:100800007FF620AF934288BF16461BE7EB69B41E04
:10081000A3F1020C644528BF002427464FF0010ACB
:10082000696BAB6B01EB1731994208D02846FEF794
:1008300021F900287FF442AFEB69A3F1020CC7F362
:10084000C8016B1807F0070293F83C007B1C0AFAFA
:1008500002F263455FFA82FE02EA000215D2B2B1EB
:100860009C423FF407AF4FEA4E0E5FFA8EFE1F46E2
:10087000BEF1000F50D04FEA4E0B72460BF0FC0E4B
:100880000133634502EA00023DD3002A51D103330C
:1008900007F102043FF639AF07F0070A012303FA14
:1008A0000AF3696B5FFA83FAAB6B01EB173199427C
:1008B000C7F3C80705D02846FEF7DCF800287FF408
:1008C000FDAE2F4497F83C301AEA030F7FF41CAFBB
:1008D0008AEA030387F83C300123EB70B9F1000F7B
:1008E00066D1022388F80730D5E90623023B9A42F5
:1008F0002B796C6198BF02F1FF3243F0010398BF7E
:10090000AA612B7101E7002AC1D0A3421F463FF420
:10091000B1AEBEF1000FAED10131B1F5007F05EBF4
:1009200001023FF47DAF92F83C004FF0020E01222D
:10093000A6E7002C3FF49EAE002771E7C3F30B033C
:10094000D3E6002C3FF47DAE012C3FF4DDAEEB6925
:10095000A3427FF6D9AE4FF0FF3221462846FEF77C
:10096000BBF890B101283FF4A9AECDE6013A40F1C1
:10097000FF30520A42EAC0527889B2FBF0F291424B
:100980003FF6C2AE7FF494AEB4E6B9F1000FABD03F
:10099000B9F1010F3FF4B8AEEB699945BFF4B4AEBD
:1009A000224649462846FEF797F80028DAD19BE709
:1009B00098F80730022B2DD009F10103A34224D06F
:1009C000D8F81C3013B90123C8F81C30A9EB030276
:1009D000511C012B14BF0232224601297FF694AE2E
:1009E000D8F80000C3699942BFF48EAEFEF774F8E0
:1009F0000028B7D1D8F81C30013BC8F81C30002BB8
:100A0000E4D10123C8F81C306EE7D8F81C3073B16C
:100A10000133F7E7731CA3423FF466AFD8F8083000
:100A2000F31AC8F81830032388F80730C4E7022304
:100A3000E8E700BF2DE9F04F8A4683B00021076840
:100A40000446FEF7D3FF814630B1042800F0AF80A2
:100A5000484603B0BDE8F08FA66BB96B804607F13E
:100A60003C0B8E4214D0FB78002B4AD178780123BE
:100A700032465946F8F750F940B14FF0FF33BB63A7
:100A80004FF00109484603B0BDE8F08FBE63314620
:100A90003B78042BE36B2BD01B78E52B2CD05BB37E
:100AA0004FF000082568236B2A78042A03F12003FD
:100AB0000CBF4FF080524FF40012934204D3002336
:100AC000A3634FF00709C3E7A66B002E6FD0C3F3F3
:100AD000080242B9616B0136A66359BB2989B1EBA3
:100AE000531FECD9B96B23633C351544E563B8E774
:100AF00093F90030002BD3DB08F10108D045D1D1A8
:100B0000A6E70A46787801235946F8F74BF90028FA
:100B1000B6D1B96BBB6A3A6AF870CB1A9342A5D2C8
:100B2000BB78022BA2D10A44787801235946F8F702
:100B300039F99BE76889013810EA5320D2D1204661
:100B4000CDE90032FEF76CF80128DDE900320646F7
:100B50002AD9411C94D0E969884219D3616B204697
:100B6000CDE90032FFF756FD064600B301281BD041
:100B7000431C85D001462846FEF736FA00287FF44C
:100B80007FAFE17941F00401E171DDE90032E9690B
:100B900066630239023E8E423BBF6889296B00269C
:100BA00006FB0016A6639DE74FF0020950E74FF0E1
:100BB00007094DE72DE9F04F90F84B8018F0A00A97
:100BC0009FB040F0E5810768FB681A880646002A56
:100BD00000F0D1821A4632F8021F0AF1010A0029F8
:100BE000F9D13A78042A00F03F8106F1400207CAA1
:100BF0000AAC18F0010F84E8070000F0F8804022EA
:100C000086F84B209DF8282002929DF82920039217
:100C10009DF82A2005929DF82B2007929DF82C2004
:100C200006929DF82D209DF82F109DF8310004921A
:100C30009DF82E2000919DF832909DF83010884D3F
:100C40000191CDE9088A4FF0300B19468046924653
:100C5000019B029A86F84830002362F30703039A47
:100C600086F8498062F30F23059A86F84A9062F36A
:100C70001743079A62F31F63069A3364002362F3F3
:100C80000703049A62F30F23009A6AF3174362F38F
:100C90001F6373640A88734B100A83EA0043580089
:100CA0001C0248BF68404300000248BF6B40580028
:100CB0001C0248BF68404300000248BF6B40580018
:100CC0001C0248BF68404300000248BF6B40580008
:100CD0001C0248BF68404300000248BF6B40D2B2CC
:100CE00083EA02425000130248BF684043000402F6
:100CF00048BF6B405A00180248BF6A4053001202B6
:100D000048BF6B405A001B0248BF6A4053001402A0
:100D100048BF6B405A00180248BF6A405300120295
:100D200031F8022F48BF6B40002AB5D103F00F0104
:100D300001F1300223F07F43C3F30310392A88BF47
:100D400001F1370200F13001C3F30324392988BFD0
:100D500000F1370104F13000C3F3033C392888BFA8
:100D600004F137000CF13004C3F3034E392C88BF73
:100D70000CF137040EF1300C1B0DBCF1390F88BF9C
:100D80000EF1370C03F1300EBEF1390F88BF03F1BD
:100D9000370EBBF1390F86BF0BF10703DBB25B46A1
:100DA00086F840304FF07E0386F8450086F842E032
:100DB00086F843C086F8444086F8461086F84720F7
:100DC00086F841303046FFF79DF848B90BF1010B2A
:100DD0005FFA8BFBBBF1400F00F0C881F96837E781
:100DE0000428DDE9088A044636D186F84B8018F0DD
:100DF000020F40F0D28001213046FFF71BFE04466F
:100E000050BBB16BBB6B994204D03846FDF732FE44
:100E1000044608BB2022F06B00210DF0F1FFF36BBC
:100E200006F141029A1A022A40F2F882326C1A60E4
:100E3000726C5A6096F848201A7296F849205A72D5
:100E400096F84A209A7296F84B30F16B03F018032B
:100E500001220B730024FA7020461FB0BDE8F08F0A
:100E6000FB4C8601CE04B700CD4B0AF10E05A3FB67
:100E70000535ED08A91C3046FFF7DCFD04460028C7
:100E8000EAD1336B0135A3EB4515F379F5645A07C5
:100E900028D503F0FB03032BF37100F03C81F369C9
:100EA000756BDBB1EA1A02F1010C012B14BF02329F
:100EB0004FF0FF32BCF1010F614640F252813068C1
:100EC000C3699C4580F04D81FDF706FE002840F087
:100ED000E381F369013BF361002BE3D1B368002B9D
:100EE00040F062813E69FD684022002130460DF0ED
:100EF00087FF85234FF000093370C02386F8203028
:100F0000CA46012240214846C6F104084FF0C10BF1
:100F100026F801B073185FFA8AF10091002A40F0B8
:100F20002C8105EB400E1746944608EB0301DF7059
:100F3000CF0683F802C003F10203EFD1BEF80070C0
:100F40000AF1010A002FE3D1009B86F823900233B7
:100F5000737035F8020B002800F05E8201F036FE57
:100F6000C3B203EB570303EBC7339AB2C0F30723B3
:100F700003EB520335F8020B03EBC2339FB2002898
:100F8000ECD1FBB2380A86F8243086F8250063E7F6
:100F9000062420461FB0BDE8F08FDFF808820AF172
:100FA0000C0AA8FB0A384FEA980808F101013046FC
:100FB000FFF740FD044600287FF44EAFBAF10C0F56
:100FC0003FF41FAF316B3046A1EB4811FEF70EFD29
:100FD000044600287FF440AF96F8402096F8411070
:100FE000D30143EA52035A18C2F3460396F842105B
:100FF00043EAC21351FA83F2C2F3460396F8431050
:1010000043EAC21351FA83F2C2F3460396F844103E
:1010100043EAC21351FA83F2C2F3460396F845102D
:1010200043EAC21351FA83F2C2F3460396F846101C
:1010300043EAC21351FA83F2C2F3460396F847100B
:1010400043EAC21351FA83F2C2F3460396F84810FA
:1010500043EAC21351FA83F2C2F3460396F84910E9
:1010600043EAC21351FA83F396F84A20C3F34609C0
:1010700049EAC31952FA89F983465FFA89F94FF0B0
:101080000F0A4FF6FF75B16BBB6B994205D038461E
:10109000FDF7F0FC002840F0FF805FFA88F0421E68
:1010A000F36B02EB420102EB8102F96883F80D90C9
:1010B00083F80BA083F80CB083F81AB083F81BB048
:1010C00031F812C083F801C04FEA1C249C70540010
:1010D000BCF1000F40F0E280A3F80350A3F80550E4
:1010E000A3F80750A3F80950DD811D825D829D821F
:1010F000DD821D839D83DD8340F040001870012355
:10110000FB703046FDF72CFE002840F0C580B8F19A
:101110000108B8D175E6B369B568002B00F0978176
:10112000012D1ED930682B4403F1FF38C36905F146
:101130000109AB4229464A4613D9FDF7CDFC0028E8
:1011400040F0AA80454500F08281B9F1010F08D92D
:101150003068C3694D4605F10109AB4229464A464C
:10116000EBD8022420461FB0BDE8F08F07242046AC
:101170001FB0BDE8F08F924633E535F8102009F135
:10118000010105EB400E3AB1C8B281465FFA82FC1C
:10119000170A05EB400EC8E617469446C5E600BFA1
:1011A000898888884FECC44E736A32680A92326A22
:1011B000B16A0C928DF82F3023F0FF020AA80023A9
:1011C0000E921D910F931193FEF710FC002863D12E
:1011D0000AA8FDF70FFE0146002840F03B81D6E942
:1011E0000432B7F80AC04FF40075ECFB05321D0A53
:1011F0008C4645EA026563F3070C4FEA134EC6E9D5
:10120000043265F30F2C4EEA024E1B0E43EA022312
:101210000D466EF3174C63F31F6C62F30705130A58
:1012200063F30F25130C63F31745120E3B6962F34A
:101230001F65C3F838C0DD63D6E904234FEA122CDA
:101240004CEA036C0D4662F307016CF30F214FEA81
:10125000124C4CEA034C120E42EA03226CF3174183
:1012600063F3070562F31F611A0A62F30F251A0C74
:1012700062F317451B0E63F31F653B699962DD62DC
:10128000F3793A6943F001030AA882F82130FEF7A6
:10129000BFFC00283FF426AE0446DDE5AC453FF434
:1012A0001BAF01324FEA420C31F81220DA704FEADC
:1012B000122E83F804E0002A3FF410AFAA423FF454
:1012C0000DAF01EB0C02B2F802C083F805C04FEA83
:1012D0001C2E83F806E0BCF1000F3FF401AFAC45D3
:1012E0003FF4FEAEB2F804C083F807C04FEA1C2EEC
:1012F00083F808E0BCF1000F3FF4F4AEAC453FF4D6
:10130000F1AEB2F806C083F809C04FEA1C2E83F88C
:101310000AE0BCF1000F3FF4E7AEAC453FF4E4AEA9
:10132000B2F808C083F80EC04FEA1C2E83F80FE015
:10133000BCF1000F3FF4D9AEAC453FF4D6AEB2F8E5
:101340000AC083F810C04FEA1C2E83F811E0BCF1EC
:10135000000F3FF4CBAEAC453FF4C8AEB2F80CC0C2
:1013600083F812C04FEA1C2E83F813E0BCF1000F83
:101370003FF4BDAEAC453FF4BAAEB2F80EC083F850
:1013800014C04FEA1C2E83F815E0BCF1000F3FF4A7
:10139000AFAEAC453FF4ACAEB2F810C083F816C0A7
:1013A0004FEA1C2E83F817E0BCF1000F3FF4A1AE0A
:1013B000AC453FF49EAEB2F812C083F818C04FEAB5
:1013C0001C2E83F819E0BCF1000F3FF493AEAC453E
:1013D0003FF490AEB2F814C083F81CC04FEA1C2E44
:1013E00083F81DE0BCF1000F3FF485AEAC453FF43F
:1013F00082AED28A9A7702F1FF3C120ADA771FFA9C
:101400008CF24FF6FD7C62453FF676AE21444A8B66
:10141000002A7FF473AE6FE60346B4E596F84020E9
:101420001A7096F841205A7096F842209A7096F8F1
:101430004320DA7096F844201A7196F845205A71C4
:1014400096F846209A7196F84720DA71F2E4002364
:10145000F37124E50446FFE42DE9F04F0129056806
:1014600083B01DD9EB698B420C4619D90646174645
:1014700072B9AA46A3464FF00109A34210D99AF8BF
:101480000030013B032B0BD8DFE803F095813D1BB7
:101490002A78042A00F0C180012F01D0BB4203D872
:1014A000022003B0BDE8F08F4FF0FF3239462846E6
:1014B000FDF712FB0028F4D1D6F800A0DAF81C30B2
:1014C000D8E7D6E9043253EA020100F0EE80B168B1
:1014D000002900F0EA80F0790228A4EB010100F075
:1014E0000181032840F0E580B369994280F0E180F2
:1014F00004F10108B8F1000F00F00A81B8F1FF3FD4
:101500001DD10120CDE7DAF82810DAF8383001EBE8
:10151000D411994204D05046FDF7ACFA0028F0D11E
:10152000A30003F4FE739A44DAF83C8028F0704874
:10153000B8F1000F00F0EC80B8F1010FB0D02B78BB
:10154000042B09D0EB69A342AAD9002221462846E0
:10155000FDF7C2FA0028A4D1D5E90632911E8B42CC
:1015600005D20133AB612B7943F001032B710134B8
:10157000444503D02B78042B54D0C346904580F0CB
:10158000C780D6F800A04446DAF81C3075E7DAF8D0
:101590002810DAF8383001EB1421994204D0504673
:1015A000FDF768FA0028ACD1630003F4FF739A4496
:1015B000BAF83C80BCE7DAF82830DAF8382004EBD7
:1015C000540803EB5821914208D05046FDF752FAD7
:1015D000002896D1DAF82830DAF83820C8F3080065
:1015E00008F1010803EB58215044914290F83C3037
:1015F00006D050460193FDF73DFA019B002880D1AB
:10160000C8F30808C244E2079AF83C8043EA08237A
:1016100040F18A804FEA13188AE7C279022A7FF4E0
:101620003BAF26E7A4EB0B0AABF1020B0BF0070470
:10163000696B09FA04F401EB1B31E4B2CBF3C80B7C
:10164000AB6B994207D028460191FDF713FA019937
:1016500000287FF456AF05EB0B0292F83C301C4299
:101660003FF41EAF6340BAF1010A82F83C3085F8BE
:10167000039007D151E0BAF1010A82F83C3085F8B5
:1016800003904AD0640014F0FF0409D10BF1010B60
:10169000BBF5007F05EB0B0242D092F83C300124F1
:1016A0001C4283EA0403E6D1FAE6F379002B7FF4C7
:1016B000F7AEF3692BBBDAF82810DAF8383001EB13
:1016C000D411994205D05046FDF7D4F900287FF493
:1016D00018AFA30003F4FE739A44DAF83C8028F0B4
:1016E000004825E7013B42F1FF325B0A43EAC2535F
:1016F000BAF80A20B3FBF2F399423FF6D1AE7FF479
:10170000F7AE2B78042B6FF000487FF41BAF23E774
:101710002B78042B0BD00020C3E6EA69C3462DE7E3
:10172000A346013101248BE7C3F30B0800E717B987
:10173000F7713846B5E6F379A3B9B4680BE0FDF765
:101740006FFA012804F101047FF6AAAE431C3FF4AE
:10175000D8AE8442DFD1BC4221463046EFD10223CD
:10176000F371D8E7032BD6D1B368BB42D3D8B269A3
:101770001344BB42CFD3F2E700B583B0CDE90010EC
:1017800011B38C4601E03A2B1AD01CF8013B1F2BF9
:10179000F9D811490B680BB100201870019B0BB1EF
:1017A000002018700B601AB9104603B05DF804FBF6
:1017B000002201A96846FDF7D7FC03B05DF804FBE1
:1017C00011F8023B8C4503D00B2003B05DF804FBFD
:1017D000302BF9D1DDE700BF2027002000000000FA
:1017E0002DE9F04798B00191002800F0948002F0B4
:1017F0003F07164604463A4603A901A8FDF7B4FC84
:10180000054628B100232360284618B0BDE8F087BC
:10181000039B0199049304A8FEF73EFD80B99DF94E
:101820005B30002B7CDB16F01C0F10D09DF81630BF
:1018300013F0110F76D1700740F1E0800825E1E741
:1018400016F01C0F01D0042870D00546DAE79DF889
:101850001630DA0668D4B20701D5DB0762D406F089
:101860000806DDF80CA0002E40F0B080DAF8383021
:10187000A364139BE3649AF80020042A00F0AB8071
:10188000032A598B04BF9A8A41EA0241A160DB69AD
:101890002361002363619FED927BBAF80630A38039
:1018A0004FF0000904F1500884ED0E7BC4F800A04D
:1018B00084F8307084F83190C4F844904FF400728A
:1018C000494640460DF09CFABE069DD5D4E9046712
:1018D00056EA070398D0BAF80AA0A168A6634FEAAF
:1018E0004A2AB24579EB0703E7630BD38BE0481C28
:1018F0006FD0B6EB0A0667F10007B24579EB070334
:1019000080F081802046FDF78BF901280146EED852
:101910000225216476E70925284618B0BDE8F0873E
:1019200006256FE707256DE704256BE704A8FFF799
:1019300041F947F00807002887D1039A1378042B50
:1019400075D0139E032B08BFB38AB6F81A8008BF60
:1019500048EA0348F4F7C8FE030AB073F373030CB4
:10196000000E33747074139BDDF80CA02022DA7221
:10197000139B00225A839AF80010032900D19A82FF
:10198000139B0022DA6101238AF80330B8F1000FBB
:101990001CD004A84146DAF83860FFF75DFD002846
:1019A0007FF453AFDDF80CA0DAF838309E4200F037
:1019B000878050463146FDF75DF8DDF80CA008F150
:1019C000FF33CAF8143000287FF43FAF47F04007D8
:1019D0004CE701259DE7069BDAF810002362089B7F
:1019E0009DF8172023F0FF0313436362179BA36244
:1019F0002146FCF7C3FEDDF80CA04CE731079CD470
:101A0000DDF80CA032E7C6F308032164002B3FF495
:101A1000FBAE881E0399CB69023B984205D24A89E6
:101A20000B6B00FB023000283BD10225EAE610696F
:101A300022602146FCF7A2FE039B18691E220021AA
:101A400002300DF0DDF903990B690022C3F826205E
:101A5000C3F82A20C3F82E20C3F83220C3F836205A
:101A6000C3F83A20DA870B6920221A710E69F4F75D
:101A70003BFE0346190A7172039A3072190C1B0E51
:101A8000B172F3721369012204A883F82120FEF7D2
:101A9000BFF800287FF4D9AEA168B1B9DDF80CA079
:101AA00094E7720A42EAC75202446264487801230A
:101AB0004146F7F731F900283FF4A6AE0125A1E62B
:101AC00008F1FF33CAF8143080E702462046FFF7DA
:101AD000C3FCA368DDF80CA0013BCAF8143072E720
:101AE00000000000000000002DE9F04F98460023A0
:101AF00085B0C8F8003050B1036804463BB11746C2
:101B00001A7822B1DA880D468188914205D04FF0CB
:101B10000909484605B0BDE8F08F5878F7F7F4F8A2
:101B2000C107F4D494F83190B9F1000FF1D194F8D1
:101B300030309A0740F10381D4F800B09BF80020C0
:101B4000042A03D0A26BFA4228BFD743002F7BD0D0
:101B5000D4E90E3604F1500204F51471CDE90119EF
:101B60009146C3F30802002A40F08180BBF80AA026
:101B70005A0A0AF1FF3A42EAC6521AEA020A10D198
:101B8000334340F0CB80A068002800F0DB800128C0
:101B900000F0A580431C00F0B980A368206403B95D
:101BA000A06094F93030002BC0F2A180226CDBF8E9
:101BB0001C30023A023B9A4280F09180BBF80A1036
:101BC000DBF8303001FB0232002A00F08880B7F5E4
:101BD000007F52443DD30AEB57238B424FEA5726EE
:101BE00088BFA1EB0A069BF801000392F3B22946D5
:101BF000F7F7D8F8002840F08980636C039A9A1AA6
:101C0000B242C0F0B38005EB46237602D8F800203C
:101C10001D46A36BBF1BF3181644D4E90412C8F881
:101C20000060E66BA36346F10006994272EB060082
:101C30003CBF19463246C4E90412E663002F90D136
:101C4000DDF8089094F8303043F0400384F83030E9
:101C50005FE7636C9342A36B06D02069E66B616912
:101C6000834276EB010175D36264C3F30802C2F5C7
:101C700000766B1C4A44BE42A2EB030328BF3E46DB
:101C8000022B06F1FF3E51D9BEF1070F4ED926F0C7
:101C9000030C94441346294651F8040B43F8040BF3
:101CA0009C45F9D126F003018E4202EB010005EBC1
:101CB00001030DD015F801C002F801C0BEEB01010F
:101CC00005D05A78427001291CBF9B788370AB19EC
:101CD00094F8302062F07F0284F8302096E74FF0CD
:101CE0000209484684F8319005B0BDE8F08F626C77
:101CF0009BF8010001234946F7F754F830B994F8EE
:101D0000303003F07F0384F830304FE74FF00109A3
:101D1000484684F8319005B0BDE8F08F216C20462C
:101D2000FEF778FC00287FF432AF89E7013AAB195F
:101D300015F8011B02F8011F9D42F9D1C8E74FF0C9
:101D40000709E6E601462046FEF764FC00287FF41A
:101D50001EAF75E79BF80100039201234946F6F791
:101D6000DBFF0028D2D1A36B039A7DE705EB42216C
:101D70000131A9EB0101022905EB42230ED901989B
:101D80004A4653F8041B42F8041B8242F9D194F8E6
:101D9000303003F07F0384F8303034E704F14F0231
:101DA00003F5007013F8011B02F8011F9842F9D1E6
:101DB000EDE700BF00285DD02DE9F043036895B042
:101DC00004462BB11A781AB18188DA88914204D07E
:101DD0000923184615B0BDE8F0835878F6F794FF4C
:101DE000C207F5D494F8302012F04003F1D0130666
:101DF000266842D4F4F778FC3378042B05464DD09E
:101E0000A16CB36B994205D03046FCF733FE034614
:101E10000028DED1E26CD37A43F02003D372A368AA
:101E200021689376C3F30720D0760978032903D17C
:101E30001B0C13751B0A537523691377190A517705
:101E4000190C1B0ED3772B0AD3752B0C137600239A
:101E5000957553822D0E012391775576F370304698
:101E6000FCF722FC94F8302022F04002034684F86C
:101E70003020AEE7092318467047626C7078012362
:101E800004F15001F6F78EFF002840F0E68094F848
:101E9000303003F07F0384F83030ABE7E379032B75
:101EA00000F0B580E369276CE3B1FA1A02F1010C86
:101EB000012B14BF02324FF0FF32BCF1010F61461B
:101EC00040F2C9802068C3699C4580F0C480FCF75B
:101ED00003FE034600287FF47CAFE369013BE36126
:101EE000002BE2D1636A22680092226AA16A029200
:101EF0008DF8073023F0FF0268460023059307930F
:101F000004921391FDF772FD034600287FF461AF40
:101F10006846FCF76FFF034600287FF45AAF31692B
:101F20000A7942F020020A71E279316942F0010235
:101F300081F82120A2683169170A81F8342081F8DC
:101F40003570170C120E81F8367081F83720216930
:101F500062699C464FEA112E4EEA026E61F3070C4D
:101F60006EF30F2C4FEA114E4EEA024E090E1F4639
:101F700041EA02216EF3174C61F31F6C62F307070D
:101F8000110A61F30F27110C61F31747120E62F368
:101F90001F673269C2F838C0D763D4E904129C467F
:101FA0004FEA112E4EEA026E61F3070C6EF30F2C0E
:101FB0004FEA114E4EEA024E090E1F4641EA022137
:101FC0006EF3174C61F31F6C62F30707110A61F39C
:101FD0000F27110C61F31747120E62F31F67326966
:101FE000C2F828C0D7623269290A15735173290CC7
:101FF0002D0E9173D573326953753269684613613A
:10200000FDF706FE034600287FF4E3AE27E7A36949
:10201000A76823B3012F1ED920683B4403F1FF3882
:10202000C36907F10109BB4239464A4613D9FCF797
:1020300053FD034600287FF4CCAE47450FD0B9F1DD
:10204000010F08D92068C3694F4607F10109BB4257
:1020500039464A46EBD80223BBE60123B9E6002302
:10206000E3711FE710B50446FFF7A4FE00B110BDF1
:102070003CB123682BB11A781AB1A188DA88914251
:1020800001D0092010BD5878F6F73EFE10F001008F
:10209000F7D1206010BD00BF2DE9F04F83B050B1E3
:1020A0001F460368044633B116461A781AB1818870
:1020B000DA88914205D009230093009803B0BDE867
:1020C000F08F5878F6F720FEC207F4D494F8313038
:1020D000D4F800900093002BEFD199F80030042B36
:1020E00000F0D3804FF0FF320023B24273EB0701C0
:1020F00001D216461F46D4E90423B24273EB07010E
:1021000007D294F8301001F00201002904BF1646EE
:102110001F460020002156EA0702D4E90E35C4E923
:102120000E01CAD0B9F80A8053EA05024FEA4828DE
:1021300000F0948013F1FF3B45F1FF35701E67F10D
:102140000001424600230CF035F9002301908A4635
:102150004246584629460CF02DF9019B83427AEB02
:1021600001037BD3C8F1000C0CEA0B00361A294698
:10217000E56367EB0507256CA063002D45D0B045EE
:102180004FF00003BB4180F0C8800A46294623E097
:1021900043F0400B6369019323696345019B9341BD
:1021A0003CBFC4E904C284F830B0FEF733FA0146FC
:1021B00040B34B1C61D0012940F29280D9F81C3009
:1021C0008B4240F28D80D0454FF00003AB4121643B
:1021D00080F0A080D4E90E02B6EB080A94F8303003
:1021E00067F1000510EB080C42F1000213F0020F3A
:1021F000C4E90EC2204656462F46C9D1FCF710FD51
:102200000146D6E70546D4E90E01D4E9042382420B
:102210008B4128BFC0F3080009D294F8303043F056
:102220004003C4E9040184F83030C0F308000028FA
:102230003FF443AF626CAA423FF43FAF94F93030B1
:10224000002B04F1500110DB99F8010001232A460C
:10225000F6F762FD009080B965642EE7A568002D51
:1022600043D000200146256487E799F801000091DA
:102270000123F6F797FD002844D00120009084F850
:102280003100009803B0BDE8F08FE369256C002BA6
:102290003FF431AFCE46EA1A02F1010C012B14BF14
:1022A00002324FF0FF32BCF1010F6146704614D983
:1022B000DEF81C309C4510D2FCF70EFC00284BD1F8
:1022C000E369013BE36113B1D4F800E0E3E799F877
:1022D0000030042B3FF40FAF04E702230093ECE639
:1022E000022084F831000090E7E629462046FEF7F8
:1022F00091F901280546F3D0431CBED0A060D4E973
:102300000E01B0E794F83030009903F07F0384F8B1
:10231000303099E70D46D4E90E0116EB000C41EB85
:102320000701C6F30803C4E90EC1604693B1D9F8AA
:102330001C30023D023B9D42D2D2B9F80A20D9F8A6
:10234000303005FB0235002DCAD0760A46EAC75662
:1023500035445AE71D4658E70090AEE630B597B0D1
:102360000D460190002202A901A8FCF7FDFE0446DB
:1023700010B1204617B030BD019902A8FDF78CFFBF
:1023800004460028F5D19DF95330002B06DB002DC3
:10239000EFD0294602A8FCF7FFF9EAE70624E8E7B0
:1023A00070B5A4B00222019003A901A8FCF7DCFEDD
:1023B000044610B1204624B070BD039B01991093D0
:1023C000054610A8FDF768FF044690B10428F1D136
:1023D000039B0493294604A8FEF71CF9054660B93F
:1023E000F4F782F907240022294604A8FFF734F8FD
:1023F000E0E70824204624B070BD012800F0898061
:10240000431C00F08280F4F76FF9294606460398D2
:10241000FCF7EAFD04460028E5D1039B1A78042A5C
:102420004AD04FF02031D9631964C3F843102E21EC
:1024300083F83C10102183F84710310A83F85310B9
:10244000310C83F85410310E83F85510032AC5F36C
:10245000072183F8526083F8565083F8571005D14E
:102460002A0C83F85020120A83F85120DA6BDA65BF
:102470001A6C1A665A6C5A669A6C9A66DA6CDA6644
:102480001A6D1A675A6D5A679A6D9A67039B129A6A
:10249000197883F876202E2083F85D000329C2F393
:1024A000072083F8770005D1120C83F87020120AF8
:1024B00083F871200122DA7010A8FEF77BFB024638
:1024C000044600288FD1039B1978042925D01F9A30
:1024D000310A9675D175310C360E117656761F99E4
:1024E000C5F307228D76CA761A78032A03D12D0CFC
:1024F0002A0A0D754A751F9910200122C872DA70D8
:102500001846FCF7D1F8044654E7F4F7EDF8012437
:1025100069E7F4F7E9F8022465E71969340A0E73EC
:102520004C73340C360E8C73CE7319692C0A81F8F7
:10253000345081F835402C0C2D0E81F8375081F83D
:10254000364059891C694D0084F83950CD09C90BB2
:1025500084F8382084F83A5084F83B1059891C6973
:1025600084F828204A0084F82920CA09C90B84F875
:102570002B1084F82A201A69032182F821101B6984
:1025800010221A7110A8FDF743FB039B0446002894
:102590007FF410AFB4E700BF2DE9F043BDB00D46A6
:1025A000019041B10A4602E03A2B00F0998012F8FE
:1025B000013B1F2BF8D8022203A901A8FCF7D4FD88
:1025C00010B13DB0BDE8F08314AC039B01991493A6
:1025D0002046FDF761FE0028F3D19DF89B3013F0F3
:1025E000A00F40F08780039B1A78042A00F08A80AD
:1025F000239E30687168B268F3680DF1100CACE886
:102600000F0030697169B269F36928AEACE80F0058
:102610002146502230460CF0E5FB29463046FDF7B6
:102620003BFE002868D00428CBD13046FEF7C2FA22
:102630000028C6D1379BDDF81D20DDF82110C3F836
:102640000D20C3F811109DF81B209DF82F10D9778D
:10265000DDF82910DDF82500C3F81910D10658BFA0
:1026600042F02002C3F815000398DA72BDF82D502D
:10267000A3F81D500122C270DA7AD20626D5169927
:102680002A9A914222D00578598B032D04BF9B8A48
:1026900041EA0341C3690239023B994280F0A180BB
:1026A0004589036B01FB0531002900F09A80836B9B
:1026B000994200F0AB80FCF7DDF9002881D1039846
:1026C00090F85D202E2A034600F08D802046FDF70D
:1026D00075FB00287FF475AF0398FBF7E5FF70E703
:1026E0002B4613F8021B9A427FF465AF302908BFCE
:1026F000154660E7062064E72A9A169B9A426BD03B
:1027000008205EE7D3F810C004AE0CF14007DCF8F7
:102710000000DCF80410DCF80820DCF80C30B646C9
:10272000AEE80F000CF1100CBC457646EFD128AE98
:102730002146502230460CF055FB29463046FDF725
:10274000ABFD002844D12A9A169B9A42D8D1349ADC
:10275000209B9A42D4D13046FEF72CFA00287FF411
:1027600030AF039B1F6997F8019097F82380B7F863
:1027700024E004ADAC46BCE80F00A44507F1100707
:1027800005F1100547F8100C47F80C1C47F8082C09
:1027900047F8043CEED1039B1B6983F80190039B2F
:1027A0001A6982F823801A694FEA1E2182F824E010
:1027B00082F825101A691379D8065CBF43F020030C
:1027C00013713046FDF724FA00283FF47FAFF8E696
:1027D00004287FF4F6AEBEE7349A209B9A428FD14C
:1027E00023E70220EDE62A9A80F87620C2F307213B
:1027F00080F877101978032905D1120C110A80F896
:10280000702080F871100122DA705FE790F85D3077
:102810002E2B7FF45BAF039BE6E700BF7F2801D838
:1028200080B27047B0F5803F02D2B1F5697F01D028
:102830000020704747F28503984282B200F0D480AE
:102840009A4240F66E618CBF0B46002310B541F6EC
:10285000DD4E98BF8E46AEEB030C03EB5C0C654976
:1028600031F82C40A2424FEA8C0000F0BA8084BFBD
:102870006346F446ACEB030E03EB5E0E4FEA8E00AC
:1028800031F82E40A24200F0AC8084BF7346E64689
:10289000AEEB030C03EB5C0C4FEA8C0031F82C40E0
:1028A000A24200F09E8084BF6346F446ACEB030E68
:1028B00003EB5E0E4FEA8E0031F82E40A24200F08C
:1028C000908084BF7346E646AEEB030C03EB5C0CD2
:1028D0004FEA8C0031F82C40A24200F0828084BF85
:1028E0006346F446ACEB030E03EB5E0E4FEA8E003C
:1028F00031F82E40A24274D084BF7346E646AEEB58
:10290000030C03EB5C0C4FEA8C0031F82C40A24224
:1029100067D084BF6346F446ACEB030E03EB5E0E58
:102920004FEA8E0031F82E40A2425AD084BF73463F
:10293000E646AEEB030C03EB5C0C4FEA8C0031F87F
:102940002C40A2424DD084BF6346F446ACEB030E4C
:1029500003EB5E0E4FEA8E0031F82E40A24240D0CB
:1029600084BF7346E646AEEB030C03EB5C0C4FEA08
:102970008C0031F82C40A24233D084BF6346F44629
:10298000ACEB030E03EB5E0E4FEA8E0031F82E40E7
:10299000A24226D084BF7346E646AEEB030403EBA7
:1029A0005404A00031F824C062451AD084BF2346E5
:1029B0007446A4EB030C03EB5C0C4FEA8C0031F87B
:1029C0002CE072450DD084BF6346A446ACEB030CEB
:1029D00003EB5C03980031F82330934201D00020D0
:1029E00010BD054BC05A10BD034B43F6B810C05A7A
:1029F000704700BF588102005A8102007F2800D82A
:102A00007047B1F5697F01D00020704749F6E303B4
:102A1000984200F0D28010B58BBF40F66E63002361
:102A200041F6DD4440F66E64A4EB030C03EB5C0C52
:102A3000644A32F82CE070454FEA8C0100F0BA800D
:102A400084BF6346A446ACEB030E03EB5E0E4FEA75
:102A50008E0132F82E40A04200F0AC8084BF734655
:102A6000E646AEEB030C03EB5C0C4FEA8C0132F84C
:102A70002C40A04200F09E8084BF6346F446ACEB3D
:102A8000030E03EB5E0E4FEA8E0132F82E40A04299
:102A900000F0908084BF7346E646AEEB030C03EB78
:102AA0005C0C4FEA8C0132F82C40A04200F082808E
:102AB00084BF6346F446ACEB030E03EB5E0E4FEAB5
:102AC0008E0132F82E40A04274D084BF7346E64691
:102AD000AEEB030C03EB5C0C4FEA8C0132F82C409C
:102AE000A04267D084BF6346F446ACEB030E03EB11
:102AF0005E0E4FEA8E0132F82E40A0425AD084BFBB
:102B00007346E646AEEB030C03EB5C0C4FEA8C011C
:102B100032F82C40A0424DD084BF6346F446ACEB63
:102B2000030E03EB5E0E4FEA8E0132F82E40A042F8
:102B300040D084BF7346E646AEEB030C03EB5C0C5F
:102B40004FEA8C0132F82C40A04233D084BF634658
:102B5000F446ACEB030E03EB5E0E4FEA8E0132F847
:102B60002E40A04226D084BF7346E646AEEB030457
:102B700003EB5404A10032F824C060451AD084BF8E
:102B800023467446A4EB030C03EB5C0C4FEA8C0168
:102B900032F82CE070450DD084BF6346A446ACEB00
:102BA000030C03EB5C03990032F82330834201D01D
:102BB000002010BD044BC85A10BD034B43F6B8119A
:102BC000C85A7047E00D0200E20D0200B0F5803FE8
:102BD0001ED2264B264A30B5B0F5805F28BF13467B
:102BE00084B204330DE08C4210D333F8022C5FFA28
:102BF00082FC0CEB010E70454FEA122209DB043314
:102C000082B133F8041C1D460029ECD1204630BDAA
:102C10007047082AFAD8DFE802F0241E1B181512A4
:102C20000F0C080005EB4C03DBE7A4F5E354A4B25A
:102C3000ECE7503CA4B2E9E70834A4B2E6E71A3C5A
:102C4000A4B2E3E7303CA4B2E0E7203CA4B2DDE765
:102C5000103CA4B2DAE7631A03F00103E41AA4B249
:102C6000D4E7411A33F81140D0E700BF300B02001F
:102C7000240D0200044AD2F81431C2F81C319B051D
:102C800000D4704704F068BF0060004010B50E49E2
:102C9000044606F087FC04280ED00C49204606F0B6
:102CA00071FC042800D010BD09490A4804F0F4FD65
:102CB000094B01221A7010BD0849094804F0ECFDC7
:102CC000084B01221A70E8E768290020EC2900204F
:102CD0003C29002040290020062A00202C29002021
:102CE00030290020042A002070B504460E46094809
:102CF0000949154604F0D0FD084B094A19681160CE
:102D0000084A09491660094A0D6001211C601170CA
:102D100070BD00BF3829002034290020442900203C
:102D2000002A00204C29002048290020052A0020E4
:102D3000024B034801221A70FBF786BC072A0020C9
:102D4000008008400023042207211846F7F7EABE56
:102D500000231A4607211846F7F7E4BE0C2000F0BE
:102D600033BA00BF00F000BA00B5012383B01846A3
:102D700002220921F7F7D6FE012009221146CDE9EA
:102D800000000023F7F792FE044B4FF40062C3F8F3
:102D900080211A6003B05DF804FB00BF00E100E091
:102DA000034BD3F82408B0FA80F04009704700BF05
:102DB00000000C422DE9F04FB04AB14CB14EB2497F
:102DC000002389B02370337013700B70069313784F
:102DD0000290002B40F0EB8003F0FF02DFF8F0A23E
:102DE0000392934604926AE09AF800307BB123780C
:102DF0001BB1A64D6B7A412B78D0A54BA54A18681C
:102E0000A54B196804F06EFE00238AF80030237881
:102E10002BB19E4D6B7A412B6BD0002323703378FE
:102E2000002B3ED09D4BDFF89082DFF890E2D8F87F
:102E300000C0DEF800101868994B1F684301C31AE0
:102E40004FEAD06262EB4202920042EA93729B0028
:102E50001B1A62F100024FF000094FF47A75D2009C
:102E6000484642EA5372ECFB0510DB00CB1840EBFE
:102E70000200DB1B60F10000AB4270F100032FDAAF
:102E80000BF1010BBBF1080F03D9039B002B40F0A2
:102E9000A780D8F80000DEF8001004F045FD0023FC
:102EA0003370804A136923F00403136130BF00219B
:102EB00006A804F0F1FC714B1B78002B77D1724B04
:102EC0001D78002D73D1069B029A93426FD2764BE8
:102ED0001B78002B88D004F0E1FC734B1D7083E756
:102EE000CDF80C90CB46CDF81090D2E72378002B8C
:102EF00095D06E4A6E4F1089059095E8070003C77C
:102F00006A496C4B08684968DFF89091DFF8908156
:102F1000D9F800E03A7003C3D8F800C0A7F108025E
:102F2000059F23F808795B4F00976146704604F0CF
:102F30002DFD614BD9F80000B5F80310D8F800203A
:102F4000D3F800C05D4B1D6800293CD14FEA4C13FB
:102F5000BCEB03034FEADC6767EB4707BF0047EAB8
:102F600093779B00B3EB0C0367F100074FF47A7E75
:102F7000FF008C4647EA5377E0FB0E2CDB00D218AB
:102F80004CEB0707521B67F10007724577F100030E
:102F90001EDA049B0133082B04937FF63EAF3B48B7
:102FA00007A900F0AFF9079B0133039335E7334BD3
:102FB0001B788BB9344B1B78002B0CBF03200220ED
:102FC00009B0BDE8F08F002303939B46049324E7E8
:102FD00003918B46049120E7012009B0BDE8F08FF2
:102FE000D8F80030DEF80000354E364CE3FB05091A
:102FF000039B5901591A4FEAD36262EB42029200D5
:1030000042EA91728900C91A62F10003DB0043EAC7
:103010005173CA002C498218096830682568D6F8AF
:1030200000C001442948B1FBF5F7066805FB1711FC
:1030300049EB03038E4205680FD326686D1AB5EB82
:10304000560F15D200688444ACEB0101039800913F
:10305000002104F00FFB0020B2E7266800684D1B3A
:10306000B5EB560FEFD3246860442044411AEDE7D6
:10307000246800686044001B411AE7E72929002002
:10308000062A0020052A002028290020EC290020FB
:10309000302900206A2900202C2900204029002006
:1030A0003C29002000ED00E0072A0020F62900203E
:1030B0005C290020502900203829002034290020D4
:1030C000482900204C290020002A00204429002003
:1030D000042A002018B9044B01221A7070470128F5
:1030E00004BF024B187070472929002028290020AE
:1030F000074808B5036C83645A0702D503691B06A9
:1031000000D408BDF8F758F9BDE80840FFF7BEBD88
:1031100000E400400F4B10B51C699C61E2060AD424
:10312000E30707D50C4A0D491368096801338B4240
:10313000136008D810BD586B094A0A4B1268196809
:10314000FFF7D2FDECE70023BDE810401360FFF766
:10315000EFBD00BF00080140102A0020142A002003
:10316000082A00200C2A002010B5124C12484FF4F7
:103170008003C4F88030F8F7F5F800210F48F6F71F
:103180007BFB4FF40053C4F880300D48F7F7E2FFA3
:103190000C480021F6F770FB00231A460A21012093
:1031A000F7F7C0FC0023BDE810401A460821184676
:1031B000F7F7B8BC00E100E000E400400042040082
:1031C00000080140007204002DE9F04101238AB09B
:1031D00002220A21414C424FDFF82481064618465C
:1031E000F7F7A0FC3F480121F6F746FB0FCC0DF1A5
:1031F000100CACE80F0094E803004FF4165E8CE866
:103200000300002504A93846CDF818E08DF81050C9
:10321000F7F7E0FFFB6C43F00403FB64324B4FF421
:103220008002C3F880211A6040F201237B650121EE
:103230003846F7F7C7FF2B46022208212846F7F742
:1032400071FC2A480121F6F717FB294B27481D601E
:103250004FF48032C8F80020F6F770FB254B186059
:10326000D8F800303EB3244C244A013B000C2946D8
:10327000B0FBF6F620461660E36101AA0123CDE912
:1032800001558DF80A30CDF80B50F7F739FFE36898
:1032900043F00103E360184B1349DA684FF4005020
:1032A00042F010020124DA60C1F8800108605C601D
:1032B0000AB0BDE8F0814FF0FF310F480F4A0B44D0
:1032C0001160C36101AA01233146CDE90166CDF841
:1032D0000B608DF80A30F7F713FFDCE7D0F402003B
:1032E00000E400400042040000E100E0007204003D
:1032F000102A0020082A002000080140142A00207B
:103300000C2A0020F0B5B0F807E01F4B85791F4E5E
:103310000EF1FF34A3FB043C4FEADC1240F26D17C0
:1033200007FB0422A2F52F23A3F63A136A1E03EB30
:10333000940356F82220A3EB5C1390F805C01EF00E
:10334000030F94440CF1FF3208D1114C114E04FBD1
:103350000EF4B44213D9022D88BF62461A44437852
:10336000057884780C48C3EB03134FF4616C9B0021
:103370000CFB0533234400FB02330B60F0BD1EF051
:103380000F0FE8D0EAE700BF1F85EB51E8F4020019
:10339000295C8FC2A3703D0A8051010070B50023E3
:1033A00092B0CDE906030C4606A809A915460BF014
:1033B00031FC099A0C4E0595DDE90D30CDE9032469
:1033C000DDE90A1200F26C70CDE9012100900C9A3F
:1033D0000649013330460BF00BFE81B23046F3F75D
:1033E000E7FC12B070BD00BF582F002018F5020096
:1033F00070B5141E06460D460FDB2A460D490BF02C
:10340000F7FD05462CB12246302130180BF0F8FCB0
:10341000254425237355681C70BDC4F10104064979
:1034200022460BF0DFFC2A46024930190BF0E0FD82
:103430000519EEE750F5020048F50200F0B52C4BF7
:10344000D3F8A43083B004460D4613B1984238BF78
:103450001C46284BD3F86431012B42D02449B1F8E3
:103460006C00B1F86E30B1F86A60B1F8682098422B
:1034700096BFC3F5B461D11A8918871BB9423CBF06
:10348000334602469E18934268464FF0000388BFB9
:1034900006F5B466CDE900430BF09EFB164B87683A
:1034A00001687208B609A3FB06364368C3EB031331
:1034B0004FEA830C4FF4B46303FB1622C2EB0212F3
:1034C00004EB82034FF4616202FB07C20A449B1AB9
:1034D0009C4224BF03F5A83303F5C0732B6003B0EF
:1034E000F0BD034AB2F86A30B2F86820CAE700BFFC
:1034F0000011084000100840065BB005F0B585B02B
:103500000F4604461646FFF71DFCFFF727FC274829
:10351000F3F728FC264B03A953F827200192054610
:1035200002A8F3F741F8DDE90201019AFFF736FF3F
:10353000204B1C7034BB3046FFF73CFC0446002097
:10354000F3F7CEFB0020F3F72BF9FFF70BFCFFF7A7
:10355000FFFB03A902A8F3F727F8022C1FD0012CC8
:1035600017D0032C08D0DDE90201134AFFF716FF3C
:1035700065B9204605B0F0BDDDE902010F4AFFF74D
:103580000DFFF0E70120F3F7ABFBD4E7F3F738FCCE
:10359000EFE7DDE902010A4AFFF700FFE3E7DDE9B3
:1035A0000201084AFFF7FAFEDDE700BF54F502000A
:1035B000080A03004C2F0020F0F50200CCF50200B1
:1035C00090F502005CF5020005490122D1F8203196
:1035D00002FA00F023EA0003C1F82031704700BF6F
:1035E00000100840F0B52E4C94F9A23094F99FC019
:1035F000C3EB031316469B004FF461628FB002FBCE
:103600000C3319440291002305A9054602A803932F
:103610000BF000FBDDE909320899009121482249AD
:10362000013302F26C720BF0E3FC94F8B94014F031
:1036300040042DD12F461A4B93F8A3309B0711D588
:103640001A491B4808220BF0BDFB194B194A0146C9
:10365000002918BF1A46D2E90032174938461134FA
:103660000BF0C6FCDDE905231449CDE90032281929
:10367000079B0C4A0BF0BCFC114B12492044284418
:10368000002E08BF19460FB0BDE8F0400BF0DDBCBE
:10369000044A0D4928460BF0ABFC04462F18CAE734
:1036A000001108400C2F002014F60200442E0020C8
:1036B0003C110840F081E00F28F6020034F60200C9
:1036C0000CF6020004F6020024F602002DE9F04F89
:1036D0009946B84BB84ED3F8A43087B08642884696
:1036E000009238BF064613B19E4238BF1E46B14B0A
:1036F00093F9B920002A72DB93F88A70DFF8C4A22C
:10370000052F28BF052777B9009A4FF0FF33C8F877
:1037100000301760109A02B113600023C9F800301E
:1037200007B0BDE8F08F002304A8059304960BF0C2
:1037300053FA07F18043426884680068013BC2EB9A
:10374000021291003AF823200AEB83034FF46165DB
:103750005B889A4205FB041128BF03F5B463A6F504
:10376000A8340818A4F5C074C2EB02119A1A914B40
:10377000029004EB8104241A93F8A300C2EB021216
:10378000920010F0010007F1FF35114601902AD197
:10379000B3F887E0B3F885C00EEB0C00B2FBF0F392
:1037A00000FB03F39A4240F0A580624540F2AC80F2
:1037B000A2EB0C02A3189E4280F0A680109B002B67
:1037C00050D1A64200F202817A4BC8F80040B3F80B
:1037D00087309A4228BF1A46C9F8002050E05F6E31
:1037E000DFF8E4A18FE7A3189E427CD3029B00255B
:1037F000F11A534658881A88904298BF00F5B46071
:10380000C2EB0214821AC2EB021201EB840404EB35
:10381000820086424FEA820203F1040301D2002AA9
:1038200063D10135BD42E5D1BAF80220BAF80030C3
:10383000934228BF02F5B462C3EB031106F5A83426
:10384000D31AC3EB031304F5C07404EB81049A008C
:103850000299019B641A002B33D0109B002B00F0BF
:10386000D6800025109B1C60524B93F8A33003F0C8
:1038700001030193002BA4D0C8F80040C9F8002030
:10388000D8F800309E4206D99B1B1A44C9F8002084
:103890003346C8F80060474AD2F8A82002B9474A20
:1038A0009A4277D8109A4FF0FF33C8F8003002B12F
:1038B00013600023C9F80030009B1D6007B0BDE80D
:1038C000F08F3C4BB3F88700B3F88570C119B2FB99
:1038D000F1F301FB03F3D51A40F09180BA4240F2B4
:1038E0009480D21B6AE7002A80D0109B002BB9D1AC
:1038F000019BBFE703EB0E028A4228BF0A46A318CA
:103900009E4201D2002AF0D1029BA6EB030E2C4B63
:10391000B3F88521B3F88711CDF80CA050460025E7
:103920008B1892460BE05245A2EB0A0204D904EB35
:10393000020C6645FFF442AF0135BD4227D0028834
:10394000B0F802C062450CF5B46BC2EB02142CBF98
:10395000ABEB0202ACEB0202C2EB02129200B2FB32
:10396000F3FC03FB0CFC62450EEB84040CEB010B37
:1039700000F10400D7D05A4528BF5A4604EB020C88
:103980006645D9D2002AB0D10135BD42D7D1DDF884
:103990000CA049E7D9F8000000211B1849419B1AE7
:1039A00061F10001012B71F10002A4BFC31AC9F833
:1039B000003081E70011084080436D3800767A9628
:1039C000001008408B110840681108401149B1F8F7
:1039D0008700B1F88510331B0144B3FBF1F701FBFD
:1039E0001733F71A834228BF7F182244D21B824222
:1039F00028BF0246C8F80070C9F8002040E7034419
:103A00009A42019D28BF1A46D8E6019AD6E61D467D
:103A100032E700BF00110840034AD2F8203123F0FA
:103A20000803C2F8203170470010084040EA010343
:103A30005B072AD10B1D984227D0D1E90023C0E9AA
:103A40000023D1E90223C0E90223D1E90423C0E91C
:103A50000423D1E90623C0E90623D1E90823C0E9FC
:103A60000823D1E90A23C0E90A23D1E90C23C0E9DC
:103A70000C23D1E90E23C0E90E2391F8412091F8DF
:103A8000403003EB0223036470470B6803604B680C
:103A900043608B688360CB68C3600B6903614B69CB
:103AA00043618B698361CB69C3610B6A03624B6AB3
:103AB00043628B6A8362CB6AC3620B6B03634B6B9B
:103AC00043638B6B8363CB6BC363D6E72DE9F04F06
:103AD00099B004469DF88C000790074894F927A0F8
:103AE00094F92A8008930E469146F3F72FF928B9E6
:103AF000002019B0BDE8F08F78F70200C04DC14A30
:103B0000C149D2E97C3228460BF072FABF4BC04A59
:103B100099780191597800911B78BE4905F13400DC
:103B20000BF066FABC490746082226980BF04AF9C2
:103B300007F1340B002840F0F08394F92720B74FA9
:103B4000B74B3B60002AC0F2F48340F0048494F940
:103B50002A30002BC0F2C98300F31484C8EB081884
:103B60004FEA88084FF4616303FB0A8309931E44FC
:103B70000FA900230AA80B930A960BF04BF80F9994
:103B800003911099139B149A029111990191129922
:103B900000910497A349013302F26C7205EB0B000C
:103BA0000BF026FA584481B29548F3F701F9002842
:103BB0009ED0237BA2689C49B2FBF3F290480BF0A5
:103BC00017FA2279994B9A4953F8222080462818EF
:103BD0000BF00EFADFF88CE2804405EB080C0EF1D6
:103BE000200A76460FCE56450CF1100C0EF1100E41
:103BF0004CF8100C4CF80C1C4CF8082C4CF8043CFD
:103C0000EFD1BEF80030ACF800309EF802308CF8EE
:103C1000023094F82B30DA0708F1220640F1A18334
:103C2000844B1B88AB5308F12308DFF83CE205EB1B
:103C3000080C0EF1200A76460FCE56450CF1100CFA
:103C40000EF1100E4CF8100C4CF80C1C4CF8082C13
:103C50004CF8043CEFD19EF80430DEF80000CCF8BC
:103C600000008CF8043094F82B30DB0708F12406B0
:103C700040F180836F4B1B88AB5308F125016048EE
:103C800089B2F3F795F800283FF432AF94F9413048
:103C9000002B80F28083B9F1000F40F05884079B1D
:103CA000002B00F00A86249B1968259B1B680029BD
:103CB000B4BF53224E22002BB4BF57204520B9F188
:103CC000000F40F01585079E0092002983EAE372F9
:103CD0000390A2EBE372B8BF4942002E00F0D884F3
:103CE000554BB2FBF3F003FB1022CDE90102B1FB0F
:103CF000F3F2434803FB121350490BF079F9804665
:103D00004F4E05EB080E06F12009B446BCE80F0043
:103D1000CC450EF1100E06F110064EF8100C4EF8C0
:103D20000C1C4EF8082C4EF8043CEED13379306868
:103D3000CEF800008EF80430A37C13F0180F08F1C1
:103D4000240840F0918403F007033E4A3E4952F8AC
:103D5000232005EB08000BF04BF900EB080AA37CCD
:103D60003A493B4E3B483C4A03F0180CBCF1000F6B
:103D700016BF32468146894613F0070100F09A8447
:103D8000012900F04186022900F06B86032900F02A
:103D90009A86042900F0BC8613F0180F2F4B304987
:103DA000E27D18BF194605EB0A000BF021F900EB84
:103DB0000A061348B1B2F2F7FBFF00283FF498AEB1
:103DC000E36A002B40F09083DFF8A0C00C4EBCE803
:103DD0000F000FC6BCE80F000FC6BCE80F000FC6EF
:103DE000DCF8003033704FF03008236B002B40F0CC
:103DF0003583DFF87CE005EB08060EF1200939E099
:103E0000442C00200080E00F84F70200780000209E
:103E100058000020B4F70200442E0020FC4000208F
:103E2000555443002CF8020074F80200E009030026
:103E3000A8F8020074FA020040420F0068F902007C
:103E400014FA0200240A03003CFA0200B0F6020051
:103E50008CF6020068F6020044F60200FCF602004E
:103E6000D4F60200D4F80200F8F80200ECFA0200DE
:103E7000A8FB0200F446BCE80F00CC4506F1100692
:103E80000EF1100E46F8100C46F80C1C46F8082CE3
:103E900046F8043CEED1BEE80700BEF80030B3811E
:103EA0009EF80230306008F12E087160B260B37382
:103EB000D4481FFA88F1F2F77BFF00283FF418AED0
:103EC000DFF898C3CF4EBCE80F000FC6BCE80F0068
:103ED0000FC69CE80300306026F8041F090C06F8A2
:103EE000021F218F002900F03C834FF6FF73994297
:103EF00000F0CB85638F4FF6FF72934200F0A185EF
:103F00000A20B3FBF0F200FB12339BB292B2019392
:103F10000092B1FBF0F200FB12139BB2BA49BB480E
:103F20000BF066F800F1260694F84130980640F14F
:103F30004084DFF82C8305EB060E08F12009C44607
:103F4000BCE80F00CC450EF1100E08F110084EF839
:103F5000100C4EF80C1C4EF8082C4EF8043CEED118
:103F6000B8F80430AEF80430D8F8000098F80630FD
:103F7000CEF800008EF8063094F83F20A38F02F0B0
:103F80000F0101220A208A4026360092B3FBF0F28C
:103F900000FB12339E499BB2A8190BF029F8DFF8F9
:103FA000C4E200EB060805EB080C0EF1200976468A
:103FB0000FCE4E450CF1100C0EF1100E4CF8100CFB
:103FC0004CF80C1C4CF8082C4CF8043CEFD1DEF8F3
:103FD00000009EF80430CCF800008CF8043094F80F
:103FE000402094F83F108B4E08F1240842F302025F
:103FF00005EB080052B20909FFF7FAF9804405EB16
:10400000080E06F12009B446BCE80F00CC450EF1BD
:10401000100E06F110064EF8100C4EF80C1C4EF85F
:10402000082C4EF8043CEED130683379CEF800000D
:104030008EF8043094F83E20774908F1240892085D
:1040400005EB08000AF0D4FF00EB0806636B002BB9
:1040500040F06983DFF810E205EB060C0EF1200852
:1040600077460FCF47450CF1100C0EF1100E4CF8AF
:10407000100C4CF80C1C4CF8082C4CF8043CEFD1FC
:10408000BEE80700BEF80030ACF80C309EF80230F5
:10409000CCF800002E36CCF80410CCF808208CF8B0
:1040A0000E305848B1B2F2F783FE00283FF420AD3D
:1040B000627CDFF87C91594E59495248002A14BF5E
:1040C0004A4632460AF094FF94F828205549804623
:1040D000002A14BF4A46324628180AF089FF94F88D
:1040E0002930804405EB0800002B40F08A8494F8C6
:1040F0003E304D4A13F0020F08BF4A464B494C4F21
:10410000464E0AF075FF94F83E304A4913F0010F0D
:10411000804414BF3A46324605EB08000AF068FFB7
:1041200094F82B30444913F0020F804414BF3A46F0
:10413000324605EB08000AF05BFF94F841303F4936
:1041400013F0400F804414BF3A46324605EB080096
:104150000AF04EFF94F84130394913F0020F8044C1
:1041600014BF3A46324605EB08000AF041FF94F8C6
:104170004130344913F0010F804414BF3A463246AF
:1041800005EB08000AF034FF94F841302E4913F093
:10419000100F804414BF3A46324605EB08000AF07F
:1041A00027FF94F84130294913F0080F804414BFC9
:1041B0003A46324605EB08000AF01AFF404481B245
:1041C0001048F2F7F5FD00283FF492AC94F8413026
:1041D0001F490C4813F0040F0CBF32463A460AF050
:1041E00007FF94F8413059070646284440F13784C8
:1041F00094F82B30174A13F0040F174B08BF1A46D8
:1042000034E000BF442C00207CFC02006A2C00201B
:10421000D4FF020030FD020050FA020028F702002D
:10422000B0FD0200DCFD02002CF7020004FE0200DB
:1042300024F7020030FE020058FE020080FE020059
:10424000ACFE0200D4FE0200FCFE020028FF0200C9
:1042500054FF02004CF7020064F7020028FC020041
:104260009CFC0200D0FC020058FD0200C1490AF08B
:10427000BFFEDFF830C300EB060E05EB0E070CF1B6
:10428000200866460FCE464507F110070CF1100CCA
:1042900047F8100C47F80C1C47F8082C47F8043C6A
:1042A000EFD1BCF800303B809CF80230BB7094F832
:1042B00041305A070EF1220640F1238494F82B2056
:1042C000AD4912F0780F14BFC2F3C3020522A8193A
:1042D0000AF08EFE8119A94889B2F2F769FD00281B
:1042E0003FF406ACF2F78CFD03E4A549F81C0AF094
:1042F0007FFE94F92A10002900F32F8118BF0523AF
:104300003FF42CAC4A42F8189E4909930AF070FE1B
:10431000099B94F92A20034415E0269B269A1B68E2
:104320005268994905EB0B0007F16A0B0AF060FE31
:1043300003E49649F81C0AF05BFEC31C94F92A209A
:10434000002A1146DEDB002A7FF708AC8D49F818F9
:104350000AF04EFE02E48E49F81C0AF049FEC31C26
:10436000ECE7B4F80D208B49A8190AF041FE00EBE8
:1043700006085AE48749B4F80F20A8190AF038FE55
:1043800081197CE40323F818814909930AF030FE6F
:10439000099B0344D2E78049A27C78480AF028FEB2
:1043A0000021099B06464FF03C0A4FF0FF3C93FB6F
:1043B000FAFA8E46A37C4FF4B46010E00A1D04EBB9
:1043C0008202B2F8032002F5B462524492FBF0F884
:1043D00000FB182262453CBF8E469446013199424B
:1043E000ECD36E49CDF81CE04FF0000B4FF4B469EC
:1043F0004FF03C082FE0079A03970BEB0200B0FB4D
:10440000F3FC03FB1C0304EB83030BF1010BB3F878
:1044100013E0B3F815C00EF5B46ED6440CF5B46CC9
:10442000D4449EFBF9F309FB13EE9CFBF9F309FB63
:1044300013CCBEFBF8F308FB13E20092BCFBF8F2CE
:1044400008FB12CCCDE9012CA8195A460AF0D0FD80
:10445000A37C524906449B45CDD3AAE4099A134450
:104460000C930FA900230CA80D930AF0D3FBDDE9F0
:104470000F9B119B079343EA0B0353EA090300F0D8
:10448000B880DFF824E105EB080C0EF1200A76462F
:104490000FCE56450CF1100C0EF1100E4CF8100C0E
:1044A0004CF80C1C4CF8082C4CF8043CEFD1079B42
:1044B000DEF800009EF80410149A0193CDE902B9C9
:1044C000139B0497CCF800008CF80410129900910B
:1044D00008F1240805EB08003149013302F26C723F
:1044E0000AF086FD8044E3E4099A13440C930FA973
:1044F00000230CA80D930AF08DFBDDE910120F9B31
:1045000042EA0100184353D0DFF8A0E01B4ECDE98A
:104510000337129B0093CDE90121BEE80F000FC6BF
:10452000BEE80F000FC69EE80300306026F8041FA7
:10453000090C06F8021F139B149A1949013302F261
:104540006C7230460AF054FD00F126084DE4089BD9
:104550001968229B1B68FFF7AABB94F92720052343
:1045600011E7638F002B7FF4C6AC2D233380272601
:10457000DAE400BF7CFF0200C8FF0200442C0020E8
:1045800020F8020024F80200E8F7020018F8020000
:104590001CF8020050FA020078FA0200A4FA0200A5
:1045A00084FB0200A4FF020000FC02005CFB02008E
:1045B000DFF844E3129B0093BEE80F00C24E019760
:1045C0000FC6BEE80F000FC69EE80300306026F855
:1045D000041F090C06F8021F139B149ABB490133F0
:1045E00002F26C7230460AF003FD00F12608FFF774
:1045F000FCBB0C9BB64A9B180C930D9B0CA863F15B
:1046000000030FA90D930AF005FBDFF8F0E205EBBC
:10461000080C0EF1200976460FCE4E450CF1100C19
:104620000EF1100E4CF8100C4CF80C1C4CF8082C29
:104630004CF8043CEFD1DEF800009EF80410139B08
:10464000149A0197CCF800008CF80410129900918C
:1046500008F1240805EB08009C49013302F26C7252
:104660000AF0C6FC804423E49A49C3F3C10203F074
:104670000703013A51F82330974905EB080051F838
:10468000222096490AF0B4FC00EB080AFFF767BB4A
:104690006423B2FBF3F003FB1022CDE90102B1FB6E
:1046A000F3F2894803FB12138D490AF0A1FC8046FE
:1046B000FFF726BBA37E617E03F00F039B0143EA55
:1046C00091030093237E01F0030143EA012305EBEC
:1046D0000A0084490AF08CFC824405EB0A008249F6
:1046E0004A460AF085FC0AF1280AA37CFFF754BB6E
:1046F000009283EAE372A2EBE3727C4B0390002901
:10470000B8BF4942B2FBF3F003FB1022CDE901022E
:10471000B1FBF3F26C4803FB121375490AF068FC15
:104720008046FFF7EDBA099ADFF8D4811A440FA941
:1047300000230CA80D930C920AF06CFADDE90F9B94
:10474000119B079343EA0B0353EA090305EB060E9B
:1047500000F0F98108F1200AC446BCE80F00D445F6
:104760000EF1100E08F110084EF8100C4EF80C1C4B
:104770004EF8082C4EF8043CEED1079BD8F8000008
:1047800098F80410149A0193CDE90397139BCDF880
:1047900008B0CEF800008EF804101299009124366B
:1047A000A8195449013302F26C720AF021FC064444
:1047B00077E4A38F002B40F0AD8094F83F30D90709
:1047C00000F1A88094F84090DFF8388109F00109E1
:1047D00005EB060E08F1200AC446BCE80F00D445DC
:1047E0000EF1100E08F110084EF8100C4EF80C1CCB
:1047F0004EF8082C4EF8043CEED1B8F80430AEF870
:104800000430D8F8000098F80630CEF800008EF892
:10481000063006F1260EB9F1000F40F0A080DFF857
:10482000E890DFF8E8A0B9F8003025F80E3006F17E
:10483000270EAE440AF12008D446BCE80F00C44558
:104840000EF1100E0AF1100A4EF8100C4EF80C1C66
:104850004EF8082C4EF8043CEED1DAF80000BAF815
:104860000430DFF8AC80CEF80000AEF8043006F17A
:104870004C0EAE4408F1200AC446BCE80F00D445F3
:104880000EF1100E08F110084EF8100C4EF80C1C2A
:104890004EF8082C4EF8043CEED106F17003B9F83E
:1048A0000020D8F8000098F80410CEF800008EF828
:1048B00004107136EA52FFF7C9BBB4F91310B4F90A
:1048C0001530FFF7F4B900BF442C002048FB02006C
:1048D00080AEFEFF88090300380A030040FA020098
:1048E000BCF9020048FA020054FA020040420F00EC
:1048F00020F9020084FB020020FB0200D8FB02002A
:1049000088FD02009CFC020074FA020008FD02000F
:1049100030FD0200DFF8E89205EB060809F1200EF1
:10492000CC46BCE80F00F44508F1100809F1100965
:1049300048F8100C48F80C1C48F8082C48F8043CBF
:10494000EED1B9F80430D9F80000A8F8043099F88D
:104950000630C8F8000006F1260E88F80630994B9C
:10496000DFF8A08203CB05EB0E021B8845F80E0092
:104970000EF1090CAC4408F1200951601381464640
:104980000FCE4E450CF1100C08F110084CF8100C2D
:104990004CF80C1C4CF8082C4CF8043CEFD198F85F
:1049A0000430D8F80000CCF800008CF8043094F8FB
:1049B0003F30DA070EF12D0676D594F84020D00767
:1049C00040F1EC80A28F8049A8190AF011FB00EB9E
:1049D00006087E4E05EB080E06F12009B446BCE839
:1049E0000F00CC450EF1100E06F110064EF8100C1B
:1049F0004EF80C1C4EF8082C4EF8043CEED1FFF794
:104A000013BB3246FFF77ABB05EB0A0070490AF088
:104A1000EFFA0AF1280A217FE37E890041EA931127
:104A20000091A17E03F03F031B0143EA111305EB44
:104A30000A0068494A460AF0DBFAA37C8244FFF781
:104A4000ABB90A23B1FBF3F203FB121362486349CB
:104A50009BB20AF0CDFA00F12606FFF765BA604A6C
:104A600004E4A37E617E03F00F039B0143EA9103FC
:104A70000093237E01F0030143EA012305EB0A00C2
:104A800054490AF0B5FA8244C5E7638F0A21B3FBA3
:104A9000F1F201FB1233304652499BB20AF0A8FAF8
:104AA00000F12606FFF740BA94F84010CB0789D5ED
:104AB00041F3421252B2C1F34301A819FEF798FC28
:104AC00006EB000885E7A37E617E03F00F039B01E0
:104AD00043EA910305EB0A0043490AF089FAE37EB1
:104AE000A17E03F03F0382441B0143EA111305EB4F
:104AF0000A003E494A460AF07BFAA37C8244FFF74B
:104B00004BB93B4B1868A8510EF12501FFF7E3BBE9
:104B1000637E217E03F0030341EA032305EB0A00D1
:104B200032490AF065FA237FE17E82449B0043EA22
:104B3000911305EB0A002C494A460AF059FAA37C66
:104B40008244FFF729B908F12009C446BCE80F00E8
:104B5000CC450EF1100E08F110084EF8100C4EF86E
:104B60000C1C4EF8082C4EF8043CEED1D8F800008E
:104B700098F80410139B149A0197CEF800008EF851
:104B80000410129900912436A8191A49013302F22F
:104B90006C720AF02DFA0644FFF783BA5A0805EB47
:104BA000060108D1144B4FF0040818681B79A8516E
:104BB000B0440B710DE7084610490AF019FA804617
:104BC000B04406E7C4FC020050FA020030FD0200C7
:104BD00054FA020048FA02006A2C002064FC020029
:104BE00074FA020050FC020060FA02006CFA020043
:104BF000D0FF020048FB020000FD0200F8FC0200AA
:104C00009CFC0200D0FC020010B50A240120F1F740
:104C1000C7FD6420F1F75CF90020F1F7C1FD6420C5
:104C2000F1F756F9013CF1D1084BD3F82021C3F834
:104C3000304122F008024FF0FF3142F01002C3E988
:104C40004A11C3E94D11C3F8202110BD00100840DE
:104C50002DE9F04FAD4BD3F8A43089B0074613B11E
:104C6000984238BF1F46AA4BD3F82021540640F182
:104C70008A8093ED537AD3ED547ADFEDA66AB8EECD
:104C8000C77AF8EEE77A87EE260AC7EEA60A9F4CA7
:104C900094F88A0006AA05ABCDE90032C0F3C10042
:104CA0000DF113020DF11203394604F059FE94F888
:104CB0008F20DDE905455AB104EB520405EB52059E
:104CC000B4FBF2F4B5FBF2F502FB04F402FB05F5CC
:104CD0008E49914BB1F89060D1F89000C6F3090667
:104CE000C0F38928C6F5B46CA44408F5B46EA64494
:104CF0004FEA5C19A3FB09094FEA5E10A3FB0030E1
:104D0000D1F8AC304FF4B46ABB420AFB19CC0AFBB1
:104D100010EE63D8B1F89670D1F89430C7F38901DA
:104D2000C3F309230391794991F88A1011F007011F
:104D300044D00398DFF8E0B105F5B469A9EB0303AB
:104D400000EB090A5809ABFB007007464FEA5A10FE
:104D5000ABFB00B001294FF4B46B0BFB17330BFB1B
:104D600010A000F0968092003C2AB8BF3C22022995
:104D7000C2F5B46A3FD0032900F09A8004295DD0BF
:104D800009B0BDE8F08F100604D593ED577AD3ED46
:104D9000587A72E75D4BDFED616AB3F98B20B3F9A6
:104DA0008D3007EE102A07EE903AB8EEC77AF8EE8B
:104DB000E77A87EE260AC7EEA60A68E7544B012277
:104DC000C3F87411C3F86421ADF81CC0ADF81EE03F
:104DD000079AC3F8682109B0BDE8F08F91F8947084
:104DE000B1F8923091F89310BF0047EA9111039106
:104DF000C3F3091397E79C45614628BF19469C45B4
:104E000002D27446864620469C45644638BF1C46FE
:104E10008142C0F085803E4B0125A645C3F8745100
:104E2000C3F86451ADF81C1040F2E28080B2ADF8D6
:104E30001E00374B0799C3F8681190E0344B0022ED
:104E4000C3F87421A5424FF00102C3F86421ADF804
:104E50001CC000F0088134BFA9EB04042C1B039B89
:104E60002D4A1E443444012C38BF0124544594BFBC
:104E7000A444D4444FEA5C13A2FB03234FF4B4626E
:104E800002FB13CCADF81EC0214B079AC3F8682172
:104E900076E71F4AC2F87411C2F86411ADF81C30ED
:104EA000ADF81E00079BC2F8683109B0BDE8F08F6D
:104EB000174A0121A542C2F87411C2F86411ADF875
:104EC0001C3000F0C28088BF04F5B464651B0F4A33
:104ED0001149B2F89240C4F3091444442C44012C03
:104EE00038BF0124544594BF1B1953445A09A1FBF0
:104EF00002124FF4B46101FB1233ADF81E30079A71
:104F0000034BC3F8682109B0BDE8F08F00110840D9
:104F10000010084000247449065BB0050000C84238
:104F2000A04250D2A64502D88E4580F0BE80684D82
:104F30009C4534BF00230123C5F874310223C5F812
:104F40006431ADF81C10ADF81E00079BC5F8683140
:104F5000ADF81C40ADF81EE0079BC5F86C315C4B0A
:104F6000D3F86431012B4BD0022B7FF409AF594B9E
:104F7000B3F86E10B3F86C50B3F86870B3F86A40C9
:104F80008D4298BF07F5B463A5EB04068CBF781A71
:104F9000581AB04261D99042BFF4F2AE01F5B46341
:104FA0009A1A4D49ADF81C5013185A09A1FB021268
:104FB0004FF4B46101FB1233ADF81E30444B079A35
:104FC000C3F86C21DCE6424B0125A645C3F87451B9
:104FD000C3F86451ADF81C104DD8714528BF714617
:104FE0008BB2ADF81E303A4B0799C3F86811B6E79B
:104FF000704538BF7046814228BF014688B216E727
:105000003449B1F86A30B1F868108B4298BF03F5A3
:10501000B4635B1A53457FF6B3AE2E4BADF81C104C
:10502000B3F868302C499A444FEA5A13A1FB031392
:105030004FF4B46000FB13AA2549ADF81EA00798F1
:10504000D1F86431C1F868018EE79DF81220022A78
:105050000CBF4FF4B465002539E7B24210D8B04216
:105060007FF48EAE97E79DF81230002B0CBF4FF403
:10507000B4640024F3E6704538BF704683B2B0E7ED
:1050800004F5B46333441449ADF81C709A1A5309FB
:10509000A1FB03134FF4B46101FB1322ADF81E20F2
:1050A0000B4B079AC3F868216AE6094B70454FF02D
:1050B000010138BF7046C3F87411C3F86411ADF82C
:1050C0001C40ADF81E000799C3F8681147E700BF00
:1050D0000010084000110840065BB0052DE9F041C2
:1050E000B24AB34BD2F8AC20D3E94A5684B0B14BA4
:1050F0000446002A44D01F68002F56D11C60AB4BD9
:1051000093F9B930002B06DADFF8A482D8F87031B1
:10511000002B00F01B81A84B0093A84AA8490C3330
:105120002046FEF7D3FAA14B93F9B92093F8B93092
:10513000002A42DB590720D59C4B93F8A32012F09C
:10514000780F1DBFC2F3C303C3EB03139B004FF4DF
:10515000967312F0040F964A14D0D2F82C11CB1A81
:10516000C2F83831721C16D0B14214D0904AD2F82D
:10517000203143F00803C2F8203104B0BDE8F081CB
:105180001746BBE7D2F82811CB1AC2F838316B1C8E
:1051900001D0A942EAD1864AD2F8203123F008038F
:1051A000C2F8203104B0BDE8F081BA4240F2F78085
:1051B00082428CBF00270127A0E77D4BD3F8700106
:1051C000D3F82C31834252D2002F50D1774B93F831
:1051D0008A3003F007039A1E012A6FD9012B74D07D
:1051E000784B79494222184609F0FCFD704A0821A3
:1051F000017376498160C2F88011C168C2F88411D8
:105200000169C2F888114169C2F88C118169C2F83C
:105210009011C169C2F89411016AC2F89811416AEB
:10522000C2F89C11816AC2F8A011C16AC2F8A41127
:10523000016BC2F8A811416BC2F8AC11816BC2F8C6
:10524000B011C16BC2F8B4114168C2F87C110021E1
:10525000C2F8781190F84110034693F8403003EB00
:1052600001235249C2F8B83191F8B93062E7A0423F
:1052700038BF20460390FFF7EBFC55490398FEF733
:10528000DDF84D4B4D4A4E49009303980C33FEF721
:105290001DFA474AD2F87031D2F82C118B4205D250
:1052A00003F5A83303F5C073C2F870313F4A92F892
:1052B000B93092F9B920002A88DB3BE73C4BD3F8A0
:1052C0007421D3F830319A428AD03E4B3E49422273
:1052D000184609F087FD354AD2F8AC20A2420346B1
:1052E0005FD83C49324A9960C2F88011D968C2F847
:1052F00084111969C2F888115969C2F88C11996929
:10530000C2F89011D969C2F89411196AC2F89811BB
:10531000596AC2F89C11996AC2F8A011D96AC2F8F8
:10532000A411196BC2F8A811596BC2F8AC11996B92
:10533000C2F8B011D96BC2F8B411586893F8411093
:10534000C2F87C010020C2F8780186E72046FFF70A
:105350007FFC1F492046FEF771F8D8F87001A0F5D0
:10536000A830A0F5C070FFF773FC19492046FEF77E
:1053700065F8114B114A009311490C332046FEF792
:10538000A5F9D8F87031D8F82C219342BFF4CBAEF0
:1053900003F5A83303F5C073C8F87031C3E60027DE
:1053A000ACE60822094902739CE700BF00110840DF
:1053B00000100840542F00202811084030110840E8
:1053C0002C110840B84000209C09030000DC0500B7
:1053D0007011084000EE02002DE9F04F1D4690F9D3
:1053E0002A30C64F1646C3EB031390F92720044614
:1053F0009B004FF4616091B000FB023319444FF001
:10540000000A049104A807A9CDF814A09DF86CB077
:105410009DF870909DF8748009F0FCFBB84AB9497A
:10542000D2E97C3207F5C47009F0E2FD51464FF431
:10543000C072384609F0E4FC0C9BB34903F26C736C
:1054400003930B9B013302930A9B0193079B0093E9
:105450003846DDE9083209F0CBFD94F9272094F9AC
:105460002AA0002A0744C0F28C8140F0FE80BAF1E5
:10547000000FC0F279810AD03846A449023709F0FA
:10548000B7FD3846A249524609F0B2FD0744A1498A
:105490000822304609F096FC002800F0F1803846DA
:1054A000D6E900329C4909F0A3FD2537BBF1000F76
:1054B00040F0F080994B2279994953F822203846E0
:1054C00009F096FD034607EB000A002D00F0068167
:1054D000192D40F2F680934D0FCDCAF80C302B8871
:1054E000CAF800000AF11106CAF80410CAF8082028
:1054F000AAF810301A998C4B1A9881EAE172A2EB43
:10550000E1723232A3FB0232884B5209A3FB021331
:10551000DB0803EB8301A2EB410200928449854A38
:1055200032EA200228BF0A468349304609F060FD6E
:1055300094F8413013F0200F06EB0005A38F00F024
:10554000B88094F83F2002F00F0101220A208A401F
:105550000092B3FBF0F200FB12339BB2774928466E
:1055600009F046FD94F8402094F83F10054442F3BA
:10557000020252B209092846FDF73AFF94F83E208C
:105580006F4905442846920809F032FD002605447B
:10559000B8F1010F638F00F0FA80B8F1020F218F8C
:1055A00000F02681B8F1030F00F00E812EB9B9F199
:1055B000000F2AD111B0BDE8F08F624E0FCE2860E7
:1055C000696003CEEB6033882861AA6069612B8330
:1055D00094F83F20D00705F1190700F1E78094F80F
:1055E0004010CB0700F12981A28F5749384609F0B6
:1055F000FFFC3D1894F83E2051492846920809F0D6
:10560000F7FC0544B9F1000FD4D0504C0FCC2E4616
:10561000EB6023882B82B9F1040FA37828606960BE
:10562000AA6006F8123F00F0F980B9F1030F00F00C
:105630000E81B9F1050F00F01681B9F1020F00F0EB
:105640002281B9F1010F00F02081B9F1060FB1D12B
:105650003F4C0FCC30607160B26007CCF3602378B0
:1056600030617161B2613377A4E73846274909F0A8
:10567000BFFC0744BAF1000F7BDB7FF402AF06E703
:105680003846344A344909F0B3FC0744BBF1000FF3
:105690003FF410AF314E0FCE3860796003CEFB601F
:1056A00033883B83B378BA603861796107F81A3F71
:1056B00000E723B994F83F30DE0740F194800126DB
:1056C00066E718350A232649B5FBF3F2504603FB7B
:1056D000125309F08DFC0AF104060BE7214D07CDAA
:1056E0005646F8502B88AAF80C30AB78CAF804104C
:1056F000CAF8082006F80E3FFCE600BFBC000020F8
:105700000080E00F0C000300200003001CF80200E2
:1057100024F80200442E002050000300F409030086
:1057200098000300C80003001F85EB51CDCCCCCC02
:1057300074FA0200D0F80200EC000300D402030067
:10574000F4010300D801030050FA0200180203001C
:10575000B402030044020020700003007C00030038
:10576000DC000300B800030038464E49023709F058
:105770003FFC38464C49CAF1000209F039FC0744A5
:1057800085E63846494909F033FC074472E70A21A7
:10579000B3FBF1F201FB1233284645499BB209F0F5
:1057A00027FC0544002E3FF402AF06E794F8403092
:1057B000D9073FF519AF520860D13E4B18681B79E5
:1057C00038603B71042014E70A23B1FBF3F203FBBA
:1057D0001213284638499BB209F00AFC0544002EF2
:1057E0003FF4E5AEE9E694F8406006F00106CFE646
:1057F0000A20B3FBF0F200FB12339BB2009201933C
:10580000B1FBF0F200FB12139BB228462B4909F0C2
:10581000EFFB0544002E3FF4CAAECEE6284C0FCC79
:10582000C5F81200716003CCF36023883383A3783A
:10583000B26030617161B376BCE641F3421252B29C
:10584000C1F343013846FDF7D3FD3D18D2E61D4CA8
:105850000FCC30607160B260F3600FCC3061716169
:10586000B261F361A6E6184C0FCC3060716020681D
:105870002179B260F360306131759BE61349384697
:1058800009F0B6FBB5E6124CEEE7124C0FCC3060D7
:10589000716003CCF3602378B2603061716133765C
:1058A00088E600BF20F8020024F8020018F8020081
:1058B0001001030000FD02009C0103004C010300E5
:1058C0002C0203004802030068020300F8FC0200F7
:1058D00080020300980203002DE9F04F2DED048BA8
:1058E000B7B0EFF78BFEF0F7FBFD0D90F0F702F885
:1058F000002840F050840D9B022B00F01A840DF11B
:105900009C090DF1980849464046F0F74DFEA84B1A
:105910000D9DD3F82471BD422C4640F03F820024F7
:10592000A34BD3F820319E0740F1F183A14B93F8AC
:10593000B9301D0740F131810D9B002B40F02D81C6
:10594000FDF712FA01230A939A4B93F88930003B32
:1059500018BF01230993964DD5F82031052003F097
:1059600020030E93FDF730FED5F83851269A279E76
:10597000AD1A60EB00006B0141015B1B41EAD56190
:1059800061EB0001890041EA93719B005B1940EBD8
:1059900001018848C90090F8A30041EA5371DB0077
:1059A000B6EB030A61EB410C10F0780F1DBFC0F39A
:1059B000C3003C2568434FF496704FF47A7505FB9D
:1059C00000F04FF0000E50457EEB0C00C0F28E82CE
:1059D0007748DFF8E8C1D0F82CE1D0F84801AEFBF9
:1059E00005E5BEEB000065F1000EA2FB0C5C401962
:1059F000ACEB020C4CEB0E0C801B10906CF1000019
:105A00009B1B129361F1000311901393684BD3F821
:105A10002031580702D5D90640F14682109B012B50
:105A2000119B73F10003C0F28782634BDFF890A1F2
:105A30000793129B012B139B73F10003C0F2C280EA
:105A40005B4BD3F820311D0700F1BC80FDF7E4FF6C
:105A5000574BD3F82421BA4205D0C3F824714FF430
:105A60007A70F0F747FA524DD5F8203103F0100361
:105A7000002B0BBF4FF4FA634FF47A634FF0020B25
:105A80004FF0040B0893002649464046F0F78CFD82
:105A9000079B1B78002B40F004810A9B002B40F0F1
:105AA000FB809AF80030002B00F05C81C5F824716F
:105AB0004FF47A70F0F71EFAD5F82C212699D5F814
:105AC0004831DDF89CE04FF47A74A2FB0442E41AFA
:105AD0004FEA411062F10002CB0E081A63EB430358
:105AE0009B0043EA90738000401A63F10003DB00DF
:105AF00043EA5073C000241842EB0302D5F8383152
:105B0000B4EB0E0462F10002B3EB010C61EB010196
:105B100048014FEA4C13B3EB0C0340EADC6060EB46
:105B20000100800040EA93709B0013EB0C0341EBF3
:105B30000001C90041EA5371DB00B3EB0E0361F1D0
:105B40000001A34271EB0200B8BF1C46D5F820311A
:105B5000B8BF0A46D90600F18980099B002B00F0E6
:105B600094800E9B002B40F0908040F2F5139C42F5
:105B700072F100037ADA002AC5F82471ACBF20461E
:105B80000020F0F7B7F916B95846F0F759FDF0F7CD
:105B9000ADF90126F0F79AFD76E70D9B012B4FF04A
:105BA00000030A937FF4D0AE0D9B0993D3E600BFA8
:105BB00000100840001108405830002018FCFFFF7A
:105BC000B4400020109A47F231539A42119B73F16E
:105BD0000003FFF63BAF0020F1F788F8BE4BBF4A49
:105BE00093F8A330D2F8202113F0040F14BF04213E
:105BF00001211407129A48BF0131012A139A72F148
:105C00000002A4BF0131C9B213F0780F40F07F84C5
:105C10004FF49673B14C269AD4F82C011344D4F85F
:105C20004821023802F2E7324FF47A75B2FBF5F2FE
:105C3000821A9A4228BF1A460998FDF75FFC129B08
:105C4000012B139B73F10003BCBF4FF0FF33C4F86B
:105C50003831FDF7E1FE022801F0FB809F4B4FF445
:105C60007A70C3F82471F0F745F9EFE6D5F84431BE
:105C7000002B7FD001200B92F0F798FD0A20F0F75F
:105C800027F90020F0F792FD0B9A089B9C4272F1D5
:105C90000003BFF678AF6EE7FDF782F800283FF407
:105CA00000AFD5F82031DB064FF00A0431D50120D2
:105CB000F1F716F86420F0F70BF90020F1F710F86F
:105CC0006420F0F705F9013CF1D149464046F0F770
:105CD0006BFCD5F84801279B814A034403F2E73364
:105CE0002698A2FB032300EB9310FFF7F7F9D5F8F2
:105CF00020310D9A23F01003C5F820313ABB764AC3
:105D000092F8B920500722D543F00403C5F820319A
:105D10001DE00120F0F744FD6420F0F7D9F80020E1
:105D2000F0F73EFD6420F0F7D3F8013CF1D1D5F84F
:105D30002031C5F8304123F0080343F01003C5F8C3
:105D400020314FF0FF33C5E94A33C5E94D33C5F87B
:105D500024714FF47A70F0F7CDF89AF80030002BE8
:105D60007FF4A4AEF0F7BCFBD5F8243198427FF461
:105D70009DAEA1E60120CDE90B32F0F7B1FF0A207C
:105D8000F0F7A6F80B9B1846F0F7AAFF089B0C9AB1
:105D90009C4272F10003BFF6F6AEECE65149524860
:105DA000FDF744FE0220FDF70FFC0520FDF734FE51
:105DB000FDF70AFC012D40F05B83484A0D9FD2F8A5
:105DC000203143F00203C2F82031444BD3F8203194
:105DD0009E0740F19B810D9B002B00F0C1833E4B41
:105DE00093F8B920D5070CD54BF6803293F8841080
:105DF000D3F88030B3FBF1F3934202D80120EFF7E0
:105E000097FD364C00254FF4FA63C4E951532846F8
:105E1000FDF7DAFBC4E955550620FDF7D5FB2E4BFF
:105E2000C4F8705193F9B930AB4280F23083D4F8A2
:105E300020315B0740F12B83002449464046F0F7B0
:105E4000B3FB264B2798D3F848211044269A00F23A
:105E5000E7304FF47A71B0FBF1F010440D9A002A4C
:105E600040F0D8841C4AD3F8203192F8B9201507A5
:105E7000194A92F8B910A2F580724CBF43F0100392
:105E800023F010030907C2F8203102D45B0740F168
:105E90004587124B4FF0FF32C3E94A22C3E94D2236
:105EA0000022C3F830213BE5002C00F0E58302F529
:105EB000967200210120FDF721FB002800F0B0833D
:105EC000022800F04D86054B4FF47A70C3F8247118
:105ED000F0F710F8A2E500BF0011084000100840DC
:105EE000D34D62109C09030078110840C74AC84985
:105EF000D2F848014FF0FF33C2F83831D2F82C31D4
:105F0000269A279EA3FB053C1B1AA2FB01016CF1FC
:105F1000000C891A181841EB0C0C831B10936CF1C0
:105F200000031193D2F1FF33A3FB05319B1B1293A6
:105F300061F10003139369E5B64B93F8B920D207DA
:105F40000AD54BF6803293F88410D3F88030B3FB37
:105F5000F1F3934240F2CB82AC4BD3F82031DE0711
:105F600000F16881002C00F08D83A84CAA4BD4F876
:105F700020210493C2F3C0130193A84B0393043B65
:105F800002930C3B00932699A548C2F38012043B70
:105F9000FDF79CFD002800F06987D4F8203143F01C
:105FA0000103C4F82031F0F721F8F0F701FA994B1A
:105FB000179093F8A030002B00F0CB83EFF7C2FFCF
:105FC0004FF42F60EFF7ECFFF0F70AF8002840F0ED
:105FD000C083904B93F8A030002B40F04387914B47
:105FE000DFF84CA207934FF4FA70EFF771FF01202E
:105FF000F0F7DCFB4FF4FA70EFF76AFF0020F0F7E0
:10600000D5FB824A02230893D2F844310133C2F807
:106010004431DDE92802269C7D4B00214FF47A753E
:10602000E0FB05211646A4FB0332F318A2EB0402A1
:1060300042EB010227995B1A47F2374162F10002F5
:106040008B4272F10001C0F2BB8347F230536F4CB8
:106050004946C4F848314046F0F7A6FAD4F844312E
:10606000042B40F27E834FF0FF33C4E94A33C4E986
:106070004D330023C4F83031089B052B00F0948386
:106080000D9B9BBB6149269ED1F82C31D1F848412C
:106090005F4ADDF89CC04FF47A70A3FB00351B1BF0
:1060A00065F10004A6FB02259B18A5EB060242EB56
:1060B0000402B3EB0C04D1F83831109462F10005FE
:1060C0009B1B62EB0202A3FB006300FB0230B6EBFA
:1060D0000C03129360F10003B4F57A7F75F10002AE
:1060E000139311954FF00003C0F22D85474B4FF4E9
:1060F0007A70C3F82471EFF7FDFE9AE4EEF79EF88C
:10610000424BD3F820319A073FF569AE00240120B5
:10611000F0F74CFB6420EFF7DBFE0020F0F746FBC6
:106120003A4B4FF47A70C3F82471EFF7E3FEFFF7B0
:10613000FDBB384C94F8A1302BB9344BD3F8243143
:10614000012B40F24985314D0224F0F741FB0DF15E
:106150009C094FF47A70C5F824410DF19808EFF7C7
:10616000C9FE49464046F0F71FFAD5F82471A74208
:106170003FF4D5AB2C492A48FDF758FC2046FDF7E3
:1061800023FA0520FDF748FCFDF71EFA0120FDF774
:106190001BFA274619E61D4C00254FF0FF33C4E9D2
:1061A0004B35C4E94D332846C4F82831FDF70CFAC5
:1061B0000323C4F824310220FDF706FA0120FDF77D
:1061C0002BFCFDF701FAD4F820314FF4FA6223F0EA
:1061D0001003C4E95152C4F820310520FDF7F4F949
:1061E000C4E955550620FDF7EFF90720FDF7ECF956
:1061F0000E4BC4F87051D3E900230B490848C4E999
:106200004F23FDF713FCFFF776BB00BF00100840DB
:1062100018FCFFFF001108403C11084060110840C5
:1062200078110840583000209C090300442E0020BB
:10623000B4400020EFF7DAFEF0F7BAF8B94B179048
:1062400093F8A030002B40F05681F0F7D5F8F0F726
:1062500017F90F90F0F706F9002C00F03882B249D8
:10626000B248D1F82C51D1F83461B149AD4A00237C
:106270000B60036092F8B930AE49D2F8800009EEA5
:10628000105AAD4D13F0020FB2F8B030A96001F50D
:106290000041E96001F50041296101F500416961B2
:1062A00001F50041A96101F50041E9614FF00044A9
:1062B0004FF080212C60696092F88410B0FBF1F1FE
:1062C0000B9114BF08213021002B40F0B582B2F8A9
:1062D000B220002A00F00186924AB2F8B2204FF6AE
:1062E000FF70824200F0E285642000FB03F39942D4
:1062F00038BF1946914B149300FB02F21846022353
:1063000003700B98F2F7BAFB864B4FF4806193F859
:106310008400B1FBF0F14B1E0B4003D05A1E19460E
:106320001340FBD1DFF834A27E4C854A00FB01F11B
:10633000CAF8001094F8B6309B0807930023137036
:10634000EFF7B0FD94F8B90094F87F5094F87E30E0
:1063500094F87D2094F87C10009580F01000C0F334
:106360000010EFF7D7FBBAF800201B90754976486C
:10637000EFF77AFB94F87F3094F8842013FB02F354
:1063800007EE903AF8EEE77AB3EE007A87EE278AC6
:10639000EFF7BEFA08B1B1EE488A1B9B0BB1B1EE24
:1063A000488AB0EE480AF1F785FE5E4A92F8B930A5
:1063B000C3F340119806159140F1648292F8B83009
:1063C00043F302035BB200EE903A92F8B730B2F8B2
:1063D000B4204FF0010B03F00F041B090BFA04F477
:1063E00007EE903A642303FB02F2102C0B9BB8BF1C
:1063F000102423FA0BF5B4F5806FA8BF4FF4806426
:10640000AA4228BF2A46F8EEE00AB2EE040AB8EE25
:10641000678A089203F080FF20460B9C089A214669
:1064200028EE000AF2F75AFB1B9A0192149B0F9A6E
:106430000092464A1B78946103930623029304FA60
:106440000BF3D361219300244FF4F0735360229235
:10645000179BC2F8E4413E483E4A19EE101AFEF777
:10646000BBFF099B002B40F04E84159C1A9334E22D
:10647000002D7FF48BAE2B4B93F88A20002A7FF4FB
:106480009CAC93F9B930002BBFF680AE95E4254B58
:1064900093F88400461E70427041F0F727FC0546D1
:1064A00000283FF4C9AC204E49464046F0F77CF83E
:1064B000D6F82021274B0493C2F3C0130193264B37
:1064C0000393043B02930C3B009326992048C2F3AC
:1064D0008012043BFDF7FAFA0446002800F0198404
:1064E000D6F8203143F00103C6F82031A5E401209D
:1064F000EFF71EFA30E5EFF725FD4FF42F60EFF7C9
:106500004FFDEFF76DFD00287FF49FAE61E5054B71
:1065100093F8A3303C22C3F3C30302FB03F3FFF75A
:1065200079BB00BF0011084000100840084100205E
:106530000441002000000180242A0020AC38002003
:1065400059300020B0380020AC30002084000020FA
:10655000781108403C11084060110840A830002024
:10656000EFF7DEFFBE4B002840F0E98093F8B9302A
:106570005B0740F1F9820125B94BBA4A93F8B6306E
:1065800013F0010FD2F8203143F0040308BF0025B7
:10659000C2F82031002D40F0E782EDF709FEFA2025
:1065A000EDF74EFE044600283FF4A8AD0120F0F7B9
:1065B000F7F82846F0F794FBAB4BAC4E1D60AC4BA4
:1065C00035701D70AB4B1D7047F230512046EDF712
:1065D0004BFFEDF733FE3078002840F05883F0F79A
:1065E000E5F89F4B93F8B630D80700F13684EFF703
:1065F00097FF28B99B4BD3F82031590740F12D84E0
:10660000984AD2F8203143F00203C2F82031954B6A
:106610000022C3F824214FF47A70EFF76BFC6FE58A
:106620000220FCF7D1FF8F4D8D4B93F9B920D5F89F
:10663000203143F04003C5F82031D5F85431C5F876
:106640004C31002AD5F85831C5F85031C0F23683A4
:1066500040464946EFF7A8FF824B279AD3F84831C6
:106660002698134403F2E7334FF47A72B3FBF2F344
:106670001844FEF733FD26E42046F0F737FB269A50
:10668000044614E4764C94F88400451E6842684140
:10669000F0F72CFB00287FF468ACEFF7A7FCEFF7CE
:1066A00087FE94F8A030179053B1EFF74BFC4FF4EE
:1066B0002F60EFF775FCEFF793FC00283FF489ACEF
:1066C000EFF79AFEEFF7DCFE0F90EFF7CBFE644B8F
:1066D00093F88400441E60426041F0F707FB0446D3
:1066E00000287FF4BCAD0120F0F760F84FF4FA7099
:1066F000EFF7EEFB2046F0F759F8DFF884A15E4B88
:106700000793574B93F8A030002B40F09280554CE4
:10671000D4F844310133C4F8443149464046EFF7D8
:1067200043FFD4F84431042B53D94FF0FF33C4E96D
:106730004A33C4E94D330023C4F83031A0E493F860
:10674000B65093F8B9305C0705F001057FF522AF2C
:1067500012E7EFF751FEEFF793FE0F90EFF782FE8F
:106760007DE5279BD4F848011844269B00F2E730CA
:106770004FF47A72B0FBF2F018440D9B002B3AD123
:10678000089B13F0050F40F08583364AD2F82C3170
:10679000D2F834211344984238BF1846FEF79EFCC5
:1067A000089B052B7FF46EACFEF72EFAFDF734F94B
:1067B0002C4B4FF47A70C3F82471EFF79BFB5FE426
:1067C000B3F5FA7F72F10002B8BF4FF4FA73FA33EF
:1067D0003DE4279BD4F848011844269B00F2E7309B
:1067E0004FF47A72B0FBF2F018440D9B002B00F0CE
:1067F000A982062308931B4B4FF0FF32C3E94D22B9
:106800000022C3E94A00C3F83021089B052B7FF41E
:106810006DACC9E70D9A012A7FF482A84FF0FF32D0
:10682000C3E94D220022C3E94A00C3F83021FFF733
:1068300077B8EFF7A9FB6AE74FF6FF7083427FF462
:106840004BAD0E4B1493184601230370B2F8B230CF
:106850000B98642203FB02F2F2F710F954E500BF33
:1068600000110840001008401C2A0020182A0020AF
:10687000202A0020212A002058300020AC38002097
:10688000B4400020B2F8B400002800F04F82F2F7C4
:106890001FF901241B9B01930F9B0093149BBB4A80
:1068A0001B780B9D95610393062302936B00D361C4
:1068B00021930023C2F8E4314FF4F0735360229225
:1068C000179BB34AB34819EE101AFEF785FD099BD2
:1068D000002B40F0FB821A946D08AF4819EE101A95
:1068E0002246FCF77FFEAD4B93F8B9305B0605D529
:1068F000AB48F0F78FFA002800F00981A648F0F7BE
:1069000025FA002800F00981A0484FF4F471F0F74F
:106910004FFA002800F00181F0F768FA002800F033
:10692000FC800020F0F738FA2090002800F0F58075
:106930000020EFF735FF29A928A8EFF735FE05F568
:106940006E320B9B299819EE101A02F59072B2FB69
:10695000F3F2289BCB1A4FF47A7164EB0404A3FB87
:10696000013501FB04511B1A61F100019C1A61EB16
:10697000E2710029C0F2E98100231893189B894D28
:106980008649DAF80020D1F88010DFF848A29E424C
:106990008CBFF31A00231C93189B079E4FF47A7048
:1069A00000FB0343B1FBF0F000FB03F3B3FBF2F495
:1069B0002C600B9D02FB143343F6FF7205FB06228D
:1069C000794C0026920B23922660784AB2FBF5F4AC
:1069D0004FF4FA62B1FBF2F21A44B2FBF0F01C9AE7
:1069E0002494A24228BF22461446EFF771FA6B495D
:1069F00005FB04F404F1F403D1F880001F93EEF7D3
:106A0000EFFF6B4B07936B4B199608EE108A08EE5D
:106A1000909A3446354616961E96A3F13E0B0C9777
:106A2000CDF820A0B046B1461F9B169A934240F283
:106A3000BB82614B1B78002B40F07C82089B1B784B
:106A4000002B40F07782079B1B78002B40F072826E
:106A50001E9B002B40F06E82584B1B68994500F03E
:106A60001E821F9B169A934240F21982524B1B784A
:106A7000002B40F01482089B1B78002B40F00F8203
:106A8000079B1B78002B40F00A821F9B169A9F1AC7
:106A9000B7F5804F3B4628BF4FF480431D931A9BA8
:106AA000002B40F06481159B002B40F06A81209EF2
:106AB00001274FF00008099B002B40F0B580002C07
:106AC00040F0B880002F00F08B813DB93C4B2F493E
:106AD00053F829004FF4F47208F084F91D9B590013
:106AE000374B89B253F82900F0F762F9002800F01B
:106AF000C6800020EFF754FE0024169B1D9A09F172
:106B000001091344169309F007090135A4E7244845
:106B1000F0F788F900287FF4F1AE254BDFF8B4A038
:106B200007930020EFF742FE4FF4FA70EFF7D0F929
:106B30000120EFF73BFE4FF4FA70EFF7C9F90020A0
:106B4000EFF734FEDDE5C1F82431D1F8203143F010
:106B50002003C1F820316420EFF7CCF9FFF7C6BA63
:106B6000FEF752F8FFF7AFB90120EFF719FE00204A
:106B7000F0F7B6F8134E1449144A154B00240C6074
:106B800014701C703470EDF713FB1DE584000020B9
:106B90003C110840781108404C2E0020001108409C
:106BA0000C2F0020A4300020A03000200BFFF77F26
:106BB00058300020822A0020593000200441002053
:106BC000242A0020182A00201C2A0020202A002025
:106BD000212A0020B4400020EFF708FA94F8B630DC
:106BE0009F0740F14981EFF7E3FB132800F288810A
:106BF0000B2840F23F81C0F1140400250120EFF77B
:106C0000CFFD6420EFF764F90020EFF7C9FD0A2CEF
:106C10004FF4FA7005F1010508BF6420EFF758F949
:106C2000AC42EBD1FFF78FBA0120EFF7B9FD002C92
:106C30003FF448AFB34A234601204FF6FF71A44604
:106C4000DC0700F18B8022F8021FAF4C94424FEA20
:106C50005303F5D164464FF4E0720021AB4808F0CD
:106C6000CFF8199A631E5B0202EB53034FF40071D5
:106C700058461993F0F79CF800287FF423AF0C9F37
:106C8000DDF820A018EE108A18EE909A49E700204F
:106C9000EFF786FD0120F0F723F84FF47A70EFF755
:106CA00017F94FF47A70EFF713F90020F0F718F89E
:106CB0004FF4FA70EFF70CF9FFF722BA002C3FF40B
:106CC000C7AC49464046EFF76FFCD5F82021904B02
:106CD0000493C2F3C01301938E4B0393043B0293BE
:106CE0000C3B009326998C48C2F38012043BFCF7BE
:106CF000EDFE002800F00081D5F8203143F00103BB
:106D0000C5F82031A4E45846EFF74AFD1A94159CC3
:106D1000E3E5FCF759FC2C46FFF78FB84FF0FF3343
:106D2000C2E94A33FEF7DAF9FEF7FABD92F8B73056
:106D3000D9073FF5ACAD92F8B84014F001043FF428
:106D4000A9ADA4E5062308931FE54FF0FF33734A6E
:106D5000204607F0DFFA431C18930FE622F8020FD3
:106D6000694CA2424FEA53037FF46AAF72E76C4B5F
:106D700013F809305BB3159A3AB91E4601279046BD
:106D800099E6674B13F8093023B3664B93F88430C8
:106D9000012B7FF68CAE644B4FF4804153F82900F1
:106DA000F1F710FD0643F6B200287FF481AE08F13A
:106DB000010826B1239B434501D901277BE625B174
:106DC000B7F5804F01D3403497E6002773E6159B53
:106DD000002BECD0534B93F88430012BE7D9DAE742
:106DE0004FF400723946584608F00AF81D9C1EE020
:106DF000F32C25D94D4925934FF4F472584607F0EA
:106E0000F1FF4FEA4A0189B25846EFF7D1FF259BBF
:106E100000283FF434AF19464FF4F472584607F097
:106E2000EFFFB4EB0A0407F101073FF462AEB4F5DB
:106E3000807FA24628BF4FF4807A55EA0703D7D057
:106E40004FEA4A0189B25846EFF7B2FF0028E8D16D
:106E500015E7FDF7D9FEFEF701BF0120FCF7B4FBF3
:106E6000FFF7D5BBEFF790F8FFF7B9B8FCF7ACFB2D
:106E7000FFF799B80A24C0E6EFF7A6FA0028F9D080
:106E80000A2800F2EA83082800F2E483042837D9AC
:106E90000D9CB2E6089B062B7FF480AC75E4214B79
:106EA00093F8A0300BBBEFF717F8BDE5642202FBA7
:106EB00003F3994238BF19461D4B14931A460B9899
:106EC00003231370F1F7D2FDFFF71EBA0120EFF78D
:106ED00067FC0B9B1A945D08FFE4154B0B98149309
:106EE0001A70F1F7C3FDFFF70FBAEFF779F880F0EA
:106EF0000100C3B21E93D6E7FCF766FBFFF7A8BB01
:106F000001247AE6422A0020822A0020842A0020D6
:106F10003C110840601108407811084018FCFFFF40
:106F20000C41002000110840242A00208400002089
:106F3000AC3800200C9FDDF820A018EE108A18EE67
:106F4000909A002C37D0099B002B40F04B831449BA
:106F50002246002312F0010F03F1010314BF0120A8
:106F60004FF0FF30202B21F8020B4FEA5202F1D1F3
:106F70004FF4E07200210B4807F042FF199A0848CD
:106F8000631E5B0202EB53034FF400711993EFF79A
:106F90000FFF00283FF4C5AD0020EFF701FC0AE029
:106FA000442A0020842A00200C9FDDF820A018EE3F
:106FB000108A18EE909ABE4B1B78002B40F00F837E
:106FC0009AF80030002B40F00783079B1B78002BBA
:106FD00040F0FF821E9B002B40F0F882249B1C9AFD
:106FE00093422CBF0023012308931899002900F035
:106FF000E2821A9B159AAF48AE4E002A08BF1A4685
:1070000019EE103A0B44194609EE103AFCF7EAFA69
:10701000A94BD3F8203103F0400203F0800315920E
:107020001A93A64B149CA64A247893E80300CBF845
:1070300000008BF80410D2E97C32A249A2480C94DB
:1070400007F0D6FFA149A248082207F0BBFE00289E
:1070500040F09D825D249F4B9F4D9A7801925A7813
:1070600000921B789D4A9E490BEB040007F0C0FF7D
:1070700095F9A23095F99F20C3EB03134FF461619A
:107080009B0001FB023319EE102A1C9313440444A5
:107090002DA92A932AA800232B9307F0BBFD2D9935
:1070A00003912E99319B329A02912F990191309937
:1070B000009101330BEB04008A4902F26C7207F075
:1070C00097FF1C9B002B044400F0468295F9A230E8
:1070D00095F99F20C0F24A8283490BEB040007F028
:1070E00087FF0519159B002B00F03082724BD3E906
:1070F00055037E4C7E4911EA200238BF224611EA30
:10710000230138BF2146159C002C40F07C811A9C3D
:107110000191002883EAE371B8BF4042A1EBE3711B
:10712000002C00F05D81734CB0FBF4F304FB130002
:107130000090B1FBF4F004FB1011CDE902010BEB60
:1071400005006D4907F054FF05442F21304607F034
:107150006FFF03460BEB050003B15E1C3246674927
:1071600007F046FF46195C4D654995F88430D5F81F
:107170008020B2FBF3F20BEB060095F87C3007F0B1
:1071800037FF95F8B9309A06064440F1D38195F857
:10719000B730B5F8B420012103F00F0301FA03F36F
:1071A000642101FB02F20BEB0600564907F020FFB9
:1071B00095F8B82095F8B710841942F3020252B23C
:1071C00009090BEB0400FCF713F995F8B6204E49BA
:1071D00026180BEB0600920807F00AFF002506446C
:1071E0003D4BB3F8B010B3F8B230642000FB01F2AD
:1071F0000C99012900FB03F300F094810C990229FA
:1072000000F089810C9B032B00F07E81002D40F063
:107210002A81314B93F8B930D80600F11A812E4BF0
:1072200093F8B930990700F144812B4B93F8B920BA
:10723000D20712D54BF6803293F88410D3F8803001
:10724000B3FBF1F3934208D8304B0BEB06021868FE
:107250001B794BF8060013710436179B002B00F0C6
:10726000F680192B00F2F18018330A252849B3FB68
:10727000F5F20BEB060005FB123307F0B9FE06F141
:1072800019040F9E194B1A4A86EAE671A1EBE671C2
:1072900012EA260238BF1A4632316423B1FBF3F1F9
:1072A000B1FBF5F305FB131100910BEB040031E08A
:1072B00059300020603000200010084024030300F3
:1072C0000080E00F2C0303004C2A0020442E0020F5
:1072D0003C110840780000200011084058000020B0
:1072E00098030300B8030300F0030300D0F8020082
:1072F00074FA020040420F0038040300C404030083
:10730000DC040300980503003C050300900503001E
:1073100050050300B54907F06BFE0444A4F10803CF
:10732000B348CBF80430A1B2EFF742FD00283FF498
:10733000F8AB169B199A2298F42B2CBFC2EB0302D0
:10734000C2F1F4021B9BCDE900630B9B8361219B7F
:10735000C361149BF43A1B7803935200089B029379
:10736000C0F8E42102F5F0721444179B446019EE52
:10737000101AA04AA048FEF72FF8099B002B5DD1F8
:107380000020EFF709FD00283FF4CBAB9B484FF4FA
:10739000F471EFF70DFD00283FF4C3ABEFF730FDBC
:1073A00000283FF4BEAB0020EFF7FAF9189B6BB151
:1073B000099B002B40F0878091499248EFF70EFD22
:1073C00000283FF4AEAB0020EFF7EAF98E4B93F8BC
:1073D000A030BBBB089B022B7EF41BAEFEF703BEA6
:1073E0006424B0FBF4F304FB13000090B1FBF4F051
:1073F00004FB1011CDE902010BEB0500834907F0F6
:10740000F7FD0544A1E6824C01910028B8BF404237
:1074100083EAE371A1EBE371B0FBF4F304FB130027
:107420000090B1FBF4F004FB1011CDE902010BEB6D
:107430000500784907F0DCFD054486E60120EFF7FA
:10744000AFF99DE7EEF7A0FDC4E732230DE718235F
:107450000BE7714B0BEB060218681B794BF8060023
:1074600013710436DBE66D4B0BEB060218689B8844
:107470004BF806009380644B93F8B720751DD60730
:107480002FD593F8B830DC0721D55F4B6449B3F8AA
:10749000B4200BEB050007F0ABFD05445A4B6149E6
:1074A00093F8B6200BEB0500920807F0A1FD4619F2
:1074B000AFE65D4B0BEB060218681B794BF8060034
:1074C00013710436B1E60120EFF76AF974E7520848
:1074D0000BEB050014D1554B18684BF80500032041
:1074E000DBE793F8B810C807CFD541F342120BEB96
:1074F000050052B2C1F34301FBF77AFF0544CDE723
:107500004B4907F075FDC8E70BEB0600494907F04A
:107510006FFD06447AE60BEB0600474907F068FD6D
:10752000064473E60BEB060044491A4607F060FD7B
:1075300006446BE6B5F8B4303BBB95F8B730DB07D3
:1075400023D495F8B85005F0010549E61A9B3BB3E2
:107550003B4BD3E95703CCE53A4B0BEB04021988BC
:107560009B782BF80410A51C9370BBE5002BB8BFCB
:107570005B42002AB8BF52423349DBB2D2B20BEBB6
:10758000040007F035FD0519ACE5012528E62C4A75
:107590002E492F48D2E94F3207F02AFD80245AE5C0
:1075A000194B93F9B920002ABFF6CFADB3F98B0080
:1075B000B3F98D309DE5224B124ED3F8203103F004
:1075C000400203F0800315921A932AE502230893E0
:1075D0000BE50523089308E50323089305E5042339
:1075E000089302E50120EFF7DBF8B0E4740503002F
:1075F000442A00203C1108407811084084000020F3
:10760000603000204C2E0020001108407C04030054
:1076100040420F00FC03030040050300280503005F
:1076200050FA02003C05030048050300380503003A
:10763000300503001C0503000C05030000050300D2
:1076400000100840E0030300E40303007C03030090
:10765000A12A00200324FFF7D0BA0424FFF7CDBAF3
:10766000034B93F99F20027093F9A2300B7070477F
:10767000001108402DE9F04F2DED028BA3B0054617
:107680000C4616469846EEF74BFF002800F09A800D
:1076900056EA08037DD0744B7449F31848F1000290
:1076A0000020994270EB020380F0A98012AE0DF128
:1076B000200ACDE9085007463146504607F0AAFA9D
:1076C000179B129A039203F26C73139A009302921F
:1076D000169B149A0192664A0494013365490592F7
:1076E0006548159A07F084FC81B26348EFF760FBA8
:1076F0000DF1180BEEF718F96049002391F884C0DA
:10770000D1F880202E99B2FBFCF29E464FF47A7C91
:10771000B0FBF2F25008E1FB0C0E714606F04AFE97
:107720004FF47A7200238146884606F043FE4846AD
:1077300008EE102A41464FF47A72002306F03AFE12
:1077400018EE103A02464E49304607F051FC5146B9
:1077500058460695079707F05DFADDE90C32CDE94A
:10776000044602F26C70DDE909240899CDE90004B1
:10777000CDE9022101330B9A3E493F4807F038FC1E
:1077800081B23D48EFF714FB23B0BDEC028BBDE89E
:10779000F08F12AE0DF1200A002731465046CDE998
:1077A000085707F037FA179B129A039203F26C738B
:1077B000139A0093169B0292149A01920494314AF0
:1077C00001338BE72146074612AE28460DF1200A09
:1077D000EEF7B4FE31465046CDE9085707F01AFAE5
:1077E000179B129A039203F26C73139A0093169BE1
:1077F0000292149A01920494234A01336EE72146BF
:107800002846EEF79BFE012E78F10003ACBF32460E
:10781000724212AEACBF1D4B1D4B1E4930460DF1DE
:10782000200A0DF1180B07F0E3FB002751465846DC
:10783000CDE9065707F0EEF90D9B089A039203F283
:107840006C73099A00930C9B02920A9A0192CDE9FB
:10785000044608490B9A0848013307F0C9FB81B276
:107860000548EFF7A5FA45E780EE360000DD6D002C
:107870000806030018F50200582F002000110840E8
:1078800098060300D0050300B8050300B005030007
:10789000A805030064060300EEF786BE70B51B4C16
:1078A000206868B91A4A1B4B0C2119601178A9B1DC
:1078B000194904251D60194D00232B700B7013709E
:1078C000174B1B78ABB9174B0130A3FB0023DB0828
:1078D00003EB4303A0EB8300206070BD0E490D78DD
:1078E000002DE6D10D4D2E78002EE5D006261E6027
:1078F000E2E7084B1A68B0FBF2F302FB1300B0FAA0
:1079000080F04009EEF74CFF2068DCE77C000020A7
:10791000502F0020800000204E2F00204F2F0020ED
:107920004C2F0020ABAAAAAA30B593B002460C4651
:10793000002309A906A8CDE9062307F06BF9DDE9C4
:107940000D3202F26C700D4A0592099A0C4D0090AE
:10795000CDE90324DDE90A120133CDE901212846EE
:107960000C9A084907F044FB81B22846EFF720FA49
:10797000054B01221A7013B030BD00BFC4060300CE
:10798000582F002018F50200502F0020F0B51546A2
:107990005A8893F804C007460E464848597864242C
:1079A00004FB02F2464C00FB01F11E32A4FB02E292
:1079B0001E31A4FB0141520902EB5112197800FB60
:1079C00001220CF0FB0153293E4908BF5242C1F885
:1079D0005421B3F807409A793849642001FB02F238
:1079E00000FB04F436481E321E34A0FB04E4A0FB66
:1079F0000202587A5B79640904EB521400F0FB022E
:107A000001FB0343532A2F4A93B008BF5B42C2F8DD
:107A10005831D2F85421CDF800C083EAE37CACEBB6
:107A2000E37C82EAE273A3EBE273274A0390A2FBB2
:107A30000C412248890CA2FB034200FB11C4CDE992
:107A40000114224C2249920C00FB1233204607F00D
:107A5000CFFAB5F803300493AB7803936B780293B5
:107A60002B780193B5F8073000936A79AB791949FF
:107A7000204407F0BDFA09A9002306A8079306973A
:107A800007F0C8F8DDE90D32CDE9046402F26C704C
:107A9000DDE90A240999CDE90004CDE90221013389
:107AA0000C9A0D490D4807F0A3FA81B20B48EFF785
:107AB0007FF90B4B01221A7013B0F0BD40420F004A
:107AC000898888880010084083DE1B438C2E0020A4
:107AD000E80603001807030018F50200582F0020DD
:107AE0004E2F002030B5174D2B7893B023B1164B95
:107AF00001221A7013B030BDCDE906030C4606A86A
:107B000009A907F087F8DDE90D3202F26C700F4A1F
:107B10000592099A0090CDE90324DDE90A120133A8
:107B2000CDE901210A480C9A0A4907F061FA81B2AD
:107B30000748EFF73DF901232B70034B01221A7020
:107B400013B030BD4D2F00204F2F002044070300FD
:107B5000582F002018F50200024B01201870FBF787
:107B6000B9BA00BF58300020014B01221A7070478B
:107B70005930002008B5054B01221A70EDF70EF8B8
:107B8000BDE808400020FBF7A5BA00BFB4400020C4
:107B9000F8B51E4D1E4C29681E4B1F4A53F8213064
:107BA00021681E4F1E4E03EB41011E4B00280CBFE7
:107BB000104618463B6896F88420F0F785FA1A4B71
:107BC0001A491A6801321A601A680B689A4212D967
:107BD0002968174A3B6812F801C0276840EA0C0080
:107BE000505496F88410B3FBF1F33B4423602368B0
:107BF000B3F5804F00D0F8BD002121602B68013320
:107C000003F007032B602B68D154F8BD044100201A
:107C100008410020242A0020B0380020A83000208D
:107C200000110840AC300020A0300020A43000201B
:107C30000C410020014B0360704700BF780000201A
:107C4000014B0360704700BF58000020704700BF21
:107C5000704700BF10B50346A8B92149214C0A68F6
:107C6000A0F133330132A3FB0203DB0803EB8303F0
:107C7000A2EB43030B60237883B11B4BBDE810409C
:107C80001878EFF72DB801281AD0022821D0C31E8A
:107C9000012B0CD9134C2378002BEED1104B186814
:107CA000B0FA80F04009BDE81040EFF719B80D4B6D
:107CB00000221A700A4B1868B0FA80F04009F2E707
:107CC000084C094A09490A4823701370EEF76CFC06
:107CD000D1E7054A034C137883F001031370CAE718
:107CE0001C2A0020202A0020212A00205C300020AD
:107CF000B0400020F0B50D2983B004466CD0A1F14E
:107D00001506B6FA86F60E294FEA561659D1012500
:107D100001A968462768EEF747FC324B019A1868BC
:107D2000314B196802F186035B1A00992F4A091A30
:107D30004FF47A7C0CFB0131A2FB013207EB92106D
:107D400092090CFB1211EEF7F9FB002E40D0E079FE
:107D5000A37AA279617A42EA00221B01E07A43EA1F
:107D6000111343EA0033207A01F00F0142EA004286
:107D700042EA0162217B43EA015343F31B031C499E
:107D80005B00C1F86031D1F8203142F31B0243F0AF
:107D90008003C1F85C21C1F8203145B10D23144A9C
:107DA000E158C2F83C1123445B68C2F84031ECF75B
:107DB000F5FE104B01221A700F4B00221A7003B00F
:107DC000F0BD06290BD01529F6D101252E469FE7D7
:107DD000002DECD00623E2E70025012698E7354682
:107DE00096E700BFB04000205C300020D34D621009
:107DF00000100840182A0020202A002030B5204C0E
:107E0000204D0FCC87B0EC46ACE80F0094E803009F
:107E100001248CE8030021461B48F1F72DFD214683
:107E20001A48F1F729FD1A4B1A4A02926946284668
:107E30000C221A608DF80E40F3F738FA40F20B135B
:107E40006B652B6843F000432B602046042203211E
:107E50000023F2F767FE2346204602220421F2F7B0
:107E600061FE2346204604220621F2F75BFE002332
:107E7000042205212046F2F755FE07B030BD00BFB1
:107E8000440A030000C800400022040000D204009D
:107E90001C410020A0860100014B01221A7070478E
:107EA00014410020044A136801460BB1013B1360E2
:107EB0000248F3F787BA00BF1841002000C800400D
:107EC000054B064A4021596313680BB1013B13600F
:107ED0000348FF21F3F776BA006000401841002004
:107EE00000C80040134A144B402170B591631C68D0
:107EF000124D134E4FF4FA7303FB04F401E0013CFE
:107F00000BD02B68FF2130460BB1013B2B60F3F700
:107F100059FAFF28F3D1012070BD064B40225A6365
:107F20002B680BB1013B2B60FF210548F3F74AFAA0
:107F3000002070BD006000401C410020184100205E
:107F400000C8004001480121F1F796BC002204005E
:107F50001A4A1B4B402170B591631C68194D1A4E8B
:107F60004FF4FA7303FB04F401E0013C1AD02B68D0
:107F7000FF2130460BB1013B2B60F3F723FAFF28BA
:107F8000F3D10E4B40225A632B680BB1013B2B609F
:107F9000FF210D48F3F716FABDE870400B480021A9
:107FA000F1F76ABC054B40225A632B680BB1013BC9
:107FB0002B60FF210448F3F705FAE2E70060004078
:107FC0001C4100201841002000C80040002204008D
:107FD0002C4B1B682DE9F0414FF064082A4D2B4FC4
:107FE00004460E4608FB03F802E0B8F101083BD056
:107FF0002B682648FF210BB1013B2B60F3F7E2F918
:10800000FF28F2D0FE282FD1D7F804C039687B684A
:1080100023F00F0343F00D037B603B6843F0805374
:108020003B604FF44063FB602B68B21C9A4298BFE0
:10803000023B164A94BF9B1B00234FF6FF702B6038
:108040002644D0630234D06313691D06FCD5536AFD
:1080500004F8023CB442C3F3072304F8013C04F1E2
:10806000020304D01C46EEE70020BDE8F081074A79
:1080700013691B06FCD5536AC2F804C001201160C5
:10808000BDE8F0811C4100201841002000C80040DC
:10809000384B2DE9F0411E68374DDFF8E0804FF492
:1080A000FA7304460F4603FB06F601E0013E57D083
:1080B0002B68FF2140460BB1013B2B60F3F782F99F
:1080C000FF28F3D12B680BB1013B2B602B4E3946B7
:1080D0003046F3F777F9FD2F48D0D6F804C037685B
:1080E0007368264A23F00F0343F00D03736033686F
:1080F00043F0805333604FF44063F3602E6840F2E6
:1081000001239E428CBFA6F2022600262E6004F5B3
:1081100000702188023413695B06FCD58442D16368
:10812000F7D1164A13695906FCD54FF6FF73D3638E
:10813000124A13699B06FCD54FF44063D360C2F822
:1081400004C017607EB9FF210C48F3F73BF900F03B
:108150001F00A0F10500B0FA80F04009BDE8F081F1
:108160003046BDE8F081013E2E60ECE70120BDE81D
:10817000F08100BF1C4100201841002000C80040D1
:1081800002062DE9F04107460E467DD44C4B4D4C7E
:1081900040225A632368002B5DD14B48DFF82881C9
:1081A000FF21F3F70FF9464B40229A63474A1568BF
:1081B0004FF4FA7303FB05F501E0013D6DD0236830
:1081C000FF2140460BB1013B2360F3F7FBF8FF288A
:1081D000F3D1236847F040010BB1013B23603A48DB
:1081E000F3F7F0F82368310E0BB1013B23603648FA
:1081F000F3F7E8F82368C6F307410BB1013B2360AE
:108200003148F3F7DFF82368C6F307210BB1013BD0
:1082100023602D48F3F7D6F82368F1B20BB1013B88
:1082200023602948F3F7CEF8C7B923689521DBB955
:108230002548F3F7C7F8244E0A252368FF21304666
:108240000BB1013B2360F3F7BDF8030601D5013DF7
:10825000F3D1BDE8F081013B23609EE7082F2AD1CE
:1082600023688721002BE3D0013B23601648F3F7F6
:10827000A9F80C2FDFD123680BB1013B2360FF214C
:108280001148F3F79FF8D6E700213720FFF778FF72
:108290000128DED807F07F0778E7094B40225A63B0
:1082A00023680BB1013B2360FF210748F3F78AF8ED
:1082B000FF20BDE8F08123680121002BD6D0D3E751
:1082C000006000401841002000C800401C41002010
:1082D00008B5044A04480021F2F762FF034B0C2260
:1082E0001A6008BDA086010000C800401C410020A3
:1082F0000A4B0B491B780B4A0B4810B5002B18BFD3
:108300000A4640F2DC534FF0000140F6B83408BF93
:108310001C46F2F745FF054B1C6010BD14410020C0
:1083200000366E01001BB70000C800401C41002051
:10833000034B044A1B6803FB00F01060704700BF4A
:108340001C41002018410020024B1868B0FA80F050
:108350004009704718410020242810B50C4615D05C
:10836000A0F13003092B0BD9A0F12D03012B07D964
:108370002C2815D00223002281F888300A6010BD15
:1083800094F88A30584084F88A0010BD8822002171
:10839000201D06F035FD012384F88830236010BDD0
:1083A00091F88A300A6883F02C03013281F88A3010
:1083B0000A6010BD242838B50C4620D0A0F1410336
:1083C000192B0CD894F88A20636842407E2B84F8DD
:1083D0008A2003D8E21801331072636038BDA0F11F
:1083E0003003092BEED9A0F12C03022BEAD92A285D
:1083F0000FD00223002281F888300A6038BD88221D
:108400000021201D06F0FCFC012384F88830236045
:1084100038BD0B681546013341F8083B8022A81C83
:1084200006F01BFE63682B8038BD00BF242810B502
:108430000C4615D0A0F13003092B0BD9A0F12D0368
:10844000012B07D92C2815D00223002281F888306F
:108450000A6010BD94F88A30584084F88A0010BD34
:1084600088220021201D06F0CBFC012384F88830EF
:10847000236010BD91F88A300A6883F02C03013222
:1084800081F88A300A6010BD242810B50C4619D036
:10849000A0F14103192B05D894F88A30584084F88C
:1084A0008A0010BDA0F13003092BF5D9A0F12C03EF
:1084B000022BF1D92A280FD00223002281F888301C
:1084C0000A6010BD88220021201D06F099FC0123BE
:1084D00084F88830236010BD0B6801330B6010BD39
:1084E000242810B50C4604D0002381F888300B6096
:1084F00010BD88220021201D06F082FC012384F893
:108500008830236010BD00BF242810B50C4604D06D
:10851000002381F888300B6010BD88220021201DC7
:1085200006F06EFC012384F88830236010BD00BF84
:10853000242810B50C4611D0472805D0022300226C
:1085400081F888300A6010BD91F88A300A6883F09B
:108550004703013281F88A300A6010BD8822002169
:10856000201D06F04DFC012384F88830236010BDE7
:10857000242810B50C4611D02C2805D00223002247
:1085800081F888300A6010BD91F88A300A6883F05B
:108590002C03013281F88A300A6010BD8822002144
:1085A000201D06F02DFC012384F88830236010BDC7
:1085B000242810B50C4611D04D2805D002230022E6
:1085C00081F888300A6010BD91F88A300A6883F01B
:1085D0004D03013281F88A300A6010BD88220021E3
:1085E000201D06F00DFC012384F88830236010BDA7
:1085F000242810B50C4611D02C2805D002230022C7
:1086000081F888300A6010BD91F88A300A6883F0DA
:108610002C03013281F88A300A6010BD88220021C3
:10862000201D06F0EDFB012384F88830236010BD87
:10863000242810B50C4611D02E2805D00223002284
:1086400081F888300A6010BD91F88A300A6883F09A
:108650002E03013281F88A300A6010BD8822002181
:10866000201D06F0CDFB012384F88830236010BD67
:10867000242810B50C4611D02C2805D00223002246
:1086800081F888300A6010BD91F88A300A6883F05A
:108690002C03013281F88A300A6010BD8822002143
:1086A000201D06F0ADFB012384F88830236010BD47
:1086B000242810B50C4611D02C2805D00223002206
:1086C00081F888300A6010BD91F88A300A6883F01A
:1086D0002C03013281F88A300A6010BD8822002103
:1086E000201D06F08DFB012384F88830236010BD27
:1086F000242810B50C4611D02C2805D002230022C6
:1087000081F888300A6010BD91F88A300A6883F0D9
:108710002C03013281F88A300A6010BD88220021C2
:10872000201D06F06DFB012384F88830236010BD06
:10873000242810B50C4611D02E2805D00223002283
:1087400081F888300A6010BD91F88A300A6883F099
:108750002E03013281F88A300A6010BD8822002180
:10876000201D06F04DFB012384F88830236010BDE6
:10877000242810B50C4611D02C2805D00223002245
:1087800081F888300A6010BD91F88A300A6883F059
:108790002C03013281F88A300A6010BD8822002142
:1087A000201D06F02DFB012384F88830236010BDC6
:1087B000242810B50C4611D02E2805D00223002203
:1087C00081F888300A6010BD91F88A300A6883F019
:1087D0002E03013281F88A300A6010BD8822002100
:1087E000201D06F00DFB012384F88830236010BDA6
:1087F000242810B50C4611D02C2805D002230022C5
:1088000081F888300A6010BD91F88A300A6883F0D8
:108810002C03013281F88A300A6010BD88220021C1
:10882000201D06F0EDFA012384F88830236010BD86
:10883000242810B50C4611D0432805D0022300226D
:1088400081F888300A6010BD91F88A300A6883F098
:108850004303013281F88A300A6010BD882200216A
:10886000201D06F0CDFA012384F88830236010BD66
:10887000242810B50C4611D0522805D0022300221E
:1088800081F888300A6010BD91F88A300A6883F058
:108890005203013281F88A300A6010BD882200211B
:1088A000201D06F0ADFA012384F88830236010BD46
:1088B000242810B50C4613D0412807D0562805D0DF
:1088C0000223002281F888300A6010BD216894F8E4
:1088D0008A3001314340216084F88A30507210BDE3
:1088E00088220021201D06F08BFA012384F88830AD
:1088F000236010BD242810B50C4619D0A0F1410307
:10890000DBB20F2B0ED84AF6010222FA03F3DB0783
:1089100008D591F88A200B685040013381F88A000D
:108920000B6010BD0223002284F88830226010BD45
:1089300088220021201D06F063FA012384F8883084
:10894000236010BD242810B50C4617D0A0F13003C9
:10895000DBB2092B0CD809680131216094F88A1028
:1089600003EB83035B00484084F88A00137010BD5A
:108970000223002281F888300A6010BD882200217D
:10898000201D06F03DFA012384F88830236010BDD5
:10899000242810B50C4617D0A0F13003DBB2092B08
:1089A0000CD809680131216094F88A1003EB830325
:1089B0005B00484084F88A00937110BD02230022B6
:1089C00081F888300A6010BD88220021201D06F041
:1089D00017FA012384F88830236010BD242810B5CD
:1089E0000C4617D0A0F13003DBB2092B0CD8096874
:1089F0000131216094F88A1003EB83035B00484047
:108A000084F88A00D37210BD0223002281F88830D6
:108A10000A6010BD88220021201D06F0F1F9012313
:108A200084F88830236010BD242810B50C4617D078
:108A3000A0F13003DBB2092B0CD8096801312160A9
:108A400094F88A1003EB83035B00484084F88A00A3
:108A5000537010BD0223002281F888300A6010BDD7
:108A600088220021201D06F0CBF9012384F88830EC
:108A7000236010BD242810B50C4617D0A0F1300398
:108A8000DBB2092B0CD809680131216094F88A10F7
:108A900003EB83035B00484084F88A00937010BDA9
:108AA0000223002281F888300A6010BD882200214C
:108AB000201D06F0A5F9012384F88830236010BD3D
:108AC000242810B50C4617D0A0F13003DBB2092BD7
:108AD0000CD809680131216094F88A1003EB8303F4
:108AE0005B00484084F88A00537110BD02230022C5
:108AF00081F888300A6010BD88220021201D06F010
:108B00007FF9012384F88830236010BD242810B534
:108B10000C4617D0A0F13003DBB2092B0CD8096842
:108B20000131216094F88A1003EB83035B00484015
:108B300084F88A00137410BD0223002281F8883063
:108B40000A6010BD88220021201D06F059F901237A
:108B500084F88830236010BD242810B50C461AD044
:108B6000A0F13003D9B209290FD821680131216061
:108B700094F88A1003EB830303EB830348409B00C4
:108B800084F88A00A2F8033010BD0223002284F882
:108B90008830226010BD88220021201D06F030F9A7
:108BA000012384F88830236010BD00BF242810B54D
:108BB0000C461AD0A0F13003D9B209290FD8216888
:108BC0000131216094F88A104840C3EB431103EB54
:108BD0008103DB0084F88A00A2F8113010BD022363
:108BE000002284F88830226010BD88220021201DD8
:108BF00006F006F9012384F88830236010BD00BF19
:108C0000242810B50C4619D0A0F13003D9B2092997
:108C10000ED821680131216094F88A104840C3EBD6
:108C2000431103EB8103DB0084F88A00938110BDBC
:108C30000223002284F88830226010BD882200219F
:108C4000201D06F0DDF8012384F88830236010BD74
:108C5000242810B50C4616D0A0F13003092B0CD8EF
:108C6000096894F88A3001314340216084F88A30E1
:108C70009378303B1844907010BD0223002281F895
:108C800088300A6010BD88220021201D06F0B8F847
:108C9000012384F88830236010BD00BF242810B55C
:108CA0000C4618D0A0F13003092B0ED8096894F8AF
:108CB0008A3001314340216084F88A30B2F80330B1
:108CC000303B1844A2F8030010BD0223002281F8B3
:108CD00088300A6010BD88220021201D06F090F81F
:108CE000012384F88830236010BD00BF242810B50C
:108CF0000C4618D0A0F13003092B0ED8096894F85F
:108D00008A3001314340216084F88A30B2F8113052
:108D1000303B1844A2F8110010BD0223002281F854
:108D200088300A6010BD88220021201D06F068F8F6
:108D3000012384F88830236010BD00BF242810B5BB
:108D40000C4616D0A0F13003092B0CD8096894F812
:108D50008A3001314340216084F88A30D37A303B35
:108D60001844D07210BD0223002281F888300A60B6
:108D700010BD88220021201D06F042F8012384F84E
:108D80008830236010BD00BF242810B50C4616D0D3
:108D9000A0F13003092B0CD8096894F88A3001310E
:108DA0004340216084F88A301378303B18441070B7
:108DB00010BD0223002281F888300A6010BD88228D
:108DC0000021201D06F01CF8012384F88830236060
:108DD00010BD00BF242810B50C4616D0A0F13003FA
:108DE000092B0CD8096894F88A300131434021607E
:108DF00084F88A305378303B1844507010BD0223F9
:108E0000002281F888300A6010BD88220021201DD0
:108E100005F0F6FF012384F88830236010BD00BF01
:108E2000242810B50C4616D0A0F13003092B0CD81D
:108E3000096894F88A3001314340216084F88A300F
:108E4000937A303B1844907210BD0223002281F8BF
:108E500088300A6010BD88220021201D05F0D0FF57
:108E6000012384F88830236010BD00BF242810B58A
:108E70000C4616D0A0F13003092B0CD8096894F8E1
:108E80008A3001314340216084F88A30137C303BC2
:108E90001844107410BD0223002281F888300A6043
:108EA00010BD88220021201D05F0AAFF012384F8AF
:108EB0008830236010BD00BF242810B50C461BD09D
:108EC000A0F13003DBB2092B0CD8392888BF373822
:108ED000226894BF18010001C0B2013284F88900F1
:108EE000226010BDA0F14102052AEED90223002222
:108EF00081F888300A6010BD88220021201D05F00D
:108F00007FFF012384F88830236010BD242810B52A
:108F10000C4616D0A0F13003092B0CD8096894F840
:108F20008A3001314340216084F88A30D37B303B62
:108F30001844D07310BD0223002281F888300A60E3
:108F400010BD88220021201D05F05AFF012384F85E
:108F50008830236010BD00BF242810B50C4619D0FE
:108F6000A0F13003DBB2092B0ED809680131216072
:108F700094F88A10484084F88A00D17B03EB83037D
:108F800001EB4303D37310BD0223002281F8883024
:108F90000A6010BD88220021201D05F031FF012349
:108FA00084F88830236010BD242810B50C4618D0F2
:108FB000A0F13003092B0ED8096894F88A300131EA
:108FC0004340216084F88A30B2F80730303B1844BF
:108FD000A2F8070010BD0223002281F888300A6041
:108FE00010BD88220021201D05F00AFF012384F80E
:108FF0008830236010BD00BF242810B50C4616D061
:10900000A0F13003092B0CD8096894F88A3001319B
:109010004340216084F88A305379303B18445071C2
:1090200010BD0223002281F888300A6010BD88221A
:109030000021201D05F0E4FE012384F88830236020
:1090400010BD00BF242810B50C4616D0A0F1300387
:10905000092B0CD8096894F88A300131434021600B
:1090600084F88A309379303B1844907110BD022304
:10907000002281F888300A6010BD88220021201D5E
:1090800005F0BEFE012384F88830236010BD00BFC8
:10909000242810B50C461AD0A0F13003D9B2092902
:1090A0000FD821680131216094F88A1003EB830303
:1090B0005B00484003F5FA6384F88A00A2F80730A1
:1090C00010BD0223002284F88830226010BD88225F
:1090D0000021201D05F094FE012384F888302360D0
:1090E00010BD00BF242810B50C461BD0A0F13003E2
:1090F000DBB2092B0CD8392888BF3738226894BFD7
:1091000018010001C0B2013284F88900226010BD4C
:10911000A0F14102052AEED90223002281F888300D
:109120000A6010BD88220021201D05F069FE012380
:1091300084F88830236010BD242810B50C4616D062
:10914000A0F13003092B0CD8096894F88A3001315A
:109150004340216084F88A309389303B18449081E1
:1091600010BD0223002281F888300A6010BD8822D9
:109170000021201D05F044FE012384F8883023607F
:1091800010BD00BF242810B50C4626D0A0F1300237
:10919000D2B2092A17D839284FF0000388BF3738D0
:1091A000236094F9893094BF50B240B2584094F88B
:1091B0008A20C0B282420CBF0423032384F88900B2
:1091C00084F8883010BDA0F14103052BE3D90223B8
:1091D000002281F888300A6010BD88220021201DFD
:1091E00005F00EFE012384F88830236010BD00BF17
:1091F000242810B50C4626D0A0F13002D2B2092A9C
:1092000017D839284FF0000388BF3738236094F906
:10921000893094BF50B240B2584094F88A20C0B20E
:1092200082420CBF0423032384F8890084F8883029
:1092300010BDA0F14103052BE3D90223002281F8E0
:1092400088300A6010BD88220021201D05F0D8FD5D
:10925000012384F88830236010BD00BF242810B596
:109260000C461BD0A0F13003D9B2092910D82168CF
:109270000131216094F88A10484084F88A0091896D
:1092800003EB830303EB830301EB8303938110BDA3
:109290000223002284F88830226010BD8822002139
:1092A000201D05F0ADFD012384F88830236010BD3A
:1092B000242810B50C4619D0A0F13003D9B20929E1
:1092C0000ED821680131216094F88A10484084F852
:1092D0008A00918903EB830301EB4303938110BD63
:1092E0000223002284F88830226010BD88220021E9
:1092F000201D05F085FD012384F88830236010BD12
:10930000242810B50C461BD0A0F13003D9B209298E
:1093100010D821680131216094F88A10484084F8FF
:109320008A00B2F8031003EB830301EB4303A2F8B6
:10933000033010BD0223002284F88830226010BD63
:1093400088220021201D05F05BFD012384F8883070
:10935000236010BD242810B50C461DD0A0F13003A9
:10936000D9B2092912D821680131216094F88A10F4
:10937000484084F88A00B2F8111003EB830303EB32
:10938000830301EB8303A2F8113010BD02230022F6
:1093900084F88830226010BD88220021201D05F04D
:1093A0002FFD012384F88830236010BD242810B5D8
:1093B0000C461BD0A0F13003D9B2092910D821687E
:1093C0000131216094F88A10484084F88A00B2F88C
:1093D000111003EB830301EB4303A2F8113010BD1E
:1093E0000223002284F88830226010BD88220021E8
:1093F000201D05F005FD012384F88830236010BD91
:10940000242810B50C461ED02C2813D0452807D090
:10941000572805D00223002281F888300A6010BD49
:10942000216894F88A3001314340216084F88A3001
:10943000D07410BD91F88A3083F02C032D2281F86E
:109440008A300A6010BD88220021201D05F0D8FC5A
:10945000012384F88830236010BD00BF242810B594
:109460000C4624D02C2819D0A0F13003DBB2092BF4
:109470000ED809680131216003EB830394F88A1048
:1094800003EB83039B00484084F88A00D37310BD2C
:109490000223002281F888300A6010BD91F88A30DA
:1094A00083F02C032B2281F88A300A6010BD8822B9
:1094B0000021201D05F0A4FC012384F888302360DE
:1094C00010BD00BF242810B50C4622D02C2817D080
:1094D000A0F13003DBB2092B0CD8096801312160FF
:1094E00094F88A1003EB83035B00484084F88A00F9
:1094F000937210BD0223002281F888300A6010BDEB
:1095000091F88A3083F02C031E2281F88A300A6099
:1095100010BD88220021201D05F072FC012384F873
:109520008830236010BD00BF242810B50C461ED023
:109530002C2813D04E2807D0532805D00223002210
:1095400081F888300A6010BD216894F88A300131B2
:109550004340216084F88A30907310BD91F88A30BE
:1095600083F02C03202281F88A300A6010BD882203
:109570000021201D05F044FC012384F8883023607D
:1095800010BD00BF10B5054C054B0A46216853F8C5
:1095900021302146984794F8880010BDAC41002046
:1095A0006C0A030010B5054C054B0A46216853F8B8
:1095B00021302146984794F8880010BD20410020B2
:1095C0005C0A0300064880470649074A074B9A424F
:1095D000BEBF51F8040B42F8040BF8E7EAF7A4FD0C
:1095E000319C010098120300000000207008002048
:1095F000FEE700BF000000002DE9F8439FEDC87AA8
:10960000DFEDC87A2DED0A8B80EE87CA80461546BD
:109610001C46894610EE100AF0EE419AF0EE408AA0
:109620002CEE27CA04F0F6FA41EC100B00F0D8FC3F
:10963000B0EE407AF0EE607AB0EE680A57EC176B45
:1096400000F07EFD38EEA89AB0EE40BAB0EE490ABE
:1096500000F018FDF0EE40AAB0EE490A00F070FDEF
:10966000A9A3D3E9002330463946B0EE40AA04F05E
:1096700029FBA7A3D3E9002304F06EF9DFEDAA7A52
:109680006BEE277A064617EE900A0F4604F0C2FAF0
:1096900002460B463046394604F05CF9DFEDA37A0A
:1096A0006AEEA77A064617EE900A0F4604F0B2FA61
:1096B00002460B463046394604F04CF9DFED9C7A01
:1096C0006AEE277A064617EE900A0F4604F0A2FAD1
:1096D00002460B463046394604F03CF98EA3D3E9E6
:1096E000002304F0EFFA04F0C5FDB0EE680A09EEBD
:1096F000100A00F0C7FCF0EE40BAB0EE080A68EEBF
:10970000808AB0EE680A00F0BDFCB0EE408AB0EE90
:10971000680A00F015FD9FED877ADFED876ADFEDBF
:10972000877A87482BEE877A6BEE277A36EEC77AF0
:10973000F0EE488A9FED838A37EE277A6AEE887AC0
:109740009FED818A77EE677A2AEE08AA9FED7F8ADD
:1097500077EE8A7A68EE888A9FED7D8A00EB88082A
:1097600020EE087A37EEE88A98ED000A38EE078A8C
:1097700000F088FCF0EE40AAB0EE4C0A00F082FC4B
:10978000B0EE40AAB0EE480A00F07CFCF0EE408A51
:10979000B0EE4C0A00F00EFDF0EE407AB0EE480A52
:1097A000B0EE678A00F006FDCAEE8A6A28EE008AEB
:1097B000C6EEA87AB7EE007A37EEC80AB4EEC70A4A
:1097C000F1EE10FA40F393800223B5EEC00AFFEEEB
:1097D000007AF1EE10FAB4EEE70A89F800304CBFD7
:1097E00000230223F1EE10FA2B7000F18A80F7EECD
:1097F000007AB4EE670AF1EE10FAC8BFB0EE670A5D
:1098000000F036FDDFED477A9FED451A9FED517A66
:10981000514F80EE278A4FF4B466F1EE006A28EECD
:10982000018A9FED4E0A78EE297A79EEC89A67EEA2
:10983000A67AB1EE008A30EE670A69EE889A30EEB9
:10984000490A9FED468AB4EEC70AF1EE10FAC8BF86
:1098500030EE470A38EE698AB5EEC00AF1EE10FA2A
:1098600048BFDFED3C7A38EE498A48BF30EE270A20
:10987000DFED387AB4EEE78AF1EE10FAC8BF38EEC1
:10988000678AB5EEC08AF1EE10FA44BFDFED317A97
:1098900038EE278A00F02EFCF0EE407AFCEEE77AF4
:1098A000B0EE480A17EE903A5A09A7FB021206FBDF
:1098B0001233236000F01EFCFCEEC07A17EE903AE3
:1098C0005A09A7FB021206FB1233129A1360226890
:1098D00002F534725109A7FB010106FB11229342E4
:1098E00004BF01232B70BDEC0A8BBDE8F883FFEEAB
:1098F000007AB4EEE70AF1EE10FA54BF0123002318
:1099000063E7B0EE670A7BE7000000C0F59A5E3FB0
:10991000000000402AA9133F00000080C2A56C404F
:1099200000003443DB0F49402C63033DC1736F3C9F
:109930004851273D44C1CC3E64B0E23BE7E28F3D55
:109940004C0B03003672DD3BBDC36D3A27C0303B84
:109950008FFCC13A0000B444065BB00500003444FB
:1099600030B52DED028B89B00446049306A8002380
:10997000069105920793B0EE408ACDED030A05F0FB
:109980002BF943699DED031A13F0030FDDE9042160
:1099900084460AD103F26C702D4B2E4D00FB03F36D
:1099A000AB424AD9DFED2C6A01E0DFED2C6ADCED39
:1099B000017ADFED2B4A9FED2B6A9CED070A0F9B86
:1099C000F8EEE77AB2EE085A87EEA47A2046DCED8C
:1099D000007AF8EEE77AF3EE085AC7EE864ADCED35
:1099E000027A0093B8EEE76AB8EEC00A37EE067A5C
:1099F0000E9B37EE247AF0EE480A37EE457AC7EE32
:109A0000257A77EE807A9FED180AF5EEC07AF1EEAE
:109A100010FA48BF77EEA67AF4EEE67AF1EE10FA85
:109A2000A8BF77EEE67A27EE800A80EE260AFFF7D7
:109A3000E3FD09B0BDEC028B30BDDFED086A9FEDA0
:109A4000060A10F00F0F08BFF0EE406AAFE700BF44
:109A5000295C8FC2A3703D0A0000B7430080B64363
:109A60000000704200006145DB0FC9402A4AD36AFA
:109A700003F47053B3F5805F35D0B3F5005F38D091
:109A8000B3F5006F32D0D26802F4E062B2F5407FE5
:109A900040D007D8B2F5807F32D0B2F5007F17D121
:109AA0001E4B07E0B2F5806F26D0B2F5A06F1C4BBD
:109AB00018BF0023184A1B4910685268C0F382304F
:109AC00002F00F020130B3FBF0F0D04008607047A5
:109AD000A2B9154A154BD2F8FC201548B2F1985F8F
:109AE00038BF0346E6E74FF40043E3E7114B1B683A
:109AF000E0E7114B1B68DDE7104BDBE70023D9E7FC
:109B0000094A0F4BD2F8FC200E48B2F1985F38BFDB
:109B10000346CFE70C4BCDE700800C40C0D8A70030
:109B2000003FAB016C0200200081E00F804F12006B
:109B300040420F007002002074020020406F40017C
:109B400040B56400C0CF6A00809FD50000487047D0
:109B5000006CDC02274AD36A03F47053B3F5805FCC
:109B60002FD0B3F5005F32D0B3F5006F2CD0D3689F
:109B700003F4E063B3F5407F3AD007D8B3F5807FB4
:109B80002CD0B3F5007F11D11B4807E0B3F5806FEF
:109B900020D0B3F5A06F194818BF0020154B1B68E3
:109BA000C3F382330133B0FBF3F07047A3B9144B16
:109BB0001448D3F8FC20144BB2F1985F38BF184614
:109BC000ECE74FF40040E9E7104B1868E6E7104B6C
:109BD0001868E3E70F48E1E70020DFE7084B0E488D
:109BE000D3F8FC200D4BB2F1985F38BF1846D5E78B
:109BF0000B48D3E700800C40C0D8A700003FAB0162
:109C00000081E00F804F120040420F0070020020E0
:109C100074020020406F400140B56400C0CF6A006C
:109C2000809FD500014B1868704700BF700200206C
:109C3000034AD2F8883043F47003C2F88830704782
:109C400000ED00E04FF40040704700BF4FF47A7021
:109C5000704700BF014B1868704700BF74020020B6
:109C60002DE9F04F2DED048BB0EE419AF0EE619AA4
:109C7000B0EE408AF0EE608A81B000F02DFCB0EECC
:109C8000491AF0EE691AB0EE407AF0EE607AB0EE62
:109C9000480AF0EE680A57EC176B00F017FC55EC19
:109CA000104B0022002310EE100A294604F072FA2D
:109CB00000220023002840F0C5803046394604F0D9
:109CC00069FA002840F0988047EC106B00F0D0F95A
:109CD000BE4B51EC100B002204F084FA002800F077
:109CE0002881BB4B30463946002203F0EBFFB84BCE
:109CF0008046894620462946002203F0E3FF0026DD
:109D000004460D464FF08047002200232046294696
:109D100003F0D8FF42464B4603F01EFE45EC114BC4
:109D200041EC100B00F0A8FB0022002340464946FE
:109D30005BEC10AB04F056FA002800F0BD80A54B98
:109D400050465946002203F0BDFF02460B464046EE
:109D500049469046994600229E4B03F0B3FF0246C7
:109D60000B464046494603F0F7FD41EC100B00F06E
:109D70004BFA59EC108B974B00222046294603F0F2
:109D8000A1FF42464B4604F0C7F841EC100B00F02F
:109D90006FF9324651EC100B3B4603F093FF4246FD
:109DA0004B4682468B463046394603F08BFF804651
:109DB0008946002200232046294604F0F5F90022B6
:109DC0000023002866D15046594603F07BFF4246E7
:109DD0004B4603F0C1FD4BEC17AB41EC160BB0EE5C
:109DE000460AF0EE660AB0EE471AF0EE671A01B0C6
:109DF000BDEC048BBDE8F08F45EC104B00F038F95A
:109E0000744B002251EC100B03F05CFF41EC100B83
:109E100000F0FAF9204629460022002355EC104BA9
:109E200004F0E0F90022002310B32046294603F095
:109E300049FF22462B4603F08FFD45EC174B41ECC2
:109E4000160BCCE73046394604F0A4F9002800F0A0
:109E50009180002200232046294603F033FF002290
:109E6000002303F079FD45EC174B41EC160BB6E7E8
:109E70002046294603F026FF02460B462046294687
:109E800003F068FD224605F1004341EC160B43EC5C
:109E9000172BA4E75046594603F014FF02460B4621
:109EA0004046494603F056FD52460BF1004341EC53
:109EB000160B43EC172B92E7464B504659460022AF
:109EC00003F000FF02460B4640464946904699463D
:109ED0000022404B03F0F6FE02460B464046494640
:109EE00003F038FD41EC100B00F08EF959EC108BAB
:109EF000384B00222046294603F0E4FE42464B46FA
:109F000004F00AF841EC100B00F0B2F8324651ECC4
:109F1000100B3B4603F0D6FE424682468B464B462C
:109F20003046394603F0CEFED046D94682468B46AF
:109F30003FE745EC104B00F09BF8244B51EC100B25
:109F4000002204F04FF900287FF4CBAE224B3046BC
:109F50003946002203F0B6FE1F4B80468946204654
:109F60002946002203F0AEFE002604460D464FF0BF
:109F70007957C9E647EC106B00F07AF800F044F925
:109F8000304639460022002357EC106B04F00CF9E0
:109F90000022002360B92046294603F093FE324692
:109FA0003B4603F0D9FC45EC174B41EC160B16E78A
:109FB0003046394603F086FE0022002303F0CCFC35
:109FC00047EC176B41EC160B09E700BF000010408F
:109FD0000000D03F0000E03F0000504300000000C0
:109FE00051EC100B204A21F00043934220DD00B5D4
:109FF0001E4A934285B009DD10EE102A0B4603F08D
:10A00000A9FC41EC100B05B05DF804FB684600F0BC
:10A0100067FA00F0030001289DED021B9DED000B87
:10A020000AD0022816D090B1012002F039F9EAE7EF
:10A030009FED0B1B01F0CCBB02F032F953EC102B5F
:10A0400003F1004300EE903A05B05DF804FB01F027
:10A05000BFFBD8E701F0BCFBF0E700BFAFF3008027
:10A060000000000000000000FB21E93FFFFFEF7F40
:10A0700051EC100B10EE102A21F0004343EC102B92
:10A08000704700BF10EE103A184A23F00043934285
:10A090001BDDB3F1FF4F02DB30EE400A704700B525
:10A0A00083B0684601F0E0F900F003000128DDED1F
:10A0B000010A9DED000A0CD0022812D070B10120D7
:10A0C00002F068FD03B05DF804FBDFED090A02F061
:10A0D000A5B902F05FFDB1EE400AF3E702F09EF988
:10A0E000F0E702F09BF9B1EE400AEBE7D80F493FE9
:10A0F0000000000010EE103AC3F3C7527F3A162A50
:10A1000010EE101A15DC002A0CDB0C48104103423B
:10A1100005D04FF4800313410B4423EA000300EE03
:10A12000103A7047013203F00043F8D143F07E53F8
:10A13000F5E7802AF3D130EE000A7047FFFF7F0079
:10A1400010EE103A194A23F0004393421CDDB3F19C
:10A15000FF4F02DB30EE400A704700B583B068461F
:10A1600001F082F900F003000128DDED010A9DED08
:10A17000000A0ED0022813D070B102F04FF9B1EEF0
:10A18000400A03B05DF804FBDFED090A002002F08D
:10A1900001BD02F043F9F4E7012002F0FBFCF0E717
:10A1A000012002F0F7FCB1EE400AEAE7D80F493F80
:10A1B0000000000010EE103A114A23F000439342D1
:10A1C00018DDB3F1FF4F02DB30EE400A704700B5F7
:10A1D00083B0684601F048F9400000F00200DDED70
:10A1E000010A9DED000AC0F1010002F01BFD03B061
:10A1F0005DF804FBDFED030A012002F013BD00BF90
:10A20000DA0F493F0000000038B52DED028B55EC08
:10A21000104B00F08BFB22462B4620462946B0EE21
:10A22000408AF0EE608A03F0E7FF30B90022002395
:10A230002046294603F0B8FF30B9B0EE480AF0EEE8
:10A24000680ABDEC028B38BD04F0ACFC0022002390
:10A25000212101601046194603F05EFE41EC180B07
:10A26000B0EE480AF0EE680ABDEC028B38BD00BFC4
:10A2700008B52DED028BB0EE408A00F023FCB4EE61
:10A28000488AF1EE10FAF0EE408A0AD6B0EE480A9B
:10A2900003F022F8F7EE007AB4EEE70AF1EE10FAD6
:10A2A00004DCB0EE680ABDEC028B08BD04F07AFC59
:10A2B000BDEC028B034621221A600248BDE808402B
:10A2C00003F066B8D0F8020008B52DED048BB0EEAF
:10A2D000609AF0EE408A00F019FDB0EE408A03F07B
:10A2E00003F820B1B0EE480ABDEC048B08BDB0EE17
:10A2F000680A02F0F9FF0028F4D0B0EE490A02F033
:10A30000F3FF0028EED004F04DFC22239FED018ADC
:10A310000360E7E70000807F08B52DED048BB0EE09
:10A32000608AB0EE409A00F08BFDB4EE488AF1EE00
:10A3300010FAF0EE408A0BD6B5EE409AF1EE10FA24
:10A3400017D1B5EE408AF1EE10FA06D1F7EE008A89
:10A35000B0EE680ABDEC048B08BDB0EE480A02F00E
:10A36000C3FF0028F4D0B5EEC08AF1EE10FAEFD5A5
:10A3700025E002F0B9FF88B1F5EE408AF1EE10FA5F
:10A38000E6D1B0EE490A02F0AFFF0028E0D0B0EE0F
:10A39000480A02F0A9FF0028DAD010E0B0EE490A1E
:10A3A00002F0A2FF0028E7D0B0EE480A02F09CFFBE
:10A3B0000028E1D0F4EE688AF1EE10FA04D604F039
:10A3C000F1FB22230360C3E704F0ECFB21230360CD
:10A3D000BEE700BF08B52DED028BF0EE408A01F01C
:10A3E00075F9B0EE408A02F07FFF20B1B0EE480A66
:10A3F000BDEC028B08BDB0EE680A02F075FF0028C4
:10A40000F4D004F0CFFB9FED098A9FED090AF5EE29
:10A41000C08AF1EE10FAD8BFB0EE408AB0EE480A1A
:10A42000BDEC028B2223036008BD00BF0000807FCB
:10A43000000080FF08B52DED028BB0EE408A01F0E0
:10A44000C1F9B4EE488AF1EE10FA06D6DFED098ABA
:10A45000B4EEE88AF1EE10FA02D4BDEC028B08BD2E
:10A4600004F0A0FB88EEA80ABDEC028B2123036058
:10A4700008BD00BF0000000008B52DED068BB0EE52
:10A4800041AAF0EE61AAB0EE409AF0EE609A00F0B8
:10A4900023F8B0EE4A1AF0EE6A1AB0EE408AF0EEF7
:10A4A000608AB0EE490AF0EE690A00F00FF8B0EEEB
:10A4B000401AF0EE601AB0EE480AF0EE680ABDEC01
:10A4C000068BBDE8084002F0DBBF00BFB0EE410ADA
:10A4D000F0EE610A704700BF704700BF0000000047
:10A4E0002DE9F04F53EC102B2DED048B904923F008
:10A4F00000458D428BB0044640F38C808D498D42DF
:10A500001F462BDC002F194610EE100A7EA3D3E95C
:10A51000002340F3B68103F01DFA874B9D4280462D
:10A52000894600F08F807AA3D3E9002303F012FA62
:10A5300002460B46C4E900234046494603F00AFAA6
:10A5400073A3D3E9002303F005FAC4E9020101264D
:10A5500030460BB0BDEC048BBDE8F08F77498D42DF
:10A5600040F3928076498D4261DC2E15A6F21646A4
:10A5700010EE100AA5EB06519046894603F052FEF4
:10A5800003F036FB02460B4640464946CDE904231C
:10A5900003F0E0F96B4B002203F094FB8946804600
:10A5A00003F040FE054603F023FB02460B464046FF
:10A5B0004946CDE9062303F0CDF9624B002203F0B2
:10A5C00081FB02460B46CDE908230022002303F05D
:10A5D000E1FD002800F05381002D0CBF0123022370
:10A5E000594A0192022200922146324604A801F003
:10A5F0002FFA002F0646ABDA6168226801F10043AA
:10A60000E168C4E90023A26801F10043C4E9022320
:10A6100046429DE7002000210026C4E902013046A1
:10A6200084ED000B0BB0BDEC048BBDE8F08F10EE99
:10A63000100A194603F08EF90026C4E90201C4E9A4
:10A64000000185E734A3D3E9002303F083F934A3A1
:10A65000D3E900238046894603F07CF902460B4685
:10A66000C4E900234046494603F074F92CA3D3E91A
:10A67000002303F06FF90126C4E9020130460BB054
:10A68000BDEC048BBDE8F08FFFF7F2FC59EC108BAA
:10A6900010EE100A24A3D3E90023494603F012FB6D
:10A6A0002A4B002203F058F903F0BCFD064603F0E4
:10A6B0009FFA02460B4643EC182B13A3D3E9002361
:10A6C000B0EE489AF0EE689A03F0FCFA02460B46A8
:10A6D0004046494603F03EF90DA3D3E900238246E4
:10A6E0008B4651EC180B03F0EDFA1F2E41EC180BC2
:10A6F00030DC174B721E53F82230AB422AD0024690
:10A700000B469BE0AFF3008000004054FB21F93F73
:10A710003163621A61B4D03D0000601A61B4D03D6B
:10A720007370032E8A19A33B83C8C96D305FE43F61
:10A73000FB21E93F7BD90240FB21F93FFB21394155
:10A74000FFFFEF7F00007041DC0B03000000E03FE3
:10A750005C0B03002B150393504653EC182B594602
:10A7600003F0F8F8C1F30A53C3EB1555102D8046DA
:10A77000894669DD64A3D3E9002351EC190B03F08A
:10A78000A1FA8046894642464B465046594603F058
:10A79000E1F802460B465046594692469B4603F066
:10A7A000D9F842464B4603F0D5F859A3D3E9002324
:10A7B0008046894651EC190B03F084FA42464B4619
:10A7C00003F0C8F802460B465046594643EC182B96
:10A7D00003F0C0F8039AC1F30A53D31A312B804611
:10A7E000894631DD4DA3D3E9002351EC190B03F069
:10A7F00069FA8046894642464B465046594603F020
:10A80000A9F802460B465046594692469B4603F02D
:10A81000A1F842464B4603F09DF842A3D3E900233A
:10A820008046894651EC190B03F04CFA42464B46E0
:10A8300003F090F802460B4643EC182B504659465D
:10A8400003F088F88046894642464B46C4E90089B1
:10A850005046594603F07EF853EC182B03F07AF873
:10A86000002FC4E90201BFF673AE09F10043C4E949
:10A87000008301F10043C4E90203764268E6032342
:10A88000AEE603F069F8244B9D428046894616D017
:10A890001BA3D3E9002303F05FF802460B46C4E98B
:10A8A00000234046494603F055F815A3D3E9002399
:10A8B00003F052F84FF0FF36C4E9020148E612A354
:10A8C000D3E9002303F048F811A3D3E9002380461D
:10A8D000894603F041F802460B46C4E9002340468E
:10A8E000494603F037F80AA3D3E9002303F034F80C
:10A8F0004FF0FF36C4E902012AE600BFAFF3008043
:10A900003163621A61B4D03D0000601A61B4D03D79
:10A910007370032E8A19A33BFB21F93F0000002E20
:10A920008A19A33BC14920259A837B392DE9F0413F
:10A93000634A55EC104BAA4300F09F80002D10EEA7
:10A9400010CA2B4654DD291563D0C3F31303A1F2BB
:10A95000FF37C90743F4801304D45B0003EBDC73B7
:10A960004FEA4C0C4FEADC72002602EB43037F10E7
:10A970004FEA4C0C4FF0160E34464FF40012A1185B
:10A98000994202DC5B1A8C1816445B00BEF1010E82
:10A9900003EBDC734FEA52024FEA4C0CEFD17546E1
:10A9A00020204FF000420AE044D04FEADC71013829
:10A9B00001EB43034FEA4C0C4FEA520243D0A3424F
:10A9C00002EB0E01F0DD002901EB020E0ADBA046CE
:10A9D0001B1B614588BF03F1FF33ACEB010C154431
:10A9E0004446E2E7BEF1000FF1DB04F10108EFE7B6
:10A9F00025F00042224338D0002D4ED129464FEA9F
:10AA0000DC22153913464FEA4C5C002AF7D0D602F7
:10AA100050D400205B00DD02044600F10100F9D5AE
:10AA20001A4663460CFA00FCC0F12000C340091B23
:10AA300013438AE76145B8D8002901EB020ED1DB48
:10AA400098460023C9E753EA0C0310D16808711037
:10AA5000F30701F17F5101F5001148BF40F00040BC
:10AA600001EB0753024643EC102BBDE8F0816A1C52
:10AA700016BF681C01364008E9E710EE102A10EEF8
:10AA8000100A2B46294603F01DF922462B4602F0F8
:10AA900063FF41EC100BBDE8F08110EE102A204658
:10AAA000294602F057FF02460B4603F035FA41EC07
:10AAB000100BDAE7634620204FF0FF34B6E700BF03
:10AAC0000000F07F08B510EE102A22F00043B3F129
:10AAD0007E5F2DED028B12D00ADCB3F17C5F19DAB8
:10AAE000B3F10C5F6CDCBDEC028B9FED770A08BD07
:10AAF00070EE407A87EEA70ABDEC028B08BDBDEC74
:10AB0000028B9FED720ADFED727A002AD8BFB0EE99
:10AB1000670A08BD002AC0F29080F7EE008A38EE7E
:10AB2000C00AB6EE008A20EE088AB0EE480A00F0AD
:10AB300049FEDFED687A9FED687A9FED686ADFED88
:10AB4000685ADFED686AA8EE277ADFED677AA7EE2C
:10AB5000086AE8EE257AE6EE086ADFED645A9FEDB2
:10AB6000647AE7EE885AA6EE887ADFED627A10EE14
:10AB7000103AE5EE887A23F47F6323F00F03B0EEFA
:10AB8000476A9FED5D7AF0EE676AA6EE087A07EEF7
:10AB9000903AB0EE486AE6EE888AA7EEE76A70EE71
:10ABA000276A27EE088A86EE267AC8EE286ABDEC68
:10ABB000028BA0EE267A37EE870A30EE000A08BD37
:10ABC00020EE007ADFED437A9FED436ADFED436AC2
:10ABD0009FED435ADFED435AA7EE276ABDEC028B87
:10ABE000E6EE076ADFED407A9FED406AE7EE057A10
:10ABF000E6EE875AA7EE876A9FED3D5ADFED3D7A74
:10AC0000DFED3D6AA5EE875AE6EE077AE5EE076AC4
:10AC1000F7EE005AE7EE875A26EE877A9FED376AFD
:10AC2000DFED377AC7EE256AB0EE467AA0EE667A97
:10AC300030EE470A37EEC00A08BDB7EE007A30EEB4
:10AC4000070AF6EE007A60EE277ADFED226A9FEDC2
:10AC5000226ADFED224ADFED225A9FED225A9FED54
:10AC6000268AA7EEA66ADFED206AE6EE274AE7EE1F
:10AC7000A56ADFED1E5A9FED1E6AA4EEA75AE6EE06
:10AC8000A75ADFED1C6AA5EE276AE5EEA76AA6EED5
:10AC9000278AA6EEA77A28EE278AF0EE478AB0EE3A
:10ACA000670A00F08FFD88EE286ADFED167AB0EEB5
:10ACB000407AE7EE067A9FED140A77EE877AF0EE97
:10ACC000006AA7EEE60A17E7DB0FC93F00000000A5
:10ACD000DB0F494008EF1138047F4F3A461124BD7D
:10ACE0002EC69D3DA80A4E3E613330BF2D57014010
:10ACF00090B0A6BE39D119C0ABAA2A3E6821A233B2
:10AD0000DA0FC93F6821A2B3DA0F494010B582B00B
:10AD10008DED000ACDED010ADDE9003223F000439C
:10AD200022F00042934202DA194613460A46991A63
:10AD3000B1F1706F00EE103A06EE902A41DCB3F1EB
:10AD4000B14F31DC0024B2F11A5F0ADA52B3B2F526
:10AD5000000F65DADFED377A66EEA76A20EE270A84
:10AD60007E3C30EE666AF4EEC66AF1EE10FA2CD53F
:10AD700023F47F6323F00F0307EE903A30EE277A37
:10AD800030EE670A20EE470AA6EEE60A97EEA70A1B
:10AD900000F018FD34B1E40504F17E5407EE904A4A
:10ADA00020EE270A02B010BDB3F1FF4F2ADA03F1FB
:10ADB0005E4302F15E4200EE103A06EE902A442411
:10ADC000C1E730EE260A02B010BD1B4903F50003AF
:10ADD0000B4005EE103AB0EE007A90EE075A07EEFF
:10ADE000903A02EA010307EE103A26EE850A76EE63
:10ADF000C75AA5EEA70A96EE460A97EE270A00F074
:10AE0000E1FCC7E714BF30EE260A9FED0C0ADFED28
:10AE10000B7AB2F1FF4F08BFB0EE670A02B010BD67
:10AE200003F1085302F1085200EE103A06EE902AA0
:10AE3000443C96E70000807E00F0FFFF0000807F2A
:10AE40002DE9F0412DED028B82B0CDED010A8DEDA3
:10AE5000000ADDE9004535F0004611D184F4800494
:10AE6000640014F5000F40F21481DDED007A9DEDD1
:10AE7000017A37EE870A02B0BDEC028BBDE8F081A3
:10AE800024F00047B7F1FF4FEFDCB6F1FF4F00F3BE
:10AE9000F580002CC0F204814FF00008B6F1FF4F9E
:10AEA00000F01981B6F17E5F00F02481B5F1804F8A
:10AEB00000F00C81B5F17C5F9DED000A40F01F8130
:10AEC000002C80F2498102F007FAB7F1FF4F00F041
:10AED0002781002F00F02181B7F17E5F00F01781FC
:10AEE000E20F013A58EA020300F03D81B6F19A4FB1
:10AEF00040F360819F4B9F4240F357829E4B9F429D
:10AF000000F36082F7EE007A30EE670A9FED9B6AED
:10AF1000DFED9B5AF5EE007AA0EE676AF6EE006A66
:10AF2000E6EE406A20EE007ADFED967A9FED966AB3
:10AF300027EE267A67EEC77AE0EE257AF0EE676AAA
:10AF4000E0EE066A16EE903A23F47F6323F00F03D7
:10AF500007EE103AA0EE467A06EE903A77EEC77A00
:10AF600025F47F6525F00F059DED017A06EE105A58
:10AF700067EE877A37EE466A07EE105AE6EE267AD3
:10AF800008F1FF3858EA020326EE877AB7EE000A86
:10AF900077EE876ABFEE006A16EE903A0CBFB0EE0D
:10AFA000468AB0EE408A002B23F0004240F3C58170
:10AFB000B2F1864F00F3248200F01782B2F17C5F79
:10AFC00000F3C7810022104623F47F6323F00F03B0
:10AFD00006EE103ADFED6D6A9FED6D5A9FED6D2A1A
:10AFE0009FED6D3ADFED6D3A9FED6D4ADFED6D4AF5
:10AFF00036EE477AF0EE002A77EEC77A26EE267A0A
:10B00000DFED696AA7EEA67AF0EE476AE6EE056A1A
:10B0100066EEA65AF0EE667AA5EE823AE6EE457A3C
:10B02000B0EE636AA3EE256A77EE677AB0EE447AF3
:10B03000A6EE257AB0EE646AA7EE256AB0EE667ACF
:10B04000A6EE657AE6EEA77A66EE875A37EE626A72
:10B05000B7EE005A85EE867A77EE677A77EEE66A83
:10B0600035EE660A10EE103A1344B3F5000FC0F245
:10B07000A68100EE103A20EE080AFCE6B4F17E5FED
:10B080007FF4F3AE85F480056D0015F5000F3FF6F3
:10B09000ECAEB7EE000A02B0BDEC028BBDE8F08169
:10B0A000B6F1974F0FDAB6F17E5F09DBF315C3F106
:10B0B000960346FA03F202FA03F3B34200F0388132
:10B0C0004FF00008EEE64FF00208E7E6DDED007A0B
:10B0D00027EEA70ACFE6B7F17E5FDAD02BDD9FED32
:10B0E000330ADDED017A002DB8BFF0EE407AB0EE04
:10B0F000670AC0E6002D23DB9DED000ABBE602F0E7
:10B10000EBF8B7F1FF4F02D0002F7FF4E5AE002D32
:10B11000BCBFF7EE007A87EE800A002CBFF6ABAE1C
:10B12000A7F17E5757EA080340F0FB8070EE407AA3
:10B1300087EEA70A9FE6002D09DB9FED1C0A9AE621
:10B140009DED007AF7EE007A87EE870A93E6DDED53
:10B15000017AB1EE670A8EE602B0BDEC028BBDE863
:10B16000F04100F02FBBDDED007A77EEE77A87EE55
:10B17000A70A80E6F3FF7F3F0700803FABAAAA3E05
:10B1800070A5EC363BAAB83F00AAB83F8CBEBF35CD
:10B190000072313F4CBB31330EEADDB555B38A380E
:10B1A000610B36BBABAA2A3E1872313F000000008B
:10B1B0000000804B14F0FF4F40F0F5805FED047A03
:10B1C00060EE277A6FF0170317EE907A9448F9151E
:10B1D000C7F316077F398742194447F07E5340F37F
:10B1E000DA809048874240F3F7809FED8F4A013123
:10B1F000B0EE443AA3F50003F7EE005A002006EE45
:10B20000103A76EE257AB7EE007A87EE270A5B10C1
:10B2100043F0005303F58023034476EE656A07EE9E
:10B22000901A66EE803AB8EEE77A13EE901A07EEBF
:10B23000903A7E4BDFED7E0A9FED7E8A9FED7E1A6F
:10B24000DFED7E2ADFED7E1A9FED7E2A77EEE55A4E
:10B25000194005EE101A36EE656A63EEA35AE5EE64
:10B26000676AF0EE607AE5EE887AE5EE466AA7EE68
:10B27000A51A66EE806AE1EE252A73EE857AE2EE83
:10B28000A51A25EEA58AA1EEA52A67EEA67AF0EE0C
:10B29000084AB0EE646AE8EE027AA5EE056ADFEDD0
:10B2A0006A0A9FED6A1ADFED6A2A36EE276A16EE01
:10B2B000101A194006EE101A76EE644AE5EE454A79
:10B2C00077EEE47A67EEA37AE6EE867AF0EE675AD6
:10B2D000E5EE065A15EE901A194006EE901AE5EEC4
:10B2E000466A05EE901A77EEE67A67EEA07AE5EE0A
:10B2F000817A77EE837AF0EE676AE5EEA26A76EEFF
:10B30000846A76EE876A16EE901A194006EE901A55
:10B3100036EEC77A37EE447AA5EEE27A77EEC77A50
:10B320001EE6B8F1010F7FF4A6ADB1EE400AA2E52A
:10B3300002F00102C2F10208B4E546498A4267DC24
:10B340007FF43CAE76EEC76AF4EEE76AF1EE10FAEF
:10B350005EDAD2154FF400017E3A41FA02F21A4445
:10B36000C2F3C7513C4C7F390C41C2F3160022EAAC
:10B37000040206EE902A37EE667A40F40000C1F12E
:10B3800017010841002B77EE876AB8BF404216EEDE
:10B39000903AC20518E69FED244AF7EE005AB0EE47
:10B3A000443A00202BE7002310E7002D0CDB00209F
:10B3B00002B0BDEC028BBDE8F04101F02FBD01F001
:10B3C000EDFF58E6002DF2DD002002B0BDEC028B4F
:10B3D000BDE8F04101F028BD9FED204A9FED203AE5
:10B3E000F7EE085A4FF4001009E79FED1E6A76EE5B
:10B3F000C76A37EE866AB4EEE66AF1EE10FAA8DDA7
:10B40000B5EEC08AF1EE10FA4CBF01200020DCE757
:10B41000B5EEC08AF1EE10FA4CBF01200020C7E75C
:10B4200071C41C00D6B35D000000000000F0FFFFF7
:10B4300055326C3E42F1533E05A38B3EABAAAA3E69
:10B44000B76DDB3E9A99193F4F38763FA0C39D36C2
:10B450000038763F00001643FFFF7F0000C0153F15
:10B46000DCCFD1353CAA383370B510EE103A894A9A
:10B4700023F00044944286B0054670DD864A94422B
:10B4800010EE106A22DC002BDFED847A844A24F06F
:10B490000F04B0EE407A40F3E480944270EE677A95
:10B4A00009BFDFED806A9FED807A9FED807A77EEAD
:10B4B000E67A012077EEC76A77EEE67AC5ED006A94
:10B4C00077EEC77AC5ED017A06B070BD784A94422E
:10B4D00054DDB4F1FF4F49DAE215863AA4EBC253CA
:10B4E00007EE903ABDEEE77ADFED726AB8EEC77A02
:10B4F00077EEC77A8DED037A67EEA67ABDEEE77A2E
:10B50000B8EEC77A77EEC77A8DED047A67EEA67A41
:10B51000F5EE407AF1EE10FACDED057A40F090802C
:10B52000B5EE407AF1EE10FA14BF0223012362490E
:10B5300001910221009103A8294600F0F1FF002E9D
:10B54000C2DA95ED007AD5ED017AB1EE477AF1EEE7
:10B55000677A85ED007AC5ED017A4042B4E70022B2
:10B5600085ED000A4260002006B070BD70EE407AA2
:10B570000020C5ED017AC5ED007AA5E701F0ACFE2B
:10B580009FED4E7A9FED456AF6EE007AE0EE077A7F
:10B590009FED457AFDEEE77A17EE900AF8EEE76A3E
:10B5A0001F28A6EEC60A66EE877AB1EE666A1EDC32
:10B5B000434A411E24F0FF0352F82120934216D043
:10B5C00030EE677A85ED007A30EE470A002E30EED5
:10B5D000670A85ED010ABFF677AFB1EE477AB1EEA3
:10B5E000400A85ED007A85ED010A40426CE730EEB5
:10B5F000677AE21517EE103AC3F3C753C3EBD4547E
:10B60000082CDFDDDFED277A9FED287AF0EE405A37
:10B61000E6EE275A30EE650AA6EE270AF0EE407AEB
:10B62000D6EE877A35EEE77A17EE103AC3F3C753B2
:10B63000D21A192A06DCB0EE650A85ED007AC3E756
:10B64000032374E79FED1F7A9FED1F5AB0EE650A42
:10B65000A6EE070A75EEC07AE6EE077AD6EE857A90
:10B66000AEE7944270EE277A09BFDFED0E6A9FEDD8
:10B670000E7A9FED0E7A77EEA67A4FF0FF3077EED6
:10B68000876A77EEE67AC5ED006A77EE877AC5EDD0
:10B69000017A19E7D80F493FE3CB1640800FC93F25
:10B6A000D00FC93F004435374344353708A3852EB2
:10B6B000800F494300008043640D030084F9223F5A
:10B6C000E40C030000A3852E32318D2410B510EE5A
:10B6D000103A23F00044B4F1FF4F2DED028BF0EE51
:10B6E000407A3CDA334A002BF6EE008ABEEE007A4E
:10B6F000B4BFB0EE478AB0EE688A94420CDD2E4BA0
:10B700009C4245DD2D4B9C4249DD9FED2D0A27EEE5
:10B71000800ABDEC028B10BDB4F1465F24DA9FEDC8
:10B72000287A30EE077AF7EE006AB4EEE67AF1EEA8
:10B7300010FAEEDC01F0D0FD01F094FCF7EE007A97
:10B7400020EE006A70EE277AF0EE006A86EE277A25
:10B7500090EE267A27EE080ABDEC028B10BDBDECF8
:10B76000028B30EE000A10BD01F0B6FD01F07AFC4C
:10B77000B4F17E5FE2DBF7EE007A70EE277A80EEBE
:10B78000277A37EE000A20EE080ABDEC028B10BDC6
:10B7900001F0A2FD01F0DAFF20EE080AB9E701F09E
:10B7A0009BFD20EE280A01F0D1FF68EE007A27EE1B
:10B7B000800AAEE7FFFFAF411772B142FCD4B2423C
:10B7C000C2BDF07CB1EEC00A704700BF00000000AF
:10B7D0002DE9F84F57EC106B27F00049B9F1795F6C
:10B7E0002DED048B5BEC11AB71DA10EE100A3946CB
:10B7F00002F018FD002800F0F68032463B46304645
:10B80000394602F05FFA7CA3D3E9002304460D46D3
:10B8100002F058FA7AA3D3E9002302F09DF82246F9
:10B820002B4602F04FFA78A3D3E9002302F092F8F6
:10B8300022462B4602F046FA75A3D3E9002302F014
:10B840008BF822462B4602F03DFA73A3D3E900237E
:10B8500002F080F822462B4602F034FA70A3D3E9B6
:10B86000002302F079F822462B4602F02BFA41EC35
:10B87000180B714B00222046294602F023FA53ECA4
:10B88000182B804689462046294602F01BFA52466C
:10B890005B4604460D463046394602F013FA02462E
:10B8A0000B462046294602F055F802460B46404614
:10B8B000494602F04FF802460B4600205F4902F06D
:10B8C00049F8BDEC048B41EC100BBDE8F88F10EE8D
:10B8D000102A10EE100A3B46394602F0F3F946A34F
:10B8E000D3E9002304460D4602F0ECF944A3D3E962
:10B8F000002302F031F822462B4602F0E3F942A37E
:10B90000D3E9002302F026F822462B4602F0DAF9AA
:10B910003FA3D3E9002302F01FF822462B4602F092
:10B92000D1F93DA3D3E9002302F014F822462B46B7
:10B9300002F0C8F93AA3D3E9002302F00DF82B4630
:10B94000224602F0BFF93E4B994541EC180B90DDC1
:10B950003C4B99453CDC0022A9F5001337490020F7
:10B960009046994601F0F6FF41EC190B324B00224C
:10B970002046294602F0A6F942464B4601F0EAFF6E
:10B9800053EC182B804689462046294602F09AF946
:10B9900052465B4604460D463046394602F092F95F
:10B9A00002460B462046294601F0D4FF02460B46CC
:10B9B0004046494601F0CEFF02460B4651EC190BBA
:10B9C00001F0C8FFBDEC048B41EC100BBDE8F88F13
:10B9D0009FED157BDFF87090B0EE479AF0EE679A16
:10B9E0004FF00008C2E7BDEC048B9FED110BBDE8E2
:10B9F000F88F00BFAFF30080D43888BEE9FAA8BD45
:10BA0000C4B1B4BD9EEE213EAD529C804F7E923EAD
:10BA10009015CB19A001FA3E7751C1166CC1563F63
:10BA20004C5555555555A53F000000000000E73F17
:10BA3000000000000000F03F0000E03F0000F03F89
:10BA40003233D33F0000E93F0000D23F0000000046
:10BA50002DE9F04FADF5197D1C4608930B91BA4BBB
:10BA6000A299049053F821100591631E12F1140F4E
:10BA70000393C0F24B83B549D31E81FB0301DB174F
:10BA8000C3EBA10307930133A3EB8303DB00D318BC
:10BA90000693079A039BD41A059AD6181AD401362E
:10BAA000A39F264420AD4FF000084FF0000908E0A6
:10BAB00057F8240002F09CF80134B442E5E8020192
:10BAC00008D0002CF4DA013440464946B442E5E897
:10BAD0000201F6D1059B002BC0F2C683089BDDF85E
:10BAE0000C9020AA02EBC30ADA000292059A1A44CB
:10BAF0000192049A0DF5E07B02EBC308039B002B37
:10BB0000C0F2A781049E57460024002577E902234E
:10BB1000F6E8020102F0D6F802460B462046294616
:10BB200001F01AFF464504460D46EFD1019B09F18D
:10BB300001099945EBE802450AF1080ADED1049AA9
:10BB4000029B1344059A01929B460BAB03EB8203C5
:10BB50000A930CAB03EB8203083B0993019A98AB61
:10BB600003EBC203002A53E9284529DD0DF5E07AED
:10BB70000AEBC2080DF13009754B00222046294618
:10BB800002F0A0F802F04EFB02F032F8714B0022F6
:10BB900006460F4602F096F802460B462046294616
:10BBA00001F0D8FE02F03EFB78E9022349F8040BCD
:10BBB0003946304601F0D0FED04504460D46DBD173
:10BBC000DDF8189045EC104B484601F0B9F955ECFA
:10BBD000104B00224FF07F5310EE100A294602F05E
:10BBE00071F841EC100B01F027F95B4B51EC100B95
:10BBF000002202F067F802460B462046294601F073
:10BC0000A9FE0D46044602F00DFB804601F0F0FF50
:10BC10000B4602462946204601F09CFE4B46002B6F
:10BC200006460F4640F39A80019A511E0CAAC9F1AC
:10BC3000180352F8212042FA03F000FA03F3D31A52
:10BC4000C9F117050CAA43FA05F5002D42F8213079
:10BC5000804400F38D80002200233046394602F0F4
:10BC600099FA002800F05982019B059A03F1FF3AE6
:10BC7000524510DC03F180430CAA013B0A9802EB09
:10BC80008303002253F80419834242EA0102F9D1E6
:10BC9000002A40F0E180059B0CAA013B52F82330BA
:10BCA000002B40F0D180099A012352F80419013386
:10BCB0000029FAD0019AD3180293531C9946019A8D
:10BCC00008990A449046079A02EB030A0AF1804A4F
:10BCD000A39A0AF1FF3A02EB8A0A20AA02EBC808EB
:10BCE00070AA02EBC30301935AF8040F01F080FF1E
:10BCF0000B46039902460029C8E90023474608F18C
:10BD000008081EDB049E0024002501E077E90223D9
:10BD1000F6E8020101F0D6FF02460B46204629460E
:10BD200001F01AFE5E4504460D46EFD1019BE3E8A3
:10BD300002450193029B09F101099945D4DD019364
:10BD40000CE700240025F1E7C0100300ABAAAA2AE3
:10BD50000000703E00007041000020406BD1019B4C
:10BD60000CAA013B52F82350ED15002D7FF773AF5D
:10BD7000019B002B08F1010840F3CD810C9C002CA5
:10BD800051D1019B012B20D00CAB012253F8044F61
:10BD9000002C4BD0531C0CA9C4F1807441F82240F4
:10BDA0000199994210DD0CAA0CA852F8232000EB4F
:10BDB000830300EB81006FF07F4100E01A688A1A6C
:10BDC00043F8042B8342F9D10124069B002B0EDD9E
:10BDD000012B00F06C81022B09D1019B5A1E0CAB88
:10BDE0000CA953F82230C3F3150341F82230022D79
:10BDF0007FF431AF32463B46B749002001F0AAFD3F
:10BE000006460F46002C3FF426AF06989FEDAE0B7A
:10BE100001F096F83046394653EC102B01F09AFDAC
:10BE200006460F4617E701230022B4E701990132C5
:10BE30008A42ABD1C9E7A94B002202F0C9F9002818
:10BE400040F05281054606E7019B01339946029373
:10BE500035E70024002569E6069B0395A3F1180247
:10BE60000CABCDF81C8053F82A30069273B9019BB5
:10BE700003F18043023B0CA901EB830353F804193F
:10BE80000AF1FF3A183A0029F8D006929FED8E0B7E
:10BE9000069801F055F8BAF1000F55EC104BC0F2BE
:10BEA000D98170AB03EBCA0B0CAA0AF1010306930C
:10BEB00002EB8306DFF828924FEACA0304930BF1E2
:10BEC00008074FF0000856F8040D01F091FE2246D5
:10BED0002B4601F0F7FE4B4667E902014246204639
:10BEE000294601F0EFFE0CAB9E4204460D46EAD116
:10BEF00048ABCDE9013ADDF814A0BAF1000F4FF0DC
:10BF000000092CDB72A3D3E90023DFF8D8815F4658
:10BF100000260024002503E0B14510DBF8E80223E9
:10BF2000F7E8020101F0CEFE02460B462046294604
:10BF300001F012FD0136B24504460D46ECDA019BD4
:10BF4000029A03EBC9034A45C3E90045ABF1080B6C
:10BF500009F1010306D0BAF1000F9946D2DA0024A4
:10BF60000025ECE7A29BDDF808A0022B1EDC002BCD
:10BF700000F3098113D1049C019D08342C44002056
:10BF8000002174E9022301F0E7FCA542F9D1039BEB
:10BF900013B101F1004319460B9BC3E90001079B54
:10BFA00003F007000DF5197DBDE8F08FA29B032B70
:10BFB000F5D1BAF1000F00F06981019A049BD31802
:10BFC000D3E9004502EBCA0B7BE90267204629460C
:10BFD00032463B4601F0C0FCA046A94604460D4649
:10BFE00022462B463046394601F0B4FC4B464246C9
:10BFF00001F0B2FC019B5B45CBE90201CBE90045B6
:10C00000E2D1BAF1010F40F34181019A049B0AF198
:10C01000005A0AF1FF3A13444FEACA01D3E9004536
:10C0200001F1080A029192440DF5947B7AE90267C6
:10C030002046294632463B4601F08EFCA046A946E2
:10C0400004460D4622462B463046394601F082FC16
:10C0500042464B4601F080FCD345CAE90201CAE9D9
:10C060000045E3D1029C019B10341C4403F11005F0
:10C070000020002174E9022301F06EFCA542F9D1F1
:10C08000039B002B40F0BD800B9CC4E90401019888
:10C09000D0E90023C4E90023D0E90223C4E9022344
:10C0A000079B03F007000DF5197DBDE8F08F019B9C
:10C0B0005A1E0CAB0CA953F82230C3F3160341F8F7
:10C0C000223094E6AFF30080000000000000F03F53
:10C0D00000000040FB21F93F0000F03F0000E03F7E
:10C0E0000000703E88100300019B002B08F101083E
:10C0F000C8BF02253FF742AE32463B4665490020A5
:10C1000001F028FC022506460F46A4E500216FF049
:10C1100017030791BBE4002457E647EC106B069E1B
:10C1200003957042CDF81C8000F00AFF55EC104BCF
:10C13000594B10EE100A0022294602F049F8002857
:10C1400055D0564B019F00221836204629460696A8
:10C1500001F0B8FD02F066F8064601F049FD4E4BCD
:10C16000002201F0AFFD0B4602462946204601F0B1
:10C17000F1FB02F057F807F1010A0CAB43F8270076
:10C1800043F82A6082E6019D069B002005EBC3046C
:10C19000002174E9022301F0DFFBA542F9D1039BE2
:10C1A000002B47D10B9BC3E900010B4601990246C6
:10C1B000D1E9000101F0CEFBBAF1000F0DDD4AAD6F
:10C1C0000124F5E80223013401F0C6FBA245F8DAA8
:10C1D000039B13B101F1004319460B9BC3E9020114
:10C1E000079B03F007000DF5197DBDE8F08F204691
:10C1F000294602F017F8019B0CAA9A4642F8230040
:10C2000044E6019E01F1004374680B993268F568B9
:10C21000C1E9040304F10043C1E90023B26805F158
:10C220000043C1E90223079B03F007000DF5197DC8
:10C23000BDE8F08F0B9A01F1004353600B46019962
:10C2400010600246D1E9000101F084FBBAF1000F51
:10C25000B5DCBFE7A29B022B0ADC002B11DC7FF4CC
:10C260009EAE0020002192E6089BDB00029366E46C
:10C27000A29B032B7FF493AE48AB002000210193D7
:10C28000FEE648AB00200021019388E70020002152
:10C29000F6E600BF0000F03F000070410000703E75
:10C2A0002DE9F04F55EC104B85B025F00043B3F16C
:10C2B000795F8DED001B039007DA10EE100A294616
:10C2C00001F0B0FF002800F0898022462B4620466E
:10C2D000294601F0F7FC06460F4632463B4620460B
:10C2E000294601F0EFFC43A3D3E9002382468B46A5
:10C2F0003046394601F0E6FC40A3D3E9002301F0C3
:10C3000029FB32463B4601F0DDFC3EA3D3E9002386
:10C3100001F022FB32463B4601F0D4FC3BA3D3E9BB
:10C32000002301F017FB32463B4601F0CBFC39A35A
:10C33000D3E9002301F010FB039B80468946ABB391
:10C34000DDE900012A4B002201F0BCFC42464B46CD
:10C35000804689465046594601F0B4FC02460B46D9
:10C360004046494601F0F6FA32463B4601F0AAFC47
:10C37000DDE9002301F0EEFA1BA3D3E90023064612
:10C380000F465046594601F09DFC02460B4630468A
:10C39000394601F0E1FA02460B462046294601F0F3
:10C3A000D9FA41EC100B05B0BDE8F08F02460B4600
:10C3B0003046394601F086FC0BA3D3E9002301F097
:10C3C000C9FA52465B4601F07DFC22462B4601F03D
:10C3D000C3FA41EC100B05B0BDE8F08F45EC104BF3
:10C3E00005B0BDE8F08F00BF495555555555C53FBF
:10C3F0000000E03F7CD5CF5A3AD9E53DEB9C2B8A33
:10C40000E6E55A3E7DFEB157E31DC73ED561C11931
:10C41000A0012A3FA6F810111111813F10EE103A29
:10C4200023F00043B3F1485F2CDAFDEEC07A17EE3B
:10C43000903A002B60D020EE007ADFED317A9FED4C
:10C44000315ADFED315A9FED316ADFED316AA7EEE7
:10C45000275ADFED307AE7EE055AA7EE256AE7EEB8
:10C46000067AE7EE276A67EE266A60EEC00AF6EE05
:10C47000007AE7EE260AB7EE000AD7EE270A30EE7A
:10C48000600A704720EE007ADFED1D7A9FED1D5A9D
:10C49000DFED1D5A9FED1D6ADFED1D6A1E4AA7EEF6
:10C4A000275A9342DFED1B7AE5EE075AA5EE876A1D
:10C4B000E6EE077AE7EE876A66EE876AD5DD174A09
:10C4C000934214DC03F17F4307EE903AB7EE006A23
:10C4D00036EE676A60EEC00AF6EE005AD7EE257AAD
:10C4E000E7EE260A77EEE00A36EE600A7047B6EE0F
:10C4F000076AF5EE027AEDE7B7EE000A704700BF73
:10C500004ED747ADF6740F317CF293B4010DD0379E
:10C51000ABAA2A3D610BB6BA9999993E0000483FF3
:10C520002DE9F04F2DED048BDBB01C4603930691F3
:10C53000A24B6899089253F82150111D824604F1CC
:10C54000FF38C0F2A382D31E48BF131DDB10029335
:10C550000133DB000793DDE907239B1A0593029B58
:10C5600015EB0801A3EB080316D401319FED947A73
:10C57000699819441EAA002BA4BF50F8234007EE67
:10C58000904A03F10103ACBFF8EEE77AF0EE477A88
:10C590008B42E2EC017AEED1002DC0F2E782039BE0
:10C5A0001EAA02EB830446AE4FEA830C4046EF1806
:10C5B0000AEB8301B8F1000FDFED817A09DB224637
:10C5C0005346F3EC016A32ED017A8B42E6EE877A4C
:10C5D000F7D10130B842E6EC017A04F10404E9D164
:10C5E00009AB0AAF03EB850907EB8503083B9FED19
:10C5F000769ADFED748A059804930AEB0C0446AE34
:10C6000000955AAB03EB8503002D13ED140A4FEA96
:10C61000850B16DD06EB85033A4660EE097AB0EE2F
:10C62000407AFDEEE77A73ED016AF8EEE77AB342FD
:10C63000A7EEE87A37EEA60ABDEEC77AA2EC017A39
:10C64000EBD1019000F0AAFEB0EE408AB4EE000AF1
:10C6500028EE000A00F056FEF2EE007AA0EE678A9D
:10C6600001980028FDEEC89AF8EEE97A38EE678A5C
:10C6700079DD05F1FF3EC0F1080357F82E1041FAAD
:10C6800003FC0CFA03F3CB1AC0F1070219EE901A5F
:10C6900043FA02F26144002A47F82E3009EE901A5C
:10C6A00069DCB5EE408AF1EE10FA40F0C080009BE4
:10C6B00005F1FF3B5B4510DC05F18043013B07EBD7
:10C6C00083030021944653F804294B4541EA0201B3
:10C6D000F9D16246002940F0F280009B013B57F8F7
:10C6E0002330002B40F0E780049B4FF0010C53F8FF
:10C6F00004290CF1010C002AF9D06B1CAC449E46B5
:10C70000039A5119029A02EB030B0BF1804B699AC1
:10C710000BF1FF3B06EB83051EAB02EB8B0B03EB30
:10C720008101DBED017A9FED267AF8EEE77AB8F128
:10C73000000F0BF1040BC1ED007A0A4601F1040170
:10C7400009DB534601E072ED017AF3EC016AA34282
:10C75000A6EEA77AF7D10EF1010EE645A5EC017A17
:10C76000DFDD65464DE740F09C806B1E57F82320C7
:10C77000D211002A95DD19EE903A002D03F1010344
:10C7800009EE903A40F39881396800297FD1012D54
:10C7900026D03B464FF0010C53F8041F00297AD0F5
:10C7A0000CF10103C1F580719D4247F82C1016DD94
:10C7B00057F82310BB4407EB83030AE0FC10030087
:10C7C00000000000000080430000803B0000C93FE3
:10C7D0001968C1F1FF0143F8041B5B45F8D1012141
:10C7E00000280CDD012800F04881022807D105F15E
:10C7F000FF3C57F82C3003F03F0347F82C30022A57
:10C800007FF44FAFB7EE000A30EE488A00293FF4BC
:10C8100048AF0992019000F0C1FD38EE408A099AB4
:10C820000198B5EE408AF1EE10FA3FF440AF029263
:10C83000DDE90732B0EE480A981A0195009D00F034
:10C84000ADFD1FED207AB4EEC70AF1EE10FADDE976
:10C850000132C0F259815FED247A059960EE277AA2
:10C860000831FDEEE77A0591F8EEE77A03F1010B66
:10C87000A7EEC70AFDEEE77ABDEEC00A10EE101A69
:10C8800047F8231017EE903A47F82B302EE001239B
:10C890004FF0000C86E70CF1010CAC457FF47CAF47
:10C8A0009EE7F6EE007AB4EEE78AF1EE10FA80F237
:10C8B000F2800022F5E66B1C9E469C4620E7059917
:10C8C000A1F1080057F82B1005902B46009D69B97F
:10C8D00003F18043023B07EB8303014653F804094D
:10C8E0000BF1FF3B08390028F8D00591059800921C
:10C8F000B7EE000A00F052FDBBF1000F009AC0F243
:10C9000028814FEA8B0E46AB03EB0E060EF1040CAA
:10C910001FED537A07EB0C03311D73ED017AF8EE2E
:10C92000E77ABB4267EE807A20EE070A61ED017A72
:10C93000F3D1002D1FED5B6A4FF0000420DB93481C
:10C94000DFED937AB0EE467A3146002303E09C4255
:10C9500008DBB0EC017AF1EC016A01339D42E6EEAE
:10C96000877AF4DA5AAB03EB8403A34543ED287AC4
:10C97000A6F1040604F1010305D0002D1C46DEDA01
:10C98000DFED837AEEE7689902291CDC002900F3C9
:10C9900095800FD132ABDFED7E7A9C443CED017A7D
:10C9A000634577EE877AF9D10AB1F1EE677A069B93
:10C9B000C3ED007A19EE903A03F007005BB0BDECCE
:10C9C000048BBDE8F08F689B032BF3D1BBF1000F04
:10C9D00000F0D4800EF5B4736B4432A913ED287ABD
:10C9E00001EB8B0373ED017AF0EE476A37EE277A9D
:10C9F000994277EEC77A83ED007A77EEA67AC3ED97
:10CA0000017AEFD1BBF1010F40F3B8800BF1804BFD
:10CA10000EF5B4730BF1FF3B0DEB030E4FEA8B0BDE
:10CA20000BF104031EED287A0B4433A873ED017A51
:10CA3000F0EE476A37EE277A984277EEC77A83EDB1
:10CA4000007A77EEA67AC3ED017AEFD10BF1080BED
:10CA5000DFED4F7A01EB0B03083133ED017A994298
:10CA600077EE877AF9D1002A56D10699329A339B0C
:10CA70000A604B60C1ED027A9CE705F1FF3C57F874
:10CA80002C3003F07F0347F82C30B8E608230793D7
:10CA9000002302935FE519EE903A002D03F10103A4
:10CAA00009EE903AC8BF02223FF76EAEF7EE007A69
:10CAB00037EEC88A0222F4E5002191E632A9DFEDC3
:10CAC000347A01EB830333ED017A994277EE877A6A
:10CAD000F9D19DED327A8ABB069BBBF1000FC3ED05
:10CAE000007A77EE677A0BDD33A90123B1EC017A86
:10CAF00001339B4577EE877AF8DA0AB1F1EE677A6F
:10CB0000069BC3ED017A55E7BDEEC00A9B4610EEC9
:10CB1000101A47F82310E9E6DDED326A9DED337A0D
:10CB2000069BF1EE666AB1EE477AF1EE677AC3EDE5
:10CB3000006A83ED017AC3ED027A3BE7069BF1EED2
:10CB4000676ABBF1000F77EE677AC3ED006ACBDC52
:10CB5000D4E7689B022B0DDC002B14DC7FF42AAF9A
:10CB6000DFED0B7A002A3FF422AF1EE7039B4FEA6A
:10CB7000830C35E5689B032B7FF41CAFDFED047A53
:10CB8000002AC9D171E7DFED027AA2E7D4100300D1
:10CB90000000000010EE103A23F00043B3F1485FAC
:10CBA00004DAFDEEC07A17EE903A5BB360EE007ADD
:10CBB0009FED157ADFED155A9FED156ADFED156AC9
:10CBC000E7EE875A9FED147AA5EEA76A20EE275A62
:10CBD000E6EE276AA6EEA77A30B9DFED106AE7EE37
:10CBE000876AA6EE850A704727EE457AF6EE006A58
:10CBF000A0EEA67ADFED0A6AD7EE270AE5EE260A4E
:10CC000030EE600A704700BFD3C92E2F342FD7B241
:10CC10001BEF3836010D50B98988083CABAA2ABEF3
:10CC2000ABAA2A3E08B510EE103A23F00042B2F14A
:10CC3000465FF0EE407A0FDABDEEC07A17EE101ABA
:10CC400001BB431C134300F0A080012803D0BFEEBA
:10CC5000007A87EE270A08BD50498A4212DB002B72
:10CC6000B8BFF1EE407A9FED4E7A9FED4E0AB8BF05
:10CC7000F1EE600A70EE677A37EE600ADFED4A0A7D
:10CC800070EE277A67EEA76ADFED484ADFED485A73
:10CC90009FED485A9FED486A404926EEA67A8A429F
:10CCA000E7EE245AA7EE056ADFED444A9FED445AA9
:10CCB000E5EE874AA6EE075ADFED425A9FED426A3B
:10CCC000E4EE875AA5EE076ADFED404A9FED405A31
:10CCD000E5EE874AA6EE075A9FED3E6ADFED3E5A23
:10CCE000A4EE876AE5EE075AB0EE467AA5EEA67A7C
:10CCF00027EEA65AB0EE606AA7EE056ADFED374A66
:10CD0000E6EE260AE5EE240A37EEA00A1FDA01282D
:10CD1000A1D0BFEE007AC7EE006A314B10EE102AA8
:10CD20001A4006EE102A16EE902A76EE677A134025
:10CD300000EE103AB7EE007A70EEE70AF0EE477AAE
:10CD4000E6EE007AE0EE807AA7EEA60A08BD07EECE
:10CD5000100AB8EEC77A60EE005A30EE070A9B1749
:10CD6000C5EE806A03F00203C3F10103B0EE006A6E
:10CD700076EEE00A00EE103A77EEE07AB8EEC00AFE
:10CD8000A7EEC67A20EE070A08BD00F0A5FAB7EEB6
:10CD9000007AF0EE407A87EE270A08BD40A12C3FCA
:10CDA00068212233DA0F493F000000005FAE9BB7D5
:10CDB00045F4A3388453D9377AC09538C8261A3A2F
:10CDC000B937813916696B3B48DEBE3AA427B33CBC
:10CDD0001F37113C8988083ED10D5D3DABAAAA3EA4
:10CDE00000F0FFFF10B582B08DED010A044601F09E
:10CDF000D9FE9DED010A046002B010BD30B1F1EE24
:10CE0000407A27EE800A2220FFF7ECBFF0EE407A4E
:10CE100027EE800A2220FFF7E5BF00BF9FED010A41
:10CE2000FFF7ECBF000000109FED010AFFF7E6BF1F
:10CE3000000000700000000051EC100BF8B5C1F3C9
:10CE40000A53A3F2FF35132D10EE106A0C4630DCA6
:10CE5000002D1EDB384F2F4101EA070303432DD07D
:10CE600033A3D3E9002300F077FD0022002301F073
:10CE7000B9F948B1002C04DA4FF4801343FA05F5F0
:10CE80002C4424EA070400262346324643EC102BA8
:10CE9000F8BD27A3D3E9002300F05EFD00220023A4
:10CEA00001F0A0F90028EFD0002C29DB0026344641
:10CEB000EAE7332D05DDB5F5806F19D041EC100B95
:10CEC000F8BDA3F213434FF0FF37DF400742F5D020
:10CED00017A3D3E9002300F03FFD0022002301F057
:10CEE00081F90028D0D0002C13DB26EA0706CBE717
:10CEF00010EE102A0B4600F02FFD41EC100BF8BD90
:10CF000024F000430D4A1E43002E18BF144600268D
:10CF1000BAE7142D08D00123C5F1340503FA05F54D
:10CF2000AE1928BFE418E0E70134DEE7AFF3008074
:10CF30009C7500883CE4377EFFFF0F000000F0BFC7
:10CF400038B553EC102BC3F30A5104469C4689BBF9
:10CF500010EE101A23F0004C5CEA010129D01946AA
:10CF600000223D4B3D4D10EE100A00F0ABFEAC42EE
:10CF700002460B4616DB8C46C1F30A513639214472
:10CF800040F2FE70814221DC002947DC11F1350FAF
:10CF900034DA4CF250318C4218DC002B26A1D1E956
:10CFA000000144DB24A3D3E9002300F08BFE41EC15
:10CFB000100B38BD40F2FF708142E0D110EE100A34
:10CFC000194600F0C9FC41EC100B38BD002B1CA128
:10CFD000D1E9000107DB1AA3D3E9002300F072FEB8
:10CFE00041EC100B38BD18A1D1E9000114A3D3E91D
:10CFF000002300F067FE41EC100BF3E72CF0FF4C30
:10D000002CF4E00C36314CEA01531046194600224C
:10D01000134B00F057FE41EC100B38BD2CF0FF4CC9
:10D020002CF4E00C4CEA015343EC102B38BD08A162
:10D03000D1E90001B6E700BF59F3F8C21F6EA501A0
:10D040009C7500883CE4377E9C7500883CE437FE84
:10D0500059F3F8C21F6EA58100005043B03CFFFF9A
:10D060000000903C10EE102A8C4922F000438B42C5
:10D070002AD9B3F1FF4F7ED800F0D880002AC0F241
:10D080008A80874A934200F2F380DFED866A60EE81
:10D09000266AF6EE007A77EEA67A9FED836ADFEDD8
:10D0A000836AFDEEE77AB0EE407A17EE903AF8EE3A
:10D0B000E77AA7EEC67A67EEA66A37EE660A77EEDB
:10D0C000407A77EEE67A07E079498B4256D8B3F199
:10D0D0004C5FC0F084800023B6EE003A20EE034A95
:10D0E000DFED746A9FED746ADFED744A9FED745A48
:10D0F00020EE047AF7EE003AA7EE266ADFED716AB9
:10D10000E6EE074AB0EE086AE4EE876AF1EE085AE6
:10D11000A6EE875AF0EE636AE5EE076AA4EE666A49
:10D12000E0EE465A36EEC66AC6EE256A66EE876AB5
:10D13000002B4DD076EEE76A5A1CD6EE807A77EE59
:10D14000C77A65D0012B53D05A1C392A33D8162BF5
:10D1500073DC4FF080721A41C2F17E5277EEC07AD2
:10D1600000EE102A30EE670A10EE102A02EBC353CD
:10D1700000EE103A704730EE000A704752498B4279
:10D180007CD8002A9FED487A49DBDFED486A30EE13
:10D19000477A012391E7DFED4D7A70EE277AF5EEBD
:10D1A000C07AF1EE10FA66D4DFED3E6AFEEE007A48
:10D1B00060EE266A6FE777EEC07A33EEE70A10EE8C
:10D1C000102A02EBC35300EE103A30EE630A7047A8
:10D1D000F0EE477AD0EE267A30EE670A7047DFED40
:10D1E0003C7A70EE277A77EEE77A30EE670A70477E
:10D1F000BDEE007AB4EEC70AF1EE10FA2FD530EE8C
:10D20000033AB8EE000A77EEC37A27EE800A704739
:10D2100070EE677ABEEE000AA7EE830A7047DFED74
:10D220002D6A30EE077A4FF0FF3346E7FFEE007AC3
:10D23000002AB8BFB0EE670A7047C3F17F02D2057B
:10D2400007EE102A77EE877A70EE677A37EEA30A38
:10D2500010EE102A02EBC35300EE103A704770EE46
:10D26000677AB0EE007AE7EE873AB0EE630A70476D
:10D270000020FFF7D9BDBFEE000A7047DFED097A45
:10D28000B6EE007ABEEE006A002A60EE276AB4BFEE
:10D29000F0EE467AF0EE477AFDE600BF43B89541DE
:10D2A0001772B1423BAAB83F8071313FD1F71737AF
:10D2B0001872B13EBBED57B4547E8636CD70A6B819
:10D2C000898808BD010DD03A9115853F6042A20DB5
:10D2D000CAF24971D1F717B710EE103A23F00043A4
:10D2E00000EE103A704700BF82B08DED010A019840
:10D2F00020F00040B0F1FF4FACBF0020012002B091
:10D30000704700BF10EE102AC2F3C7537F3B162BA5
:10D3100022F0004128DC002B18DB1A4919410A428F
:10D3200021D0DFED197A70EE277AF5EEC07AF1EEB2
:10D3300010FA18DD002A04DA4FF4000040FA03F373
:10D340001A4422EA010300EE103A7047DFED0E7A2C
:10D3500070EE277AF5EEC07AF1EE10FA03DD002ABE
:10D3600008DB9FED0A0A7047B1F1FF4FFBD330EEA7
:10D37000000A7047FFEE007A002918BFB0EE670A76
:10D38000704700BFFFFF7F00CAF249710000000034
:10D390009FED010A704700BF0000C07F82B08DED95
:10D3A000010A019B33F000422AD0B2F1FF4F23D291
:10D3B00013F0FF4F28D19DED017ADFED2A7A2A4B39
:10D3C00067EE277A9842CDED017A37DB019BC3F3F4
:10D3D000C752193A0244FE2A1ADD9FED240A9FED36
:10D3E000247A019B002BF0EE407AB8BFB0EE470ADA
:10D3F00020EE270A02B0704730EE000A02B07047F4
:10D400009DED010A02B07047D20D0244FE2AE4DC11
:10D41000002A0BDC12F1160F17DA4CF25033984247
:10D42000DBDC9FED140A9FED147ADAE723F0FF436B
:10D4300043EAC25300EE103A02B070479FED0D0A66
:10D44000DDED017A27EE800AD8E7193223F0FF4399
:10D4500043EAC253DFED097A07EE103A27EE270AB6
:10D46000CCE700BF0000004CB03CFFFFCAF249719E
:10D47000CAF249F16042A20D6042A28D0000003361
:10D4800008B52DED068BB0EE41AAF0EE61AAB0EE24
:10D49000409AF0EE609A00F02BF8B0EE408AF0EE81
:10D4A000608A00F047FA30B1B0EE480AF0EE680A40
:10D4B000BDEC068B08BDB0EE490AF0EE690A00F03B
:10D4C00039FA0028F0D0B0EE4A0AF0EE6A0A00F00D
:10D4D00031FA0028E8D001F065FB22239FED028B92
:10D4E0000360E1E7AFF30080000000000000F07F80
:10D4F0002DE9F04F51EC100B57EC116B2DED048B17
:10D5000021F0004527F00044A54283B006DAAC467E
:10D5100011EE100A10EE106A254664462B1BB3F17B
:10D52000707F294627468246AB4600F38F80834BA7
:10D530009D427EDC00230193814B9C421ADCB4F5B2
:10D54000801F80F2DA80334623436BD0019BA3F225
:10D55000FE3330463946019300227A4B00F0B2FB8D
:10D56000784B06460F4650465946002200F0AAFB6B
:10D5700082468B4632463B465046594600F0EAF911
:10D58000804689464246304639464B4600F00CFEFE
:10D590000022002867D02B4610462946144600F08A
:10D5A00091FB324641EC180B3B46304607F10041F7
:10D5B00000F088FB224606460F462B465046594649
:10D5C00000F0CAF92246804689462B465046594605
:10D5D00000F0C0F902460B464046494600F072FB97
:10D5E00002460B463046394600F0B4F902460B4677
:10D5F00051EC180B00F0AEF941EC100BFDF796F969
:10D600005BEC10AB019B6BB11B0503F17F5100205C
:10D6100001F5401102460B465046594600F052FBB8
:10D6200082468B464BEC10AB03B0BDEC048BBDE8DF
:10D63000F08F454B9D426BDCA5F11655A4F11654B5
:10D640004FF41673AB462746019375E732462346DF
:10D6500000F082F982468B464BEC10AB03B0BDEC78
:10D66000048BBDE8F08F234643EC182B002205F510
:10D67000801351EC180B14461D4600F023FB424664
:10D6800041EC190B4B46404609F1004100F01AFBF2
:10D6900052465B46804689465046594600F05CF942
:10D6A00022462B4600F056F932463B4600F00AFB74
:10D6B00053EC182B82468B463046394600F04AF927
:10D6C00022462B4600F0FEFA02460B4650465946CB
:10D6D00000F042F902460B464046494600F03AF94E
:10D6E00002460B4651EC190B00F034F941EC100BDB
:10D6F000FDF71CF95BEC10AB84E7019B05F11655B7
:10D7000004F11654A3F51673AB462746019331E78F
:10D71000C5F3130503462B4305D03246234600F0DC
:10D720001BF982468B4684F0FF4484F4E0043346C0
:10D7300023437FF477AFB246BB4673E70000305F08
:10D74000FFFFAF200000D07FFFFFEF7F10EE103A09
:10D7500023F00042B2F1FF4F56D84FEAD37100F0E8
:10D7600095806248834200F38780002BC0F2878057
:10D770005F4B9A424BD95F4B9A4200F29A805E4BC4
:10D780005E4A03EB810393ED004A02EB8102C1F193
:10D79000010330EE444A92ED007A5B1A34EE470AF8
:10D7A000DFED577ADFED574A9FED575A9FED576AE5
:10D7B000DFED575A60EE006AE6EEA74AA4EEA65ADD
:10D7C000A5EE266AE6EE265AB0EE406AA5EEE66AB7
:10D7D000002B42D0F0EE006A60EE065A36EEC66AC2
:10D7E000F7EE007A85EE860A13F17D0F37EE400AD8
:10D7F00030EE440A37EEC00A4FDB10EE102A02EB7F
:10D80000C35300EE103A704730EE000A7047B2F191
:10D81000505F0AD2DFED3F7A70EE277AB7EE007ADA
:10D82000F4EEC77AF1EE10FA5DDC60EE007A9FED5F
:10D83000347ADFED345A9FED346ADFED346AE7EE77
:10D84000875A9FED337AA7EEA56AE7EE866AB0EEB7
:10D85000406AA7EEA67AA7EEC76AF0EE007A60EEFD
:10D86000066A36EE676AB7EE007AC6EE867A37EE5B
:10D87000C00A37EE400A70470020FFF7D5BA264BA2
:10D880009A427FF675AF0020FFF7C8BADFED237A22
:10D89000002918BFB0EE670A704710EE102A6433F3
:10D8A00002EBC353DFED1E7A00EE103A20EE270A9A
:10D8B00070471C4B9FED1C7A9FED1C6ADFED1C6AC4
:10D8C00003EB8103D3ED007AE0EE077AB0EE404A35
:10D8D000FDEEE77AB8EEE77A17EE903AA7EE464A01
:10D8E00027EE267A5AE730EE070A70471772B142E0
:10D8F0001872B13E9115853F1011030018110300F5
:10D900004CBB31330EEADDB555B38A38610B36BBFB
:10D91000ABAA2A3ECAF24971B5F1CF42000000001D
:10D920000000800D081103003BAAB83F8071313F11
:10D93000D1F7173782B08DED000B019840F0004011
:10D9400000F58010C00F02B0704700BF81F00041A9
:10D9500002E000BF83F0004330B54FEA41044FEAD4
:10D96000430594EA050F08BF90EA020F1FBF54EA6F
:10D97000000C55EA020C7FEA645C7FEA655C00F00B
:10D98000E2804FEA5454D4EB5555B8BF6D420CDDDC
:10D990002C4480EA020281EA030382EA000083EA5F
:10D9A000010180EA020281EA0303362D88BF30BDFF
:10D9B00011F0004F4FEA01314FF4801C4CEA113155
:10D9C00002D0404261EB410113F0004F4FEA0333B4
:10D9D0004CEA133302D0524263EB430394EA050F3F
:10D9E00000F0A780A4F10104D5F1200E0DDB02FAAE
:10D9F0000EFC22FA05F2801841F1000103FA0EF242
:10DA0000801843FA05F359410EE0A5F120050EF107
:10DA1000200E012A03FA0EFC28BF4CF0020C43FA38
:10DA200005F3C01851EBE37101F0004507D54FF045
:10DA3000000EDCF1000C7EEB00006EEB0101B1F595
:10DA4000801F1BD3B1F5001F0CD349085FEA3000DB
:10DA50004FEA3C0C04F101044FEA445212F5800FE6
:10DA600080F09A80BCF1004F08BF5FEA500C50F183
:10DA7000000041EB045141EA050130BD5FEA4C0C66
:10DA8000404141EB0101013C28BFB1F5801FE9D2C3
:10DA900091F0000F04BF01460020B1FA81F308BFE6
:10DAA0002033A3F10B03B3F120020CDA0C3208DDB2
:10DAB00002F1140CC2F10C0201FA0CF021FA02F18D
:10DAC0000CE002F11402D8BFC2F1200C01FA02F1FD
:10DAD00020FA0CFCDCBF41EA0C019040E41AA2BF22
:10DAE00001EB0451294330BD6FEA04041F3C1CDAEA
:10DAF0000C340EDC04F11404C4F1200220FA04F00A
:10DB000001FA02F340EA030021FA04F345EA0301B3
:10DB100030BDC4F10C04C4F1200220FA02F001FA75
:10DB200004F340EA0300294630BD21FA04F02946F7
:10DB300030BD94F0000F83F4801306BF81F4801190
:10DB40000134013D4EE77FEA645C18BF7FEA655C03
:10DB500029D094EA050F08BF90EA020F05D054EAD5
:10DB6000000C04BF1946104630BD91EA030F1EBFDA
:10DB70000021002030BD5FEA545C05D140004941DE
:10DB800028BF41F0004130BD14F580043CBF01F5D1
:10DB9000801130BD01F0004545F0FE4141F47001B7
:10DBA0004FF0000030BD7FEA645C1ABF1946104692
:10DBB0007FEA655C1CBF0B46024650EA013406BF93
:10DBC00052EA033591EA030F41F4002130BD00BF52
:10DBD00090F0000F04BF0021704730B54FF480640F
:10DBE00004F132044FF000054FF0000150E700BF90
:10DBF00090F0000F04BF0021704730B54FF48064EF
:10DC000004F1320410F0004548BF40424FF00001DB
:10DC10003EE700BF42004FEAE2014FEA31014FEA1E
:10DC200002701FBF12F07F4393F07F4F81F060516D
:10DC3000704732F07F4208BF704793F07F4F04BFB8
:10DC400041F40021704730B54FF4607401F0004595
:10DC500021F000411CE700BF50EA010208BF7047F5
:10DC600030B54FF000050AE050EA010208BF7047E6
:10DC700030B511F0004502D5404261EB41014FF44F
:10DC8000806404F132045FEA915C3FF4D8AE4FF057
:10DC900003025FEADC0C18BF03325FEADC0C18BF3A
:10DCA000033202EBDC02C2F1200300FA03FC20FA8B
:10DCB00002F001FA03FE40EA0E0021FA02F11444D8
:10DCC000BDE600BF70B54FF0FF0C4CF4E06C1CEAF1
:10DCD00011541DBF1CEA135594EA0C0F95EA0C0F62
:10DCE00000F0DEF82C4481EA030621EA4C5123EAD5
:10DCF0004C5350EA013518BF52EA033541F4801104
:10DD000043F4801338D0A0FB02CE4FF00005E1FBB6
:10DD100002E506F00042E0FB03E54FF00006E1FB00
:10DD200003569CF0000F18BF4EF0010EA4F1FF0443
:10DD3000B6F5007F64F5407404D25FEA4E0E6D4183
:10DD400046EB060642EAC62141EA55514FEAC52094
:10DD500040EA5E504FEACE2EB4F1FD0C88BFBCF510
:10DD6000E06F1ED8BEF1004F08BF5FEA500E50F1C1
:10DD7000000041EB045170BD06F0004646EA010187
:10DD800040EA020081EA0301B4EB5C04C2BFD4EBB9
:10DD90000C0541EA045170BD41F480114FF0000EB2
:10DDA000013C00F3AB8014F1360FDEBF002001F020
:10DDB000004170BDC4F10004203C35DA0C341BDC9A
:10DDC00004F11404C4F1200500FA05F320FA04F06C
:10DDD00001FA05F240EA020001F0004221F00041A0
:10DDE00010EBD37021FA04F642EB06015EEA430E13
:10DDF00008BF20EAD37070BDC4F10C04C4F1200543
:10DE000000FA04F320FA05F001FA04F240EA0200F5
:10DE100001F0004110EBD37041F100015EEA430EC6
:10DE200008BF20EAD37070BDC4F1200500FA05F2E6
:10DE30004EEA020E20FA04F301FA05F243EA020365
:10DE400021FA04F001F0004121FA04F220EA020074
:10DE500000EBD3705EEA430E08BF20EAD37070BDBA
:10DE600094F0000F0FD101F00046400041EB01019A
:10DE700011F4801F08BF013CF7D041EA060195F07C
:10DE8000000F18BF704703F00046520043EB030336
:10DE900013F4801F08BF013DF7D043EA0603704723
:10DEA00094EA0C0F0CEA135518BF95EA0C0F0CD02E
:10DEB00050EA410618BF52EA4306D1D181EA030174
:10DEC00001F000414FF0000070BD50EA410606BF6E
:10DED0001046194652EA430619D094EA0C0F02D1B3
:10DEE00050EA013613D195EA0C0F05D152EA0336F8
:10DEF0001CBF104619460AD181EA030101F0004116
:10DF000041F0FE4141F470014FF0000070BD41F05E
:10DF1000FE4141F4780170BD70B54FF0FF0C4CF438
:10DF2000E06C1CEA11541DBF1CEA135594EA0C0F57
:10DF300095EA0C0F00F0A7F8A4EB050481EA030EA4
:10DF400052EA03354FEA013100F088804FEA03338B
:10DF50004FF0805545EA131343EA12634FEA022259
:10DF600045EA111545EA10654FEA00260EF000411A
:10DF70009D4208BF964244F1FD0404F5407402D26C
:10DF80005B084FEA3202B61A65EB03055B084FEAFD
:10DF900032024FF480104FF4002CB6EB020E75EBFA
:10DFA000030E22BFB61A754640EA0C005B084FEA22
:10DFB0003202B6EB020E75EB030E22BFB61A75469F
:10DFC00040EA5C005B084FEA3202B6EB020E75EBEA
:10DFD000030E22BFB61A754640EA9C005B084FEA62
:10DFE0003202B6EB020E75EB030E22BFB61A75466F
:10DFF00040EADC0055EA060E18D04FEA051545EA5E
:10E0000016754FEA06164FEAC30343EA52734FEA06
:10E01000C2025FEA1C1CC0D111F4801F0BD141EA7F
:10E0200000014FF000004FF0004CB6E711F4801FE4
:10E0300004BF01430020B4F1FD0C88BFBCF5E06FC4
:10E040003FF6AFAEB5EB030C04BFB6EB020C5FEAD4
:10E05000500C50F1000041EB045170BD0EF0004E29
:10E060004EEA113114EB5C04C2BFD4EB0C0541EA5B
:10E07000045170BD41F480114FF0000E013C90E658
:10E0800045EA060E8DE60CEA135594EA0C0F08BF1C
:10E0900095EA0C0F3FF43BAF94EA0C0F0AD150EA1B
:10E0A00001347FF434AF95EA0C0F7FF425AF1046AE
:10E0B00019462CE795EA0C0F06D152EA03353FF4D6
:10E0C000FDAE1046194622E750EA410618BF52EA53
:10E0D00043067FF4C5AE50EA41047FF40DAF52EA27
:10E0E00043057FF4EBAE12E74FF0FF3C06E000BFC4
:10E0F0004FF0010C02E000BF4FF0010C4DF804CDD1
:10E100004FEA410C7FEA6C5C4FEA430C18BF7FEA90
:10E110006C5C1BD001B050EA410C0CBF52EA430CBE
:10E1200091EA030F02BF90EA020F0020704710F13E
:10E13000000F91EA030F58BF994208BF90422CBFCD
:10E14000D8176FEAE37040F0010070474FEA410CC6
:10E150007FEA6C5C02D150EA013C07D14FEA430CE4
:10E160007FEA6C5CD6D152EA033CD3D05DF8040B55
:10E17000704700BF8446104662468C461946634687
:10E1800000E000BF01B5FFF7B7FF002848BF10F15E
:10E19000000F01BD4DF808EDFFF7F4FF0CBF0120A3
:10E1A00000205DF808FB00BF4DF808EDFFF7EAFF1F
:10E1B00034BF012000205DF808FB00BF4DF808EDDA
:10E1C000FFF7E0FF94BF012000205DF808FB00BFCF
:10E1D0004DF808EDFFF7CEFF94BF012000205DF859
:10E1E00008FB00BF4DF808EDFFF7C4FF34BF012066
:10E1F00000205DF808FB00BF4FEA410C7FEA6C5C31
:10E2000002D150EA013C0AD14FEA430C7FEA6C5C30
:10E2100002D152EA033C02D14FF0000070474FF0A8
:10E22000010070474FEA410212F5001215D211D5D4
:10E230006FF47873B3EB625212D94FEAC12343F003
:10E24000004343EA505311F0004F23FA02F018BF85
:10E25000404270474FF00000704750EA013005D14E
:10E2600011F0004008BF6FF0004070474FF0000011
:10E27000704700BF4FEA4102B2F1E04324BFB3F55B
:10E28000001CDCF1FE5C0DD901F0004C4FEAC0022D
:10E290004CEA5070B2F1004F40EB830008BF20F011
:10E2A0000100704711F0804F21D113F13872BCBFCB
:10E2B00001F00040704741F480114FEA5252C2F120
:10E2C0001802C2F1200C10FA0CF320FA02F018BF69
:10E2D00040F001004FEAC1234FEAD32303FA0CFCBC
:10E2E00040EA0C0023FA02F34FEA4303CCE77FEA4B
:10E2F000625307D150EA01331EBF4FF0FE4040F495
:10E300004000704701F0004040F0FE4040F4000043
:10E31000704700BF7BB972B90029BEBF00204FF023
:10E32000004106E008BF00281CBF6FF000414FF01D
:10E33000FF3000F035BCADF1080C6DE904CE0029CA
:10E3400009DB002B1ADB00F0C3FADDF804E0DDE99D
:10E35000022304B07047404261EB4101002B1BDBFC
:10E3600000F0B6FADDF804E0DDE9022304B0404233
:10E3700061EB4101524263EB43037047524263EB4E
:10E38000430300F0A5FADDF804E0DDE9022304B060
:10E39000404261EB41017047524263EB430300F09E
:10E3A00097FADDF804E0DDE9022304B0524263EBA2
:10E3B0004303704753B94AB9002908BF00281CBF5E
:10E3C0004FF0FF314FF0FF3000F0EABBADF1080C29
:10E3D0006DE904CE00F07CFADDF804E0DDE902230B
:10E3E00004B0704760EE016A20EEA16A20EE215A67
:10E3F00076EEC67A61EE205AF4EE677AF1EE10FA04
:10E4000035EE257A04D6B0EE670AF0EE470A70477B
:10E41000B4EE477AF1EE10FAF5D7DFED9E4AB0EE92
:10E42000C04AB4EE644AF1EE10FACCBF01230023D7
:10E43000B0EEE04A00F3A080B4EE644AF1EE10FAC8
:10E4400000F39A800023DFED934AB0EEC14AB4EEA8
:10E45000644AF1EE10FAF0EEE13A48DCF4EE643A88
:10E46000F1EE10FA43DC9BBBF0EEE66AF4EE646A70
:10E47000F1EE10FA14DCB0EEC66AB4EE646AF1EEA6
:10E4800010FA0DDCB0EEC55AB4EE645AF1EE10FA93
:10E4900006DCF0EEE55AF4EE645AF1EE10FAB2DD65
:10E4A000B4EE400AF1EE10FA80F1E780F4EE600A73
:10E4B000F1EE10FA80F1D480B4EE411AF1EE10FAC8
:10E4C00080F1C180F4EE611AF1EE10FA80F1AE80B5
:10E4D00061EEE07A60EE810AE0EE017AE0EE210A78
:10E4E0009FED6D7A67EE877A20EE877A8BE7DFED16
:10E4F000697A9FED687AB4EE674AF1EE10FACCBF04
:10E500000123002307EE903A11EE103AF8EEE77A75
:10E51000002BF0EEE77AF4EE473AB8BFF1EE677AF7
:10E52000F1EE10FACCBF01230023B0EE671A07EE1C
:10E53000903A11EE903AF8EEE77A002BF0EEE77A97
:10E54000B4EE400AB8BFF1EE677AF1EE10FAF0EEE1
:10E55000671A51D6F4EE600AF1EE10FAB8D710EE51
:10E56000903A9FED4E7ADFED4E7A002BB4BFF0EE7D
:10E57000670AF0EE470AABE704EE903ADFED453A62
:10E5800010EE103AF8EEE44A002BF0EEE44AB4EE56
:10E59000634AB8BFF1EE644AF1EE10FACCBF012332
:10E5A0000023B0EE640A04EE903A10EE903AF8EED2
:10E5B000E44A002BF0EEE44AB4EE411AB8BFF1EEA3
:10E5C000644AF1EE10FAF0EE640A22D6F4EE611A13
:10E5D000F1EE10FA78BF0123FFF535AF11EE903A56
:10E5E0009FED2E4ADFED2E4A002BB4BFF0EE641AE9
:10E5F000F0EE441A012326E710EE103A9FED277A39
:10E60000DFED277A002BB4BFB0EE670AB0EE470A01
:10E61000A0E711EE103A9FED214ADFED214A002BD1
:10E62000B4BFB0EE641AB0EE441ACFE711EE903AE0
:10E630009FED1A7ADFED1A7A002BB4BFF0EE671A5D
:10E64000F0EE471A44E711EE103A9FED147ADFED31
:10E65000147A002BB4BFB0EE671AB0EE471A31E758
:10E6600010EE903A9FED0D7ADFED0D7A002BB4BFDE
:10E67000F0EE670AF0EE470A1EE710EE103A9FED43
:10E68000077ADFED077A002BB4BFB0EE670AB0EE71
:10E69000470A0BE7FFFF7F7F0000807F000000003C
:10E6A00000000080F0EEC16AB0EEE16AF4EEC66AE6
:10E6B000F1EE10FA1BD5C1EE217AF0EE615AB0EE00
:10E6C000607AE1EE275AA0EE277AB0EE405A90EE3B
:10E6D000A75AC7EE257A85EE257AF4EE677AF1EE31
:10E6E00010FA1BD6B0EE670AF0EE470A7047C1EE8B
:10E6F000817AF0EE415AB0EE407AE1EEA75AA7EEE9
:10E70000A07AB0EE605AA7EEC05AC7EE257A85EE21
:10E71000257AF4EE677AF1EE10FAE3D7B4EE477A91
:10E72000F1EE10FADED7B5EE401AF1EE10FA1DD177
:10E73000F5EE401AF1EE10FA18D1B4EE400AF1EEFF
:10E7400010FA0ED611EE103ADFED5D7A9FED5D7A8C
:10E75000002BB8BFB0EE677A67EE007A27EE207A1A
:10E76000C0E7F4EE600AF1EE10FAEBD79FED565ACF
:10E77000F0EEC05AF4EE455AF1EE10FA06DCF0EE77
:10E78000E04AF4EE454AF1EE10FA44DD9FED4E5AB0
:10E79000F4EE456AF1EE10FA3DD8B4EE456AF1EEBA
:10E7A00010FA38D8F4EE455AF1EE10FACCBF012336
:10E7B000002306EE103ADFED447A10EE103AB8EE80
:10E7C000C66AB0EEE07A002BB0EEC66AB4EE677AA5
:10E7D000B8BFB1EE466AF1EE10FACCBF01230023B8
:10E7E00006EE903A10EE903AF8EEE66A002BF0EE64
:10E7F000E66AB8BFF1EE666A61EEA67A26EE617A45
:10E80000E1EE067AA1EE267ADFED2E6A67EEA67AB1
:10E8100027EE267A66E79FED2C5AF4EE456AF1EE74
:10E8200010FA05DCB4EE456AF1EE10FA7FF75AAF44
:10E830009FED255AF4EE455AF1EE10FA3FF652AF2D
:10E84000F0EEE05AF4EE455AF1EE10FA3FF64AAF18
:10E85000F4EE456AF1EE10FACCBF0123002306EE78
:10E86000903ADFED197A11EE103AF8EEE66A002BD5
:10E87000F0EEE66AB4EE676AB8BFF1EE666AF1EEF2
:10E8800010FACCBF0123002307EE103A11EE903AA4
:10E89000B8EEC77A002BB0EEC77AB8BFB1EE477AB0
:10E8A00060EE877A27EE407AE0EE267AA0EEA67A2E
:10E8B000DFED066A67EEA67A27EE267A12E700BF3A
:10E8C000000080FF0000807FFFFF7F7F00000000CE
:10E8D0002DE9F047089D04468E46002B4DD18A4213
:10E8E000944669D9B2FA82F252B101FA02F3C2F146
:10E8F000200120FA01F10CFA02FC41EA030E9440D7
:10E900004FEA1C48210CBEFBF8F61FFA8CF708FBF7
:10E9100016E341EA034306FB07F199420AD91CEBCF
:10E92000030306F1FF3080F01F81994240F21C8101
:10E93000023E63445B1AA4B2B3FBF8F008FB103349
:10E9400044EA034400FB07F7A7420AD91CEB04047E
:10E9500000F1FF3380F00A81A74240F2078164444E
:10E96000023840EA0640E41B00261DB1D4400023D3
:10E97000C5E900433146BDE8F0878B4209D9002D37
:10E9800000F0EF800026C5E9000130463146BDE8C1
:10E99000F087B3FA83F6002E4AD18B4202D382422B
:10E9A00000F2F980841A61EB030301209E46002DDA
:10E9B000E0D0C5E9004EDDE702B9FFDEB2FA82F22F
:10E9C000002A40F09280A1EB0C014FEA1C471FFA8D
:10E9D0008CFE0126200CB1FBF7F307FB131140EA74
:10E9E00001410EFB03F0884208D91CEB010103F141
:10E9F000FF3802D2884200F2CB804346091AA4B203
:10EA0000B1FBF7F007FB101144EA01440EFB00FED6
:10EA1000A64508D91CEB040400F1FF3102D2A6453B
:10EA200000F2BB800846A4EB0E0440EA03409CE7DA
:10EA3000C6F12007B34022FA07FC4CEA030C20FA87
:10EA400007F401FA06F31C43F9404FEA1C4900FAA7
:10EA500006F3B1FBF9F8200C1FFA8CFE09FB181124
:10EA600040EA014108FB0EF0884202FA06F20BD997
:10EA70001CEB010108F1FF3A80F08880884240F2E7
:10EA80008580A8F102086144091AA4B2B1FBF9F02B
:10EA900009FB101144EA014100FB0EFE8E4508D926
:10EAA0001CEB010100F1FF346CD28E456AD90238AB
:10EAB000614440EA0840A0FB0294A1EB0E01A14290
:10EAC000C846A64656D353D05DB1B3EB080261EBFE
:10EAD0000E0101FA07F722FA06F3F1401F43C5E9D8
:10EAE000007100263146BDE8F087C2F12003D8400E
:10EAF0000CFA02FC21FA03F3914001434FEA1C4750
:10EB00001FFA8CFEB3FBF7F007FB10360B0C43EA41
:10EB1000064300FB0EF69E4204FA02F408D91CEBF1
:10EB2000030300F1FF382FD29E422DD902386344EF
:10EB30009B1B89B2B3FBF7F607FB163341EA03418F
:10EB400006FB0EF38B4208D91CEB010106F1FF38DE
:10EB500016D28B4214D9023E6144C91A46EA0046D5
:10EB600038E72E46284605E70646E3E61846F8E667
:10EB70004B45A9D2B9EB020864EB0C0E0138A3E7B0
:10EB80004646EAE7204694E74046D1E7D0467BE791
:10EB9000023B614432E7304609E76444023842E709
:10EBA000704700BF014B1868704700BF7802002013
:10EBB00008B5074B044613B10021AFF30080054BA5
:10EBC0001868836A03B19847204601F0A1FB00BF93
:10EBD00000000000B811030038B50B4B1D68EB6B4B
:10EBE000044653B9242000F0E5F80246E86320B952
:10EBF000064B0748392100F043FAE96B2046BDE88F
:10EC0000384000F007B800BF780200202011030050
:10EC1000371103002DE9F041D0E900670C464F4A57
:10EC2000002330463946FFF775FB394605464B4A07
:10EC300030460023FFF76EFB002A05F52F20B7BFF3
:10EC400002F5A83200F66C2300F66B2302F5C072C1
:10EC50004FF46160B2FBF0F100FB11223C20A16097
:10EC6000B2FBF0F100FB1122616022600721DA1C87
:10EC700092FBF1F1C1EBC101521A48BF0732384D86
:10EC80003848A261002BB7BFA3F50E3293FBF5F510
:10EC9000A2F52C7292FBF5F500FB053048F6AC624C
:10ECA000B0FBF2F2024440F2B453B0FBF3F1521A5B
:10ECB00040F26D1C2C49B0FBF1F16427521AB2FBF3
:10ECC000FCF1B2FBF3F3B1FBF7F6F31A03440CFBD0
:10ECD0001133992203EB830E0EF1020E03F1010CA6
:10ECE000BEFBF2F0424302324FF00508B2FBF8F2ED
:10ECF000ACEB020C40F2F952964594BF02226FF041
:10ED0000090210444FF4C87202FB0515012898BF90
:10ED10000135B3F5997F0DD3A3F59973E361A5F29E
:10ED20006C750023C4E90405C4F80CC023622046B6
:10ED3000BDE8F0818A0702D107FB16165EB94FF4D1
:10ED4000C872B1FBF2F602FB1612B2FA82F2520955
:10ED50003B331344E2E70122FAE700BF8051010090
:10ED6000B13A02004FC5FDFFB03A020070B50D4D3B
:10ED70000D4C641BA4100026A64209D10B4D0C4C6F
:10ED800001F0C8FA641BA4100026A64205D170BD8C
:10ED900055F8043B98470136EEE755F8043B984791
:10EDA0000136F2E7680800206808002068080020A3
:10EDB0006C080020024B0146186800F095B800BFAF
:10EDC0007802002010B501390244904201D10020A0
:10EDD00005E0037811F8014FA34201D0181B10BDC4
:10EDE0000130F2E70A44914200F1FF3300D170474D
:10EDF00010B511F8014B03F8014F9142F9D110BD44
:10EE000002440346934200D1704703F8011BF9E71F
:10EE100037B5002944D051F8043C0190002BA1F1F2
:10EE20000404B8BFE41800F05BF91E4A01981368A7
:10EE300033B96360146003B0BDE8304000F056B9E8
:10EE4000A34208D9256861198B4201BF19685B6824
:10EE500049192160EDE71A465B680BB1A342FAD964
:10EE600011685518A5420BD1246821445418A342B7
:10EE70001160E0D11C685B68536021441160DAE7DF
:10EE800002D90C230360D6E7256861198B4204BFC1
:10EE900019685B68636004BF491921605460CAE760
:10EEA00003B030BD3842002070B50E4E0C463168BC
:10EEB000054611B900F08CF830602146284600F074
:10EEC00087F8431C0AD0C41C24F00304A04207D0D6
:10EED000211A284600F07CF8013001D14FF0FF34B0
:10EEE000204670BD3C4200202DE9F041CD1C25F0AC
:10EEF000030508350C2D38BF0C25002D074601DB16
:10EF0000A94205D90C233B6000263046BDE8F081BC
:10EF10002E4E00F0E5F833681C4634BB29463846CF
:10EF2000FFF7C2FF431C04464DD134682646002E2D
:10EF300040D123683146384604EB030800F048F816
:10EF400080453AD1216803356D1A25F0030508354F
:10EF50000C2D38BF0C2529463846FFF7A5FF013098
:10EF60002BD023682B4423600EE02268521B1ED452
:10EF70000B2A16D96119A342256018BF596063682E
:10EF800008BF316062514B60384604F10B0600F057
:10EF9000ADF826F00706231DF21AB6D09B1BA3502E
:10EFA000B3E76268A3420CBF32605A60ECE72346C5
:10EFB0006468B2E734467668B9E70C233B603846AC
:10EFC00000F094F8A1E72560DEE700BF384200209A
:10EFD00038B5064D0023044608462B6001F08AF937
:10EFE000431C02D12B6803B1236038BD404200208E
:10EFF0000EB400B59CB01DAB029006906FF00041BE
:10F00000094807910491094953F8042B05910068B8
:10F01000019302A900F0CCF8029B00221A701CB0E8
:10F020005DF804EB03B07047780200200802FFFF90
:10F03000C9B2034610F8012B1AB18A42F9D1184619
:10F040007047002918BF0023F9E7034611F8012B88
:10F0500003F8012B002AF9D1704710B50139034696
:10F0600032B111F8014F03F8014B013A002CF7D1EE
:10F070001A440021934200D110BD03F8011BF9E7A7
:10F080001FB514461A46094B1B680546D8684CB193
:10F09000074B0091CDE9013406492B4600F00EF8EC
:10F0A00000F034FD044B1C46F3E700BF780200205B
:10F0B000BC110300C9110300F71103000EB403B51E
:10F0C000014603AB054853F8042B0068019300F098
:10F0D00099F902B05DF804EB03B0704778020020A4
:10F0E000014800F0D3BE00BF44420020014800F0B8
:10F0F000CEBE00BF444200202DE9F0478E689E42FC
:10F1000082460C4690461F4638D88A8912F4906F82
:10F1100032D025680969A5EB0109656905EB45054C
:10F1200005EBD57501334B446D109D4238BF1D462C
:10F13000530531D52946FFF7D7FE064650B90C23B3
:10F14000CAF80030A38943F04003A3814FF0FF3099
:10F15000BDE8F08721694A46FFF744FEA38923F4FE
:10F16000906343F08003A381266165614E44A5EB63
:10F1700009052660A5603E46BE4200D93E4620688D
:10F180003246414600F03CFFA3689B1BA360236806
:10F19000334423600020DBE72A4600F04BFF06469D
:10F1A0000028E1D121695046FFF732FEC7E7000091
:10F1B0002DE9F04F98468B891B069DB007460D46FA
:10F1C00014460ED50B6963B94021FFF78DFE286008
:10F1D000286120B90C233B604FF0FF30D1E0402381
:10F1E0006B610023099320238DF82930CDF80C8022
:10F1F0003023DFF8A8818DF82A304FF0010923462B
:10F200009A4613F8012B0AB1252AF9D1BAEB040B5F
:10F210000BD05B46224629463846FFF76DFF01308A
:10F2200000F0AA80099A5A4409929AF80030002BFB
:10F2300000F0A28000234FF0FF32CDE905230AF150
:10F24000010A049307938DF853301A93544605220C
:10F2500014F8011B514800F083FE049AD8B9D00677
:10F2600044BF20238DF85330110744BF2B238DF862
:10F2700053309AF800302A2B15D0079A54460020B4
:10F280004FF00A0C214611F8013B303B092B4ED9B7
:10F29000B0B1079214E0A0EB080309FA03F313439B
:10F2A0000493A246D2E7039B191D1B680391002B10
:10F2B000BBBF5B4242F0020207930793B8BF0492C0
:10F2C00023782E2B0CD163782A2B35D1039B1A1D62
:10F2D0001B680392002BB8BF4FF0FF330234059335
:10F2E000DFF8C8A021780322504600F039FE40B173
:10F2F0004023A0EB0A0003FA00F0049B034301340F
:10F30000049314F8011B26488DF82810062200F0FB
:10F3100027FE002838D0234B1BBB039B073323F069
:10F32000070308330393099B3344099367E70CFBF6
:10F3300002320C460120A5E700230134059319464B
:10F340004FF00A0C204610F8012B303A092A03D955
:10F35000002BC5D00591C3E70CFB01210446012316
:10F36000F0E703AB00932A460F4B04A93846AFF3EE
:10F370000080421C0646D6D1AB895B063FF52CAF18
:10F3800009981DB0BDE8F08F03AB00932A46064BE9
:10F3900004A9384600F0D4F9EBE700BFF8110300E8
:10F3A0000212030000000000F9F00100FE1103004A
:10F3B0009368013B002B10B4936008DA9469A34270
:10F3C00001DB0A2903D15DF8044B00F0DFBA1368B2
:10F3D000581C1060197008465DF8044B7047F8B56A
:10F3E00006460F461446D518AC4201D1002007E06E
:10F3F00014F8011B3A463046FFF7DAFF431CF3D1FD
:10F40000F8BD00002DE9F04F0D469DB0144698461A
:10F41000064618B183690BB900F09AFC894B9D42EE
:10F420001BD175686B6ED90705D4AB899A0502D4D8
:10F43000A86D00F02BFDAB891B0701D52B69EBB93B
:10F440002946304600F0F4FAC0B16B6EDC070ED5E9
:10F450004FF0FF301DB0BDE8F08F7B4B9D4201D1D6
:10F46000B568DFE7794B9D4208BFF568DAE7AB89FD
:10F470009805EDD4A86D00F00AFDE9E70023099393
:10F4800020238DF82930CDF80C803023DFF8C0819F
:10F490008DF82A304FF0010923469A4613F8012BC4
:10F4A0000AB1252AF9D1BAEB040B0BD05B462246F0
:10F4B00029463046FFF793FF013000F0AA80099AF1
:10F4C0005A4409929AF80030002B00F0A2800023E1
:10F4D0004FF0FF32CDE905230AF1010A04930793A7
:10F4E0008DF853301A935446052214F8011B5848DE
:10F4F00000F036FD049AD8B9D10644BF20238DF818
:10F500005330130744BF2B238DF853309AF8003043
:10F510002A2B15D0079A544600204FF00A0C21469A
:10F5200011F8013B303B092B4ED9B0B1079214E0E2
:10F53000A0EB080309FA03F313430493A246D2E7AE
:10F54000039B191D1B680391002BBBBF5B4242F05C
:10F55000020207930793B8BF049223782E2B0CD195
:10F5600063782A2B35D1039B1A1D1B680392002B4D
:10F57000B8BF4FF0FF3302340593DFF8E4A02178E1
:10F580000322504600F0ECFC40B14023A0EB0A00FF
:10F5900003FA00F0049B03430134049314F8011BA5
:10F5A0002C488DF82810062200F0DAFC00283FD005
:10F5B000294B1BBB039B073323F00703083303933B
:10F5C000099B3B44099367E70CFB02320C46012080
:10F5D000A5E700230134059319464FF00A0C204695
:10F5E00010F8012B303A092A03D9002BC5D0059118
:10F5F000C3E70CFB012104460123F0E703AB0093B2
:10F600002A46164B04A93046AFF300800746781C03
:10F61000D6D16B6ED90705D4AB899A0502D4A86DF3
:10F6200000F035FCAB895B063FF512AF099811E796
:10F6300003AB00932A46094B04A9304600F080F83A
:10F64000E4E700BF4C1203006C1203002C1203000D
:10F65000F81103000212030000000000DFF30100B4
:10F66000FE1103002DE9F047164699468A680B699A
:10F67000DDF820809342B8BF1346336091F84320F1
:10F6800007460C460AB1013333602368990642BF2E
:10F69000336802333360256815F0060506D104F19E
:10F6A000190AE36832689B1AAB4226DC94F84320BF
:10F6B000131E226818BF012392062BD404F14302C3
:10F6C00049463846C04701301ED02368E568326895
:10F6D00003F00603042B08BFAD1AA36822690CBF10
:10F6E00025EAE57500259342C4BF9B1AED18002654
:10F6F0001A34B5421AD1002008E001235246494687
:10F700003846C047013003D14FF0FF30BDE8F087E5
:10F710000135C6E7E1185A1C302081F84300224425
:10F7200094F8451082F843100233C7E701232246BC
:10F7300049463846C0470130E6D00136D9E70000D7
:10F740002DE9FF470F7E0C9D782F914680460C4691
:10F750009A4601F1430207D8622F0AD8002F00F021
:10F76000D880582F00F0A38004F1420584F842703D
:10F770003AE0A7F16303152BF6D801A151F823F065
:10F78000D9F70100EDF7010069F7010069F7010001
:10F7900069F7010069F70100EDF7010069F7010061
:10F7A00069F7010069F7010069F70100F9F8010044
:10F7B0001DF80100DBF8010069F7010069F701009D
:10F7C0001BF9010069F701001DF8010069F701004C
:10F7D00069F70100E3F801002B681A1D1B682A6015
:10F7E00004F1420584F842300123A3E0206829682F
:10F7F000060601F104030AD50E682B60002E03DA19
:10F800002D23764284F843305E480A2319E00E68BF
:10F810002B6010F0400F18BF36B2EFE72B6820685E
:10F82000191D2960010601D51E6802E04606FBD5B8
:10F830001E8854486F2F0CBF08230A23002184F828
:10F8400043106568A560002DA2BF216821F0040166
:10F8500021600EB9002D4DD01546B6FBF3F103FB28
:10F860001167C75D05F8017D3746BB420E46F4D9E6
:10F87000082B0BD12368DE0708D5236961689942FC
:10F88000DEBF302305F8013C05F1FF35521B226134
:10F89000CDF800A04B4603AA21464046FFF7E2FE02
:10F8A00001304CD14FF0FF3004B0BDE8F08735484F
:10F8B00081F845702968236851F8046B29601D069A
:10F8C00014D5DF0744BF43F0200323601EB923682B
:10F8D00023F0200323601023B0E7236843F02003C4
:10F8E00023607823284884F84530E3E7590648BF69
:10F8F000B6B2E6E71546BBE72B6826686169181DB6
:10F90000286035061B6801D5196002E07006FBD53A
:10F910001980002323611546BAE72B681A1D2A6057
:10F920001D6862680021284600F01AFB08B1401BE0
:10F93000606063682361002384F84330A8E723698B
:10F940002A4649464046D0470130ABD023689B0742
:10F9500013D4E068039B9842B8BF1846A4E701237C
:10F96000324649464046D04701309BD00135E368D6
:10F9700003995B1AAB42F2DCEBE7002504F11906B0
:10F98000F5E700BF091203001A120300F8B50E468E
:10F990001446054618B183690BB900F0D9F9214B1B
:10F9A0009C422BD16C68A369A360A3891A072FD549
:10F9B00023696BB323692068C01A6369F6B2834276
:10F9C000374604DC2146284600F02EF930BBA368F8
:10F9D000013BA36023685A1C22601E7063690130DA
:10F9E000834204D0A389DB0706D50A2E04D1214621
:10F9F000284600F019F988B93846F8BD0A4B9C42F0
:10FA000001D1AC68CFE7094B9C4208BFEC68CAE75C
:10FA10002146284600F00CF80028CBD04FF0FF37E5
:10FA2000EAE700BF4C1203006C1203002C12030023
:10FA3000324B70B51D6806460C4625B1AB6913B94B
:10FA4000284600F085F92E4B9C420FD16C68A389A3
:10FA5000B4F90C2019072CD4DD0611D40923336026
:10FA600042F04003A3814FF0FF303EE0254B9C4223
:10FA700001D1AC68EBE7244B9C4208BFEC68E6E799
:10FA8000580712D5616B41B104F14403994202D089
:10FA90003046FFF7BDF900236363A38923F02403F5
:10FAA000A3810023636023692360A38943F00803D3
:10FAB000A38123694BB9A38903F42073B3F5007FB5
:10FAC00003D02146304600F009FAA089B4F90C2091
:10FAD00010F001030AD00023A36063695B42A361B5
:10FAE000236943B910F08000BAD170BD810758BFB7
:10FAF0006369A360F4E70020F7E700BF7802002005
:10FB00004C1203006C1203002C12030008B50620EF
:10FB100000F0E8FA012000F0FBFB00008A892DE9E3
:10FB2000F041054610070C4658D44B68002B05DC05
:10FB30000B6C002B02DC0020BDE8F081E66A002E91
:10FB4000F9D0002312F480522F682B6032D0606D00
:10FB5000A3895A0705D56368C01A636B0BB1236C80
:10FB6000C01A00230246E66A216A2846B047431CB1
:10FB7000A38906D129681D292CD82A4ACA40D6074C
:10FB800028D500226260D9042269226004D5421C73
:10FB900001D12B6803B96065616B2F600029CAD061
:10FBA00004F14403994202D02846FFF731F90020BE
:10FBB0006063C1E7216A01232846B047411CC7D1D1
:10FBC0002B68002BC4D01D2B01D0162B01D12F6028
:10FBD000B1E7A38943F04003A381ADE70F69002F8C
:10FBE000A9D093070E6808BF4B690F6018BF0023A8
:10FBF000A6EB07088B60B8F1000F9CDD216AA66AAE
:10FC000043463A462846B047002806DCA38943F01D
:10FC10004003A3814FF0FF308EE70744A8EB0008B4
:10FC2000E9E700BF0100402038B50B6905460C46E6
:10FC300013B90025284638BD18B183690BB900F007
:10FC400087F8144B9C421BD16C68B4F90C30002B24
:10FC5000EFD0626ED00704D4990502D4A06D00F0F5
:10FC600015F928462146FFF759FF636EDA07054666
:10FC7000E0D4A3899B05DDD4A06D00F008F9D9E795
:10FC8000054B9C4201D1AC68DFE7044B9C4208BFA6
:10FC9000EC68DAE74C1203006C1203002C1203002C
:10FCA000002310B50446C0E90033C0E90433836083
:10FCB00081814366C2818361194608225C30FFF767
:10FCC0009FF8054B6362054BA362054BE362054B4E
:10FCD0002462236310BD00BF1D0102003F0102002A
:10FCE000770102009B010200014900F0AFB800BF9C
:10FCF00029FC010070B568224D1E55430E4605F1E2
:10FD00007401FFF7F1F8044640B10021C0E9001684
:10FD10000C30A06005F16802FFF772F8204670BD54
:10FD2000014800F0B3B800BF45420020014800F090
:10FD3000AEB800BF45420020014800F0A7B800BFA0
:10FD400046420020014800F0A2B800BF4642002011
:10FD500010B50446FFF7F0FFA3691BB1BDE81040E2
:10FD6000FFF7F0BFC4E912332365134B134A1B6836
:10FD7000A262A34204BF0123A361204600F020F841
:10FD80006060204600F01CF8A060204600F018F8E3
:10FD90000022E06004216068FFF782FFA068012272
:10FDA0000921FFF77DFFE06802221221FFF778FFAB
:10FDB0000123A361D2E700BFB8110300E9FC0100F1
:10FDC000F8B50746FFF7ACFF1E4B1E68B36913B9C1
:10FDD0003046FFF7BDFF4836D6E90134013B03D575
:10FDE00033680BB33668F7E7B4F90C50D5B9164B46
:10FDF000E36004F15800656600F047F8FFF796FFEE
:10FE0000C4E90155C4E904552560A56108222946C5
:10FE100004F15C00FEF7F4FFC4E90D55C4E9125586
:10FE20002046F8BD6834D9E704213846FFF762FF61
:10FE3000044630600028D5D1FFF778FF0C233B60E3
:10FE4000EEE700BFB81103000100FFFF2DE9F84302
:10FE50000646884600F148040027D4E90195B9F127
:10FE6000010905D52468002CF7D13846BDE8F88390
:10FE7000AB89012B07D9B5F90E30013303D02946E0
:10FE80003046C04707436835E9E770477047704719
:10FE900070B50E46B1F90E10002996B014461D46F5
:10FEA00008DAB6F90C3000222A601A0610D44FF492
:10FEB00080630EE06A4600F097F90028F1DB019AB2
:10FEC00002F47042A2F500535A425A412A60EEE70A
:10FED00040230020236016B070BD00008B8973B5ED
:10FEE0009D0706460C4607D504F1470323602361AE
:10FEF0000123636102B070BD01AB6A46FFF7C8FF22
:10FF0000009905463046FEF7EFFF48B9B4F90C30CA
:10FF10009A05EFD423F0030343F00203A381E3E740
:10FF20000D4BB362A389206043F08003A381009B43
:10FF30006361019B20615BB1B4F90E10304600F0A3
:10FF400065F928B1A38923F0030343F00103A381DA
:10FF5000A0890543A581CDE7E9FC01000000000070
:10FF600001F0FF01102A2BDB10F0070F08D010F86A
:10FF7000013B013A8B422DD010F0070F42B3F6D16E
:10FF8000F0B441EA012141EA014122F007047FF087
:10FF900000070023F0E80256083C85EA010586EADE
:10FFA000010685FA47F5A3FA87F586FA47F6A5FA1A
:10FFB00087F68EB9EED1F0BC01F0FF0102F0070226
:10FFC00032B110F8013B013A83EA010313B1F8D1D1
:10FFD0000020704701387047002D06BF35460338B2
:10FFE000073815F0010F07D1013015F4807F02BFEB
:10FFF000013015F4C03F0130F0BC0138704700BF3C
:020000022000DC
:10000000884210B501EB020402D98442234607D886
:10001000431EA14208D011F8012B03F8012FF8E785
:10002000024401468A4200D110BD13F8014D02F886
:10003000014DF7E72DE9F041804614460E4621B9FF
:10004000BDE8F0411146FEF74FBF2AB9FEF7E0FECA
:1000500025462846BDE8F08100F0FAF884420746BC
:1000600002D8B4EB500F12D821464046FEF73CFFB1
:1000700005460028EDD0BC422246314628BF3A460C
:10008000FEF7B0FE31464046FEF7C2FEE1E73546D8
:10009000DFE71F2938B504460D4604D9162303604F
:1000A0004FF0FF3038BD426C12B152F821304BB9DD
:1000B000204600F031F82A4601462046BDE8384087
:1000C00000F018B8012B0AD0591C03D11623036085
:1000D0000120E7E7002442F8254028469847002001
:1000E000E0E70000024B01461868FFF7D2BF00BFEF
:1000F0007802002038B5074D002304460846114613
:100100002B6000F0DFF8431C02D12B6803B12360A1
:1001100038BD00BF4042002000F0C4B810B50C4606
:10012000B1F90E1000F09CF80028ABBF636DA389F5
:100130001B1823F48053ACBF6365A38110BD2DE968
:10014000F0411F468B89DB0505460C46164605D552
:10015000B1F90E100223002200F068F8A389B4F967
:100160000E1023F48053A38132463B462846BDE857
:10017000F04100F017B810B50C46B1F90E1000F0C0
:1001800055F8431CA38915BF606523F4805343F4DD
:100190008053A38118BFA38110BDB1F90E1000F0E8
:1001A00013B8000038B5074D044608461146002232
:1001B0002A601A46E6F73EFE431C02D12B6803B1C3
:1001C000236038BD4042002038B5064D0023044668
:1001D00008462B6000F056F8431C02D12B6803B18F
:1001E000236038BD4042002038B5074D0023044647
:1001F000084611462B6000F04DF8431C02D12B68D5
:1002000003B1236038BD00BF4042002038B5064D21
:100210000023044608462B6000F04CF8431C02D132
:100220002B6803B1236038BD4042002038B5074D2C
:1002300004460846114600222A601A4600F04AF891
:10024000431C02D12B6803B1236038BD404200201B
:1002500051F8043C181F002BBCBF0B58C018704746
:1002600038B5074D04460846114600222A601A4652
:1002700000F038F8431C02D12B6803B1236038BD6D
:1002800040420020024B58221A604FF0FF30704766
:1002900040420020024B58221A604FF0FF30704756
:1002A00040420020024B58221A604FF0FF30704746
:1002B00040420020024B58221A600020704700BFC5
:1002C00040420020024B58221A604FF0FF30704726
:1002D00040420020024B58221A604FF0FF30704716
:1002E00040420020024B58221A604FF0FF30704706
:1002F00040420020044A05491368002B08BF0B4602
:1003000018441060184670474842002050420020B0
:10031000FEE700BFF8B500BFF8BC08BC9E467047BA
:10032000F8B500BFF8BC08BC9E467047000000004E
:100330005FF800F0DD0200205FF800F031030020DC
:100340000000000100010101000204080905030189
:1003500000020A06070B0301020203020302030361
:10036000000C040607050D01040504040505040539
:1003700007060606070707060E0204060705030F11
:10038000000C0A08090B0D010908080809090908E9
:100390000A0B0A0A0B0B0A0B0E020A08090B030FC1
:1003A0000C0C0D0C0D0C0D0D0E0C040809050D0F99
:1003B0000E0C0A06070B0D0F0E0E0E0F0E0F0F0F71
:1003C00000000000B00AC93C30FB483D05A9963D3D
:1003D00036BDC83D73B2FA3D8340163EA3102F3E92
:1003E000C2C5473E135C603ECDCF783E948E883EBA
:1003F00031A0943EE59AA03ED47CAC3E2A44B83E5F
:1004000016EFC33ECB7BCF3E80E8DA3E7533E63E47
:10041000EA5AF13E285DFC3E3D9C033F9BF5083FB8
:10042000DA390E3F2B68133FC07F183FD27F1D3F44
:100430009A67223F5636273F4AEB2B3FBB85303F1A
:10044000F304353F4268393FFAAE3D3F71D8413F32
:1004500003E4453F12D1493F029F4D3F3D4D513F7F
:1004600032DB543F5348583F1B945B3F05BE5E3F11
:1004700098C5613F59AA643FD86B673FA7096A3F97
:100480005E836C3F9ED86E3F0809713F4814733FEE
:100490000BFA743F07BA763FF853783F9DC7793F10
:1004A000BF147B3F283B7C3FAC3A7D3F24137E3F0B
:1004B0006DC47E3F6D4E7F3F0FB17F3F43EC7F3F6A
:1004C0000000803F43EC7F3F0FB17F3F6D4E7F3F89
:1004D0006DC47E3F23137E3FAC3A7D3F283B7C3F7B
:1004E000BE147B3F9DC7793FF853783F07BA763FEC
:1004F0000AFA743F4714733F0809713F9ED86E3F54
:100500005E836C3FA6096A3FD86B673F59AA643F78
:1005100097C5613F06BE5E3F1A945B3F5248583F05
:1005200030DB543F3D4D513F029F4D3F11D1493F7C
:1005300004E4453F70D8413FF8AE3D3F4068393F45
:10054000F304353FBA85303F48EB2B3F5636273F03
:100550009967223FD07F1D3FBD7F183F2A68133F18
:10056000D9390E3F98F5083F3D9C033F255DFC3E81
:10057000E65AF13E7633E63E7FE8DA3EC77BCF3E71
:1005800010EFC33E2A44B83ED27CAC3EE09AA03E77
:1005900033A0943E928E883EC5CF783E085C603E84
:1005A000C1C5473E9D102F3E7A40163E76B2FA3DB9
:1005B00030BDC83DF5A8963DFDFA483DA60AC93CA8
:1005C0004DBDBBB3040BC9BC2CFB48BD0CA996BDEB
:1005D00047BDC8BD8DB2FABD854016BEA9102FBE5D
:1005E000CDC547BE135C60BED0CF78BE988E88BEA6
:1005F00038A094BEE69AA0BED77CACBE2F44B8BE4D
:1006000015EFC3BECD7BCFBE85E8DABE7B33E6BE39
:10061000EB5AF1BE2A5DFCBE3F9C03BF9BF508BFB1
:10062000DB390EBF2D6813BFC07F18BFD27F1DBF3F
:100630009B6722BF583627BF4AEB2BBFBC8530BF14
:10064000F50435BF426839BFFAAE3DBF6FD841BF30
:1006500003E445BF13D149BF039F4DBF3F4D51BF79
:1006600034DB54BF564858BF19945BBF05BE5EBF0C
:1006700098C561BF5AAA64BFD96B67BFA8096ABF92
:1006800061836CBF9DD86EBF080971BF481473BFEA
:100690000BFA74BF08BA76BFF95378BF9FC779BF0A
:1006A000BE147BBF283B7CBFAC3A7DBF24137EBF0A
:1006B0006DC47EBF6E4E7FBF0FB17FBF43EC7FBF67
:1006C000000080BF43EC7FBF0FB17FBF6D4E7FBF87
:1006D0006DC47EBF23137EBFAC3A7DBF283B7CBF79
:1006E000BE147BBF9DC779BFF75378BF06BA76BFEC
:1006F00009FA74BF481473BF080971BF9DD86EBF53
:100700005D836CBFA5096ABFD56B67BF56AA64BF7E
:1007100098C561BF05BE5EBF19945BBF514858BF05
:100720002FDB54BF3A4D51BF039F4DBF12D149BF7C
:1007300003E445BF6FD841BFF7AE3DBF3F6839BF47
:10074000EF0435BFBC8530BF4AEB2BBF553627BF02
:10075000976722BFCF7F1DBFBC7F18BF266813BF1E
:10076000DB390EBF9BF508BF3C9C03BF235DFCBE7D
:10077000E35AF1BE6C33E6BE76E8DABECC7BCFBE80
:1007800015EFC3BE2744B8BECF7CACBEDE9AA0BE78
:1007900028A094BE878E88BECFCF78BE125C60BE84
:1007A000BCC547BE97102FBE744016BE4AB2FABDF4
:1007B00004BDC8BD09A996BD26FB48BD770AC9BCC2
:1007C0000000000007000000000007050000000016
:1007D0003D000000010000000000000101000000D9
:1007E00001010000003000000100000000000000D6
:1007F0000100000001000000000000000F000000E8
:100800002002000000004000000000100002000074
:1008100000000000070000000100000001010000CE
:100820000100000000000000200200000000400065
:10083000000000100002000000400000070000005F
:1008400001000000010100000100000000000000A4
:100850000100000007000000000000000000000090
:10086000010000002700000001000000010001005D
:10087000050F3900021810050038B60834A909A080
:10088000478BFDA0768815B665000101001C100598
:1008900000DF60DDD88945C74C9CD2659D9E648A87
:1008A0009F00000306B200020000000009211101B0
:1008B0000001221C0000000006ABFF0A0002A1019B
:1008C0007508150026FF0095400901810295400931
:1008D000029102C00A00000000000306B2000800F6
:1008E00001000000A800080002000100A0001400A0
:1008F000030057494E55534200000000000000001D
:1009000000008400040007002A004400650076000F
:1009100069006300650049006E00740065007200A4
:10092000660061006300650047005500490044000F
:100930007300000050007B00300061006100360051
:1009400039006500630066002D00610065006200EB
:1009500039002D0034003000330061002D006200AA
:100960003600380032002D003300340039006400B6
:100970003500300036006500320030003000640081
:100980007D000000000000001B03016F70656E61B8
:10099000636F7573746963646576696365732E69E3
:1009A0006E666F00010101010100000000000000FF
:1009B000FD5300002D530000000000000000000067
:1009C00009024000020100E03209040000020300B5
:1009D0000000092111010001221C0007050103404C
:1009E0000001070581034000010904010002FF0026
:1009F00000000705020340000107058203400001D3
:100A00001201100200000040C410020000000102A8
:100A10000301000032036F00700065006E0061008A
:100A200063006F0075007300740069006300640068
:100A30006500760069006300650073002E006900A0
:100A40006E0066006F000000140341007500640032
:100A500069006F004D006F00740068000000000026
:100A60000A0330003100300030000000000A0200AC
:100A7000C00902008C0A020004000000A409020060
:100A8000AC0902000000000004030904880A020007
:100A9000140A0200480A0200600A02000000803FB7
:100AA000000000000000000000000000000080BF07
:100AB000000000000000803F000000000000000077
:100AC00000000000000080BF0000000003020600DC
:100AD0000900000007000000030000000100000002
:100AE00005000000000100004000000004000000BC
:100AF0000100000010000000000200008000000063
:100B0000080000000200000020000000222A3A3CF9
:100B10003E3F7C7F000000002B2C3B3D5B5D0000D6
:100B200001030507090E10121416181C1E00000000
:100B300061001A03E0001703F8000703FF0001003B
:100B400078010001300132010601390110014A012A
:100B50002E017901060180014D00430281018201CD
:100B600082018401840186018701870189018A014C
:100B70008B018B018D018E018F01900191019101FB
:100B800093019401F60196019701980198013D02A5
:100B90009B019C019D0120029F01A001A001A201D7
:100BA000A201A401A401A601A701A701A901AA010C
:100BB000AB01AC01AC01AE01AF01AF01B101B201BB
:100BC000B301B301B501B501B701B801B801BA016C
:100BD000BB01BC01BC01BE01F701C001C101C201E2
:100BE000C301C401C501C401C701C801C701CA01CD
:100BF000CB01CA01CD011001DD0101008E01DE0132
:100C00001201F3010300F101F401F401F8012801DC
:100C1000220212013A020900652C3B023B023D020E
:100C2000662C3F0240024102410246020A01530281
:100C3000400081018601550289018A0158028F0115
:100C40005A0290015C025D025E025F029301610242
:100C500062029401640265026602670297019601CE
:100C60006A02622C6C026D026E029C0170027102BB
:100C70009D01730274029F01760277027802790265
:100C80007A027B027C02642C7E027F02A601810232
:100C90008202A9018402850286028702AE01440213
:100CA000B101B20145028D028E028F0290029102C3
:100CB000B7017B030300FD03FE03FF03AC03040045
:100CC0008603880389038A03B1031103C203020068
:100CD000A303A303C4030803CC0303008C038E0304
:100CE0008F03D8031801F2030A00F903F303F40396
:100CF000F503F603F703F703F903FA03FA033004E5
:100D0000200350041007600422018A043601C10444
:100D10000E01CF040100C004D00444016105260483
:100D2000000000007D1D0100632C001E9601A01E26
:100D30005A01001F0806101F0606201F0806301F54
:100D40000806401F0606511F0700591F521F5B1F50
:100D5000541F5D1F561F5F1F601F0806701F0E0087
:100D6000BA1FBB1FC81FC91FCA1FCB1FDA1FDB1F3B
:100D7000F81FF91FEA1FEB1FFA1FFB1F801F080651
:100D8000901F0806A01F0806B01F0400B81FB91F57
:100D9000B21FBC1FCC1F0100C31FD01F0206E01FE3
:100DA0000206E51F0100EC1FF31F0100FC1F4E218E
:100DB0000100322170211002842101008321D024FE
:100DC0001A05302C2F04602C0201672C0601752CAB
:100DD0000201802C6401002D260841FF1A03000047
:100DE000A10061FFA20062FFA30063FFA40064FFF3
:100DF000A50065FFA60066FFA70067FFA80068FFC3
:100E0000A90069FFAA006AFFAB006BFFAC006CFF92
:100E1000AD006DFFAE006EFFAF006FFFB00070FF62
:100E2000B10071FFB20072FFB30073FFB40074FF32
:100E3000B50075FFB60076FFB70077FFB80078FF02
:100E4000B90079FFBA007AFFBB007BFFBC007CFFD2
:100E5000BD007DFFBE007EFFBF007FFFC00080FFA2
:100E6000C10081FFC20082FFC30083FFC40084FF72
:100E7000C50085FFC60086FFC70087FFC80088FF42
:100E8000C90089FFCA008AFFCB008BFFCC008CFF12
:100E9000CD008DFFCE008EFFCF008FFFD00090FFE2
:100EA000D10091FFD20092FFD30093FFD40094FFB2
:100EB000D50095FFD60096FFD70097FFD80098FF82
:100EC000D90099FFDA009AFFDB009BFFDC009CFF52
:100ED000DD009DFFDE009EFFDF009FFF40810030B0
:100EE000418101304281023043810CFF44810EFF79
:100EF0004581FB3046811AFF47811BFF48811FFF58
:100F0000498101FF4A819B304B819C304C81B40068
:100F10004D8140FF4E81A8004F813EFF5081E3FF8D
:100F200051813FFF5281FD305381FE3054819D300D
:100F300055819E30568103305781DD4E58810530F2
:100F4000598106305A8107305B81FC305C81152065
:100F50005D8110205E810FFF5F813CFF60815EFF3D
:100F60006181252262815CFF6381262064812520C6
:100F7000658118206681192067811C2068811D20E9
:100F8000698108FF6A8109FF6B8114306C8115301B
:100F90006D813BFF6E813DFF6F815BFF70815DFF67
:100FA000718108307281093073810A3074810B308D
:100FB00075810C3076810D3077810E3078810F305D
:100FC000798110307A8111307B810BFF7C810DFF9C
:100FD0007D81B1007E81D7008081F70081811DFF76
:100FE0008281602283811CFF84811EFF85816622AD
:100FF0008681672287811E22888134228981422648
:101000008A8140268B81B0008C8132208D813320F3
:101010008E8103218F81E5FF908104FF9181E0FFA4
:101020009281E1FF938105FF948103FF958106FF83
:1010300096810AFF978120FF9881A7009981062653
:101040009A8105269B81CB259C81CF259D81CE252C
:101050009E81C7259F81C625A081A125A181A025AC
:10106000A281B325A381B225A481BD25A581BC257C
:10107000A6813B20A7811230A8819221A9819021CD
:10108000AA819121AB819321AC811330B8810822D0
:10109000B9810B22BA818622BB818722BC81822240
:1010A000BD818322BE812A22BF812922C8812722B5
:1010B000C9812822CA81E2FFCB81D221CC81D421EF
:1010C000CD810022CE810322DA812022DB81A5227C
:1010D000DC811223DD810222DE810722DF81612291
:1010E000E0815222E1816A22E2816B22E3811A22AD
:1010F000E4813D22E5811D22E6813522E7812B2214
:10110000E8812C22F0812B21F1813020F2816F26A1
:10111000F3816D26F4816A26F5812020F681212055
:10112000F781B600FC81EF254F8210FF508211FF3E
:10113000518212FF528213FF538214FF548215FF13
:10114000558216FF568217FF578218FF588219FFE3
:10115000608221FF618222FF628223FF638224FF7B
:10116000648225FF658226FF668227FF678228FF4B
:10117000688229FF69822AFF6A822BFF6B822CFF1B
:101180006C822DFF6D822EFF6E822FFF6F8230FFEB
:10119000708231FF718232FF728233FF738234FFBB
:1011A000748235FF758236FF768237FF778238FF8B
:1011B000788239FF79823AFF818241FF828242FF41
:1011C000838243FF848244FF858245FF868246FFF7
:1011D000878247FF888248FF898249FF8A824AFFC7
:1011E0008B824BFF8C824CFF8D824DFF8E824EFF97
:1011F0008F824FFF908250FF918251FF928252FF67
:10120000938253FF948254FF958255FF968256FF36
:10121000978257FF988258FF998259FF9A825AFF06
:101220009F824130A0824230A1824330A28244306A
:10123000A3824530A4824630A5824730A68248303A
:10124000A7824930A8824A30A9824B30AA824C300A
:10125000AB824D30AC824E30AD824F30AE825030DA
:10126000AF825130B0825230B1825330B2825430AA
:10127000B3825530B4825630B5825730B68258307A
:10128000B7825930B8825A30B9825B30BA825C304A
:10129000BB825D30BC825E30BD825F30BE8260301A
:1012A000BF826130C0826230C1826330C2826430EA
:1012B000C3826530C4826630C5826730C6826830BA
:1012C000C7826930C8826A30C9826B30CA826C308A
:1012D000CB826D30CC826E30CD826F30CE8270305A
:1012E000CF827130D0827230D1827330D28274302A
:1012F000D3827530D4827630D5827730D6827830FA
:10130000D7827930D8827A30D9827B30DA827C30C9
:10131000DB827D30DC827E30DD827F30DE82803099
:10132000DF828130E0828230E1828330E282843069
:10133000E3828530E4828630E5828730E682883039
:10134000E7828930E8828A30E9828B30EA828C3009
:10135000EB828D30EC828E30ED828F30EE829030D9
:10136000EF829130F0829230F18293304083A1304D
:101370004183A2304283A3304383A4304483A53009
:101380004583A6304683A7304783A8304883A930D9
:101390004983AA304A83AB304B83AC304C83AD30A9
:1013A0004D83AE304E83AF304F83B0305083B13079
:1013B0005183B2305283B3305383B4305483B53049
:1013C0005583B6305683B7305783B8305883B93019
:1013D0005983BA305A83BB305B83BC305C83BD30E9
:1013E0005D83BE305E83BF305F83C0306083C130B9
:1013F0006183C2306283C3306383C4306483C53089
:101400006583C6306683C7306783C8306883C93058
:101410006983CA306A83CB306B83CC306C83CD3028
:101420006D83CE306E83CF306F83D0307083D130F8
:101430007183D2307283D3307383D4307483D530C8
:101440007583D6307683D7307783D8307883D93098
:101450007983DA307A83DB307B83DC307C83DD3068
:101460007D83DE307E83DF308083E0308183E13036
:101470008283E2308383E3308483E4308583E53004
:101480008683E6308783E7308883E8308983E930D4
:101490008A83EA308B83EB308C83EC308D83ED30A4
:1014A0008E83EE308F83EF309083F0309183F13074
:1014B0009283F2309383F3309483F4309583F53044
:1014C0009683F6309F839103A0839203A1839303B5
:1014D000A2839403A3839503A4839603A583970310
:1014E000A6839803A7839903A8839A03A9839B03E0
:1014F000AA839C03AB839D03AC839E03AD839F03B0
:10150000AE83A003AF83A103B083A303B183A4037D
:10151000B283A503B383A603B483A703B583A8034B
:10152000B683A903BF83B103C083B203C183B303EE
:10153000C283B403C383B503C483B603C583B703AF
:10154000C683B803C783B903C883BA03C983BB037F
:10155000CA83BC03CB83BD03CC83BE03CD83BF034F
:10156000CE83C003CF83C103D083C303D183C4031D
:10157000D283C503D383C603D483C703D583C803EB
:10158000D683C903408410044184110442841204A8
:1015900043841304448414044584150446840104DC
:1015A0004784160448841704498418044A8419049B
:1015B0004B841A044C841B044D841C044E841D046B
:1015C0004F841E0450841F0451842004528421043B
:1015D000538422045484230455842404568425040B
:1015E0005784260458842704598428045A842904DB
:1015F0005B842A045C842B045D842C045E842D04AB
:101600005F842E0460842F0470843004718431045C
:10161000728432047384330474843404758435040E
:1016200076845104778436047884370479843804C6
:101630007A8439047B843A047C843B047D843C04B2
:101640007E843D0480843E0481843F04828440047F
:10165000838441048484420485844304868444044E
:101660008784450488844604898447048A8448041E
:101670008B8449048C844A048D844B048E844C04EE
:101680008F844D0490844E0491844F049F840025E0
:10169000A0840225A1840C25A2841025A3841825EA
:1016A000A4841425A5841C25A6842C25A784242580
:1016B000A8843425A9843C25AA840125AB8403256C
:1016C000AC840F25AD841325AE841B25AF8417256C
:1016D000B0842325B1843325B2842B25B3843B25E4
:1016E000B4844B25B5842025B6842F25B7842825BE
:1016F000B8843725B9843F25BA841D25BB8430259D
:10170000BC842525BD843825BE84422540876024BD
:101710004187612442876224438763244487642489
:101720004587652446876624478767244887682459
:10173000498769244A876A244B876B244C876C2429
:101740004D876D244E876E244F876F2450877024F9
:1017500051877124528772245387732454876021E0
:1017600055876121568762215787632158876421F5
:10177000598765215A8766215B8767215C876821C5
:101780005D8769215F87493360871433618722331E
:1017900062874D3363871833648727336587033344
:1017A00066873633678751336887573369870D33C8
:1017B0006A8726336B8723336C872B336D874A33D5
:1017C0006E873B336F879C3370879D3371879E3361
:1017D00072878E3373878F337487C4337587A133D1
:1017E0007E877B3380871D3081871F30828716215B
:1017F0008387CD33848721218587A4328687A532CC
:101800008787A6328887A7328987A8328A873132AC
:101810008B8732328C8739328D877E338E877D334A
:101820008F877C3393872E229487112298871F22DB
:101830009987BF229F889C4EA0881655A188035A7D
:10184000A2883F96A388C054A4881B61A5882863FA
:10185000A688F659A7882290A8887584A9881C8331
:10186000AA88507AAB88AA60AC88E163AD88256EFF
:10187000AE88ED65AF886684B088A682B188F59B96
:10188000B2889368B3882757B488A165B588716218
:10189000B6889B5BB788D059B8887B86B988F4989E
:1018A000BA88627DBB88BE7DBC888E9BBD8816626F
:1018B000BE889F7CBF88B788C088895BC188B55EB9
:1018C000C2880963C3889766C4884868C588C79575
:1018D000C6888D97C7884F67C888E54EC9880A4F64
:1018E000CA884D4FCB889D4FCC884950CD88F25641
:1018F000CE883759CF88D459D088015AD188095C0D
:10190000D288DF60D3880F61D4887061D588136670
:10191000D6880569D788BA70D8884F75D988707508
:10192000DA88FB79DB88AD7DDC88EF7DDD88C380DC
:10193000DE880E84DF886388E088028BE18855901A
:10194000E2887A90E3883B53E488954EE588A54E7B
:10195000E688DF57E788B280E888C190E988EF78A9
:10196000EA88004EEB88F158EC88A26EED8838903A
:10197000EE88327AEF882883F0888B82F1882F9C5A
:10198000F2884151F3887053F488BD54F588E154CE
:10199000F688E056F788FB59F888155FF988F298C1
:1019A000FA88EB6DFB88E480FC882D85408962967F
:1019B000418970964289A0964389FB9744890B54CC
:1019C0004589F3534689875B4789CF704889BD7F36
:1019D0004989C28F4A89E8964B896F534C895C9D2F
:1019E0004D89BA7A4E89114E4F8993785089FC817E
:1019F0005189266E528918565389045554891D6B96
:101A000055891A8556893B9C5789E5595889A953A8
:101A10005989666D5A89DC745B898F955C89425659
:101A20005D89914E5E894B905F89F29660894F8304
:101A300061890C996289E1536389B6556489305B89
:101A40006589715F668920666789F36668890468BD
:101A50006989386C6A89F36C6B89296D6C895B7450
:101A60006D89C8766E894E7A6F8934987089F18253
:101A700071895B887289608A7389ED927489B26D0D
:101A80007589AB757689CA767789C5997889A66094
:101A90007989018B7A898A8D7B89B2957C898E6957
:101AA0007D89AD537E89865180891257818930584E
:101AB000828944598389B45B8489F65E858928606C
:101AC0008689A9638789F4638889BF6C8989146FC3
:101AD0008A898E708B8914718C8959718D89D57121
:101AE0008E893F738F89017E908976829189D18218
:101AF000928997859389609094895B9295891B9DC3
:101B0000968969589789BC6598895A6C9989257511
:101B10009A89F9519B892E599C8965599D89805FC5
:101B20009E89DC5F9F89BC62A089FA65A1892A6AC7
:101B3000A289276BA389B46BA4898B73A589C17F04
:101B4000A6895689A7892C9DA8890E9DA989C49E1E
:101B5000AA89A15CAB89966CAC897B83AD89045161
:101B6000AE894B5CAF89B661B089C681B1897668B0
:101B7000B2896172B389594EB489FA4FB5897853E5
:101B8000B6896960B789296EB8894F7AB989F397A0
:101B9000BA890B4EBB891653BC89EE4EBD89554F91
:101BA000BE893D4FBF89A14FC089734FC189A052E3
:101BB000C289EF53C3890956C4890F59C589C15ACF
:101BC000C689B65BC789E15BC889D179C98987664F
:101BD000CA899C67CB89B667CC894C6BCD89B36CBD
:101BE000CE896B70CF89C273D0898D79D189BE7946
:101BF000D2893C7AD389877BD489B182D589DB822B
:101C0000D6890483D7897783D889EF83D989D38309
:101C1000DA896687DB89B28ADC892956DD89A88C56
:101C2000DE89E68FDF894E90E0891E97E1898A86FA
:101C3000E289C44FE389E85CE4891162E58959725D
:101C4000E6893B75E789E581E889BD82E989FE86F9
:101C5000EA89C08CEB89C596EC891399ED89D599F1
:101C6000EE89CB4EEF891A4FF089E389F189DE5670
:101C7000F2894A58F389CA58F489FB5EF589EB5F0B
:101C8000F6892A60F7899460F8896260F989D061E1
:101C9000FA891262FB89D062FC893965408A419BCE
:101CA000418A6666428AB068438A776D448A70705A
:101CB000458A4C75468A8676478A757D488AA5820C
:101CC000498AF9874A8A8B954B8A8E964C8A9D8CD5
:101CD0004D8AF1514E8ABE524F8A1659508AB354DA
:101CE000518AB35B528A165D538A6861548A82694D
:101CF000558AAF6D568A8D78578ACB84588A578813
:101D0000598A728A5A8AA7935B8AB89A5C8A6C6DE0
:101D10005D8AA8995E8AD9865F8AA357608AFF6721
:101D2000618ACE86628A0E92638A8352648A87565B
:101D3000658A0454668AD35E678AE162688AB964F8
:101D4000698A3C686A8A38686B8ABB6B6C8A727372
:101D50006D8ABA786E8A6B7A6F8A9A89708AD2890C
:101D6000718A6B8D728A038F738AED90748AA39542
:101D7000758A9496768A6997778A665B788AB35C67
:101D8000798A7D697A8A4D987B8A4E987C8A9B6392
:101D90007D8A207B7E8A2B6A808A7F6A818AB668E8
:101DA000828A0D9C838A5F6F848A7252858A9D55D0
:101DB000868A7060878AEC62888A3B6D898A076EA2
:101DC0008A8AD16E8B8A5B848C8A10898D8A448F33
:101DD0008E8A144E8F8A399C908AF653918A1B6999
:101DE000928A3A6A938A8497948A2A68958A5C517F
:101DF000968AC37A978AB284988ADC91998A8C935E
:101E00009A8A5B569B8A289D9C8A22689D8A0583B4
:101E10009E8A31849F8AA57CA08A0852A18AC582A5
:101E2000A28AE674A38A7E4EA48A834FA58AA05113
:101E3000A68AD25BA78A0A52A88AD852A98AE752F0
:101E4000AA8AFB5DAB8A9A55AC8A2A58AD8AE659B4
:101E5000AE8A8C5BAF8A985BB08ADB5BB18A725EBC
:101E6000B28A795EB38AA360B48A1F61B58A63615E
:101E7000B68ABE61B78ADB63B88A6265B98AD16700
:101E8000BA8A5368BB8AFA68BC8A3E6BBD8A536BB8
:101E9000BE8A576CBF8A226FC08A976FC18A456F0E
:101EA000C28AB074C38A1875C48AE376C58A0B7770
:101EB000C68AFF7AC78AA17BC88A217CC98AE97D44
:101EC000CA8A367FCB8AF07FCC8A9D80CD8A668293
:101ED000CE8A9E83CF8AB389D08ACC8AD18AAB8CB2
:101EE000D28A8490D38A5194D48A9395D58A919535
:101EF000D68AA295D78A6596D88AD397D98A2899FF
:101F0000DA8A1882DB8A384EDC8A2B54DD8AB85C88
:101F1000DE8ACC5DDF8AA973E08A4C76E18A3C7761
:101F2000E28AA95CE38AEB7FE48A0B8DE58AC1969D
:101F3000E68A1198E78A5498E88A5898E98A014F06
:101F4000EA8A0E4FEB8A7153EC8A9C55ED8A6856EB
:101F5000EE8AFA57EF8A4759F08A095BF18AC45B27
:101F6000F28A905CF38A0C5EF48A7E5EF58ACC5F1E
:101F7000F68AEE63F78A3A67F88AD765F98AE265E6
:101F8000FA8A1F67FB8ACB68FC8AC468408B5F6A49
:101F9000418B305E428BC56B438B176C448B7D6CE1
:101FA000458B7F75468B4879478B635B488B007AFE
:101FB000498B007D4A8BBD5F4B8B8F894C8B188A78
:101FC0004D8BB48C4E8B778D4F8BCC8E508B1D8F61
:101FD000518BE298528B0E9A538B3C9B548B804EC4
:101FE000558B7D50568B0051578B9359588B9C5B6A
:101FF000598B2F625A8B80625B8BEC645C8B3A6BE3
:102000005D8BA0725E8B91755F8B4779608BA97F2A
:10201000618BFB87628BBC8A638B708B648BAC6338
:10202000658BCA83668BA097678B0954688B0354B2
:10203000698BAB556A8B54686B8B586A6C8B708A52
:102040006D8B27786E8B75676F8BCD9E708B7453FD
:10205000718BA25B728B1A81738B5086748B069086
:10206000758B184E768B454E778BC74E788B114FFC
:10207000798BCA537A8B38547B8BAE5B7C8B135F26
:102080007D8B25607E8B5165808B3D67818B426C9B
:10209000828B726C838BE36C848B7870858B03747A
:1020A000868B767A878BAE7A888B087B898B1A7DB4
:1020B0008A8BFE7C8B8B667D8C8BE7658D8B5B7250
:1020C0008E8BBB538F8B455C908BE85D918BD2627E
:1020D000928BE062938B1963948B206E958B5A865A
:1020E000968B318A978BDD8D988BF892998B016F47
:1020F0009A8BA6799B8B5A9B9C8BA84E9D8BAB4E43
:102100009E8BAC4E9F8B9B4FA08BA04FA18BD15031
:10211000A28B4751A38BF67AA48B7151A58BF651F4
:10212000A68B5453A78B2153A88B7F53A98BEB53BA
:10213000AA8BAC55AB8B8358AC8BE15CAD8B375F16
:10214000AE8B4A5FAF8B2F60B08B5060B18B6D60F0
:10215000B28B1F63B38B5965B48B4B6AB58BC16C63
:10216000B68BC272B78BED72B88BEF77B98BF880F4
:10217000BA8B0581BB8B0882BC8B4E85BD8BF790DB
:10218000BE8BE193BF8BFF97C08B5799C18B5A9A37
:10219000C28BF04EC38BDD51C48B2D5CC58B816629
:1021A000C68B6D69C78B405CC88BF266C98B75693D
:1021B000CA8B8973CB8B5068CC8B817CCD8BC550FF
:1021C000CE8BE452CF8B4757D08BFE5DD18B2693BD
:1021D000D28BA465D38B236BD48B3D6BD58B34749E
:1021E000D68B8179D78BBD79D88B4B7BD98BCA7D28
:1021F000DA8BB982DB8BCC83DC8B7F88DD8B5F89CC
:10220000DE8B398BDF8BD18FE08BD191E18B1F542B
:10221000E28B8092E38B5D4EE48B3650E58BE55389
:10222000E68B3A53E78BD772E88B9673E98BE977A5
:10223000EA8BE682EB8BAF8EEC8BC699ED8BC8995F
:10224000EE8BD299EF8B7751F08B1A61F18B5E8612
:10225000F28BB055F38B7A7AF48B7650F58BD35B97
:10226000F68B4790F78B8596F88B324EF98BDB6AAD
:10227000FA8BE791FB8B515CFC8B485C408C98633C
:10228000418C9F7A428C936C438C7497448C618F01
:10229000458CAA7A468C8A71478C8896488C827CB9
:1022A000498C17684A8C707E4B8C51684C8C6C93AF
:1022B0004D8CF2524E8C1B544F8CAB85508C138A34
:1022C000518CA47F528CCD8E538CE190548C6653EC
:1022D000558C8888568C4179578CC24F588CBE508B
:1022E000598C11525A8C44515B8C53555C8C2D5730
:1022F0005D8CEA735E8C8B575F8C5159608C625F8A
:10230000618C845F628C7560638C7661648C6761BC
:10231000658CA961668CB263678C3A64688C6C6565
:10232000698C6F666A8C42686B8C136E6C8C6675F8
:102330006D8C3D7A6E8CFB7C6F8C4C7D708C997DA6
:10234000718C4B7E728C6B7F738C0E83748C4A8382
:10235000758CCD86768C088A778C638A788C668BB0
:10236000798CFD8E7A8C1A987B8C8F9D7C8CB882B0
:102370007D8CCE8F7E8CE89B808C8752818C1F62F7
:10238000828C8364838CC06F848C9996858C416821
:10239000868C9150878C206B888C7A6C898C546FDA
:1023A0008A8C747A8B8C507D8C8C40888D8C238A9F
:1023B0008E8C08678F8CF64E908C3950918C2650FD
:1023C000928C6550938C7C51948C3852958C6352CE
:1023D000968CA755978C0F57988C0558998CCC5A8A
:1023E0009A8CFA5E9B8CB2619C8CF8619D8CF36236
:1023F0009E8C72639F8C1C69A08C296AA18C7D7253
:10240000A28CAC72A38C2E73A48C1478A58C6F78DC
:10241000A68C797DA78C0C77A88CA980A98C8B8938
:10242000AA8C198BAB8CE28CAC8CD28EAD8C639069
:10243000AE8C7593AF8C7A96B08C5598B18C139AFC
:10244000B28C789EB38C4351B48C9F53B58CB353EC
:10245000B68C7B5EB78C265FB88C1B6EB98C906E89
:10246000BA8C8473BB8CFE73BC8C437DBD8C37826D
:10247000BE8C008ABF8CFA8AC08C5096C18C4E4E9E
:10248000C28C0B50C38CE453C48C7C54C58CFA565C
:10249000C68CD159C78C645BC88CF15DC98CAB5EAE
:1024A000CA8C275FCB8C3862CC8C4565CD8CAF67EE
:1024B000CE8C566ECF8CD072D08CCA7CD18CB48826
:1024C000D28CA180D38CE180D48CF083D58C4E86C5
:1024D000D68C878AD78CE88DD88C3792D98CC796C2
:1024E000DA8C6798DB8C139FDC8C944EDD8C924EDB
:1024F000DE8C0D4FDF8C4853E08C4954E18C3E5408
:10250000E28C2F5AE38C8C5FE48CA15FE58C9F609A
:10251000E68CA768E78C8E6AE88C5A74E98C81781F
:10252000EA8C9E8AEB8CA48AEC8C778BED8C909154
:10253000EE8C5E4EEF8CC99BF08CA44EF18C7C4FE0
:10254000F28CAF4FF38C1950F48C1650F58C495126
:10255000F68C6C51F78C9F52F88CB952F98CFE5264
:10256000FA8C9A53FB8CE353FC8C1154408D0E541F
:10257000418D8955428D5157438DA257448D7D59C8
:10258000458D545B468D5D5B478D8F5B488DE55D6A
:10259000498DE75D4A8DF75D4B8D785E4C8D835E8E
:1025A0004D8D9A5E4E8DB75E4F8D185F508D526087
:1025B000518D4C61528D9762538DD862548DA763B3
:1025C000558D3B65568D0266578D4366588DF46672
:1025D000598D6D675A8D21685B8D97685C8DCB69CD
:1025E0005D8D5F6C5E8D2A6D5F8D696D608D2F6E68
:1025F000618D9D6E628D3275638D8776648D6C788A
:10260000658D3F7A668DE07C678D057D688D187DD0
:10261000698D5E7D6A8DB17D6B8D15806C8D0380BB
:102620006D8DAF806E8DB1806F8D5481708D8F8177
:10263000718D2A82728D5283738D4C88748D61885E
:10264000758D1B8B768DA28C778DFC8C788DCA90C6
:10265000798D75917A8D71927B8D3F787C8DFC920E
:102660007D8DA4957E8D4D96808D0598818D99994F
:10267000828DD89A838D3B9D848D5B52858DAB5224
:10268000868DF753878D0854888DD558898DF762CC
:102690008A8DE06F8B8D6A8C8C8D5F8F8D8DB99E4E
:1026A0008E8D4B518F8D3B52908D4A54918DFD569E
:1026B000928D407A938D7791948D609D958DD29E69
:1026C000968D4473978D096F988D7081998D1175D2
:1026D0009A8DFD5F9B8DDA609C8DA89A9D8DDB7233
:1026E0009E8DBC8F9F8D646BA08D0398A18DCA4E6B
:1026F000A28DF056A38D6457A48DBE58A58D5A5A4D
:10270000A68D6860A78DC761A88D0F66A98D066626
:10271000AA8D3968AB8DB168AC8DF76DAD8DD5756F
:10272000AE8D3A7DAF8D6E82B08D429BB18D9B4E4A
:10273000B28D504FB38DC953B48D0655B58D6F5DB5
:10274000B68DE65DB78DEE5DB88DFB67B98D996C82
:10275000BA8D7374BB8D0278BC8D508ABD8D9693F3
:10276000BE8DDF88BF8D5057C08DA75EC18D2B6396
:10277000C28DB550C38DAC50C48D8D51C58D0067D1
:10278000C68DC954C78D5E58C88DBB59C98DB05B05
:10279000CA8D695FCB8D4D62CC8DA163CD8D3D68B7
:1027A000CE8D736BCF8D086ED08D7D70D18DC7911E
:1027B000D28D8072D38D1578D48D2678D58D6D7994
:1027C000D68D8E65D78D307DD88DDC83D98DC1882F
:1027D000DA8D098FDB8D9B96DC8D6452DD8D285759
:1027E000DE8D5067DF8D6A7FE08DA18CE18DB45165
:1027F000E28D4257E38D2A96E48D3A58E58D8A6939
:10280000E68DB480E78DB254E88D0E5DE98DFC57FE
:10281000EA8D9578EB8DFA9DEC8D5C4FED8D4A52EB
:10282000EE8D8B54EF8D3E64F08D2866F18D14672C
:10283000F28DF567F38D847AF48D567BF58D227DCC
:10284000F68D2F93F78D5C68F88DAD9BF98D397BF4
:10285000FA8D1953FB8D8A51FC8D3752408EDF5B08
:10286000418EF662428EAE64438EE664448E2D67DE
:10287000458EBA6B468EA985478ED196488E907646
:10288000498ED69B4A8E4C634B8E06934C8EAB9BE7
:102890004D8EBF764E8E52664F8E094E508E98509A
:1028A000518EC253528E715C538EE860548E926486
:1028B000558E6365568E5F68578EE671588ECA7363
:1028C000598E23755A8E977B5B8E827E5C8E9586A1
:1028D0005D8E838B5E8EDB8C5F8E7891608E10991F
:1028E000618EAC65628EAB66638E8B6B648ED54EEB
:1028F000658ED44E668E3A4F678E7F4F688E3A5201
:10290000698EF8536A8EF2536B8EE3556C8EDB56EC
:102910006D8EEB586E8ECB596F8EC959708EFF59E4
:10292000718E505B728E4D5C738E025E748E2B5E68
:10293000758ED75F768E1D60778E0763788E2F65D4
:10294000798E5C5B7A8EAF657B8EBD657C8EE8652B
:102950007D8E9D677E8E626B808E7B6B818E0F6C11
:10296000828E4573838E4979848EC179858EF87CF9
:10297000868E197D878E2B7D888EA280898E02811E
:102980008A8EF3818B8E96898C8E5E8A8D8E698A73
:102990008E8E668A8F8E8C8A908EEE8A918EC78CF0
:1029A000928EDC8C938ECC96948EFC98958E6F6B69
:1029B000968E8B4E978E3C4F988E8D4F998E5051A0
:1029C0009A8E575B9B8EFA5B9C8E48619D8E01634D
:1029D0009E8E42669F8E216BA08ECB6EA18EBB6CAD
:1029E000A28E3E72A38EBD74A48ED475A58EC178BE
:1029F000A68E3A79A78E0C80A88E3380A98EEA81A4
:102A0000AA8E9484AB8E9E8FAC8E506CAD8E7F9EC2
:102A1000AE8E0F5FAF8E588BB08E2B9DB18EFA7A33
:102A2000B28EF88EB38E8D5BB48EEB96B58E034E60
:102A3000B68EF153B78EF757B88E3159B98EC95A41
:102A4000BA8EA45BBB8E8960BC8E7F6EBD8E066F16
:102A5000BE8EBE75BF8EEA8CC08E9F5BC18E008518
:102A6000C28EE07BC38E7250C48EF467C58E9D8289
:102A7000C68E615CC78E4A85C88E1E7EC98E0E8248
:102A8000CA8E9951CB8E045CCC8E6863CD8E668DD8
:102A9000CE8E9C65CF8E6E71D08E3E79D18E177D95
:102AA000D28E0580D38E1D8BD48ECA8ED58E6E901D
:102AB000D68EC786D78EAA90D88E1F50D98EFA523E
:102AC000DA8E3A5CDB8E5367DC8E7C70DD8E35727D
:102AD000DE8E4C91DF8EC891E08E2B93E18EE582E5
:102AE000E28EC25BE38E315FE48EF960E58E3B4E91
:102AF000E68ED653E78E885BE88E4B62E98E3167AF
:102B0000EA8E8A6BEB8EE972EC8EE073ED8E2E7A94
:102B1000EE8E6B81EF8EA38DF08E5291F18E969991
:102B2000F28E1251F38ED753F48E6A54F58EFF5BFA
:102B3000F68E8863F78E396AF88EAC7DF98E009731
:102B4000FA8EDA56FB8ECE53FC8E6854408F975B1C
:102B5000418F315C428FDE5D438FEE4F448F0161C8
:102B6000458FFE62468F326D478FC079488FCB7993
:102B7000498F427D4A8F4D7E4B8FD27F4C8FED81A6
:102B80004D8F1F824E8F90844F8F4688508F728951
:102B9000518F908B528F748E538F2F8F548F319013
:102BA000558F4B91568F6C91578FC696588F9C912D
:102BB000598FC04E5A8F4F4F5B8F45515C8F415399
:102BC0005D8F935F5E8F0E625F8FD467608F416C05
:102BD000618F0B6E628F6373638F267E648FCD91DE
:102BE000658F8392668FD453678F1959688FBF5B47
:102BF000698FD16D6A8F5D796B8F2E7E6C8F9B7C18
:102C00006D8F7E586E8F9F716F8FFA51708F5388C2
:102C1000718FF08F728FCA4F738FFB5C748F256634
:102C2000758FAC77768FE37A778F1C82788FFF99D8
:102C3000798FC6517A8FAA5F7B8FEC657C8F6F6925
:102C40007D8F896B7E8FF36D808F966E818F646F21
:102C5000828FFE76838F147D848FE15D858F7590E2
:102C6000868F8791878F0698888FE651898F1D52AE
:102C70008A8F40628B8F91668C8FD9668D8F1A6E8A
:102C80008E8FB65E8F8FD27D908F727F918FF86618
:102C9000928FAF85938FF785948FF88A958FA9527D
:102CA000968FD953978F7359988F8F5E998F905FB6
:102CB0009A8F55609B8FE4929C8F64969D8FB7503E
:102CC0009E8F1F519F8FDD52A08F2053A18F47539E
:102CD000A28FEC53A38FE854A48F4655A58F31558E
:102CE000A68F1756A78F6859A88FBE59A98F3C5A2F
:102CF000AA8FB55BAB8F065CAC8F0F5CAD8F115CA0
:102D0000AE8F1A5CAF8F845EB08F8A5EB18FE05E4B
:102D1000B28F705FB38F7F62B48F8462B58FDB62D6
:102D2000B68F8C63B78F7763B88F0766B98F0C66E1
:102D3000BA8F2D66BB8F7666BC8F7E67BD8FA2680B
:102D4000BE8F1F6ABF8F356AC08FBC6CC18F886D04
:102D5000C28F096EC38F586EC48F3C71C58F2671A8
:102D6000C68F6771C78FC775C88F0177C98F5D78A8
:102D7000CA8F0179CB8F6579CC8FF079CD8FE07ACE
:102D8000CE8F117BCF8FA77CD08F397DD18F96804E
:102D9000D28FD683D38F8B84D48F4985D58F5D888E
:102DA000D68FF388D78F1F8AD88F3C8AD98F548AC1
:102DB000DA8F738ADB8F618CDC8FDE8CDD8FA491E0
:102DC000DE8F6692DF8F7E93E08F1894E18F9C9662
:102DD000E28F9897E38F0A4EE48F084EE58F1E4EE0
:102DE000E68F574EE78F9751E88F7052E98FCE5795
:102DF000EA8F3458EB8FCC58EC8F225BED8F385E26
:102E0000EE8FC560EF8FFE64F08F6167F18F5667BC
:102E1000F28F446DF38FB672F48F7375F58F637A0A
:102E2000F68FB884F78F728BF88FB891F98F209353
:102E3000FA8F3156FB8FF457FC8FFE984090ED626D
:102E400041900D694290966B4390ED714490547E91
:102E500045907780469072824790E6894890DF9847
:102E6000499055874A90B18F4B903B5C4C90384FBE
:102E70004D90E14F4E90B54F4F9007555090205ACE
:102E80005190DD5B5290E95B5390C35F54904E616B
:102E900055902F635690B06557904B665890EE68EA
:102EA00059909B695A90786D5B90F16D5C90337589
:102EB0005D90B9755E901F775F905E796090E6795E
:102EC0006190337D6290E3816390AF826490AA85C4
:102ED0006590AA8966903A8A6790AB8E68909B8FBE
:102EE000699032906A90DD916B9007976C90BA4E22
:102EF0006D90C14E6E9003526F9075587090EC5863
:102F000071900B5C72901A7573903D5C74904E8159
:102F100075900A8A7690C58F7790639678906D97B2
:102F20007990257B7A90CF8A7B9008987C906291EB
:102F30007D90F3567E90A8538090179081903954DD
:102F4000829082578390255E8490A8638590346C2C
:102F500086908A708790617788908B7C8990E07FDB
:102F60008A9070888B9042908C9054918D901093A1
:102F70008E9018938F908F9690905E749190C49AD3
:102F80009290075D9390695D949070659590A267AB
:102F90009690A88D9790DB9698906E63999049676C
:102FA0009A9019699B90C5839C9017989D90C096A4
:102FB0009E90FE889F90846FA0907A64A190F85BA9
:102FC000A290164EA3902C70A4905D75A5902F66CC
:102FD000A690C451A7903652A890E252A990D35916
:102FE000AA90815FAB902760AC901062AD903F6576
:102FF000AE907465AF901F66B0907466B190F26841
:10300000B2901668B390636BB490056EB59072720F
:10301000B6901F75B790DB76B890BE7CB99056809D
:10302000BA90F058BB90FD88BC907F89BD90A08A73
:10303000BE90938ABF90CB8AC0901D90C190929110
:10304000C2905297C3905997C4908965C5900E7AE3
:10305000C6900681C790BB96C8902D5EC990DC6073
:10306000CA901A62CB90A565CC901466CD909067FB
:10307000CE90F377CF904D7AD0904D7CD1903E7E1C
:10308000D2900A81D390AC8CD490648DD590E18D90
:10309000D6905F8ED790A978D8900752D990D962F0
:1030A000DA90A563DB904264DC909862DD902D8A13
:1030B000DE90837ADF90C07BE090AC8AE190EA9664
:1030C000E290767DE3900C82E4904987E590D94EBA
:1030D000E6904851E7904353E8906053E990A35B32
:1030E000EA90025CEB90165CEC90DD5DED90266260
:1030F000EE904762EF90B064F0901368F1903468FE
:10310000F290C96CF390456DF490176DF590D3670C
:10311000F6905C6FF7904E71F8907D71F990CB65E9
:10312000FA907F7AFB90AD7BFC90DA7D40914A7EED
:103130004191A87F42917A8143911B8244913982C7
:103140004591A68546916E8A4791CE8C4891F58D22
:10315000499178904A9177904B91AD924C91919290
:103160004D9183954E91AE9B4F914D525091845508
:103170005191386F529136715391685154918579BC
:103180005591557E5691B3815791CE7C58914C56AE
:10319000599151585A91A85C5B91AA635C91FE6663
:1031A0005D91FD665E915A695F91D97260918F75EC
:1031B00061918E7562910E79639156796491DF7990
:1031C0006591977C6691207D6791447D6891078623
:1031D0006991348A6A913B966B9161906C91209FC2
:1031E0006D91E7506E9175526F91CC537091E2538F
:1031F000719109507291AA557391EE5874914F597B
:1032000075913D7276918B5B7791645C78911D53DB
:103210007991E3607A91F3607B915C637C91836345
:103220007D913F637E91BB638091CD648191E9651F
:103230008291F9668391E35D8491CD698591FD6901
:103240008691156F8791E5718891894E8991E9750D
:103250008A91F8768B91937A8C91DF7C8D91CF7DDA
:103260008E919C7D8F91618090914983919158833B
:1032700092916C849391BC849491FB859591C588BF
:103280009691708D9791019098916D9099919793E7
:103290009A911C979B91129A9C91CF509D9197580F
:1032A0009E918E619F91D381A0913585A191088DCA
:1032B000A2912090A391C34FA4917450A59147521D
:1032C000A6917353A7916F60A8914963A9915F6715
:1032D000AA912C6EAB91B38DAC911F90AD91D74F4D
:1032E000AE915E5CAF91CA8CB091CF65B1919A7D81
:1032F000B2915253B3919688B4917651B591C3630C
:10330000B691585BB7916B5BB8910A5CB9910D644B
:10331000BA915167BB915C90BC91D64EBD911A5940
:10332000BE912A59BF91706CC091518AC1913E558E
:10333000C2911558C391A559C491F060C5915362CB
:10334000C691C167C7913582C8915569C9914096A8
:10335000CA91C499CB91289ACC91534FCD910658DC
:10336000CE91FE5BCF911080D091B15CD1912F5E58
:10337000D291855FD3912060D4914B61D591346215
:10338000D691FF66D791F06CD891DE6ED991CE8040
:10339000DA917F81DB91D482DC918B88DD91B88CCE
:1033A000DE910090DF912E90E0918A96E191DB9E74
:1033B000E291DB9BE391E34EE491F053E5912759D1
:1033C000E6912C7BE7918D91E8914C98E991F99DDC
:1033D000EA91DD6EEB912770EC915353ED914455DA
:1033E000EE91855BEF915862F0919E62F191D3620C
:1033F000F291A26CF391EF6FF4912274F591178A18
:10340000F6913894F791C16FF891FE8AF99138835B
:10341000FA91E751FB91F886FC91EA534092E95307
:103420004192464F429254904392B08F44926A59CF
:10343000459231814692FD5D4792EA7A4892BF8F6C
:103440004992DA684A92378C4B92F8724C92489CB7
:103450004D923D6A4E92B08A4F92394E50925853D7
:1034600051920656529266575392C5625492A26385
:103470005592E66556924E6B5792E16D58925B6E8F
:103480005992AD705A92ED775B92EF7A5C92AA7B7B
:103490005D92BB7D5E923D805F92C6806092CB86DE
:1034A0006192958A62925B936392E3566492C758E5
:1034B00065923E5F6692AD65679296666892806A95
:1034C0006992B56B6A9237756B92C78A6C92245079
:1034D0006D92E5776E9230576F921B5F70926560C8
:1034E00071927A667292606C7392F47574921A7A21
:1034F00075926E7F7692F4817792188778924590D4
:103500007992B3997A92C97B7B925C757C92F97AB5
:103510007D92517B7E92C484809210908192E97951
:103520008292927A839236838492E15A859240778E
:1035300086922D4E8792F24E8892995B8992E05F37
:103540008A92BD628B923C668C92F1678D92E86C98
:103550008E926B868F92778890923B8A91924E9151
:103560009292F3929392D0999492176A95922670C0
:1035700096922A739792E782989257849992AF8C89
:103580009A92014E9B9246519C92CB519D928B55A3
:103590009E92F55B9F92165EA092335EA192815E31
:1035A000A292145FA392355FA4926B5FA592B45F61
:1035B000A692F261A7921163A892A266A9921D67D2
:1035C000AA926E6FAB925272AC923A75AD923A7704
:1035D000AE927480AF923981B0927881B192768741
:1035E000B292BF8AB392DC8AB492858DB592F38D84
:1035F000B6929A92B7927795B8920298B992E59C52
:10360000BA92C552BB925763BC92F476BD921567CD
:10361000BE92886CBF92CD73C092C38CC192AE93A0
:10362000C2927396C392256DC4929C58C5920E693E
:10363000C692CC69C792FD8FC8929A93C992DB75E6
:10364000CA921A90CB925A58CC920268CD92B46327
:10365000CE92FB69CF92434FD0922C6FD192D86714
:10366000D292BB8FD3922685D492B47DD5925493B7
:10367000D6923F69D792706FD8926A57D992F7580D
:10368000DA922C5BDB922C7DDC922A72DD920A545A
:10369000DE92E391DF92B49DE092AD4EE1924E4F07
:1036A000E2925C50E3927550E4924352E5929E8C14
:1036B000E6924854E7922458E8929A5BE9921D5E9C
:1036C000EA92955EEB92AD5EEC92F75EED921F5F33
:1036D000EE928C60EF92B562F0923A63F192D06311
:1036E000F292AF68F392406CF4928778F5928E79FB
:1036F000F6920B7AF792E07DF8924782F992028A6D
:10370000FA92E68AFB92448EFC9213904093B89012
:1037100041932D914293D89143930E9F4493E56C2E
:10372000459358644693E264479375654893F46EF5
:10373000499384764A931B7B4B9369904C93D19326
:103740004D93BA6E4E93F2544F93B95F5093A46465
:1037500051934D8F5293ED8F5393449254937851DC
:1037600055936B58569329595793555C5893975EC8
:103770005993FB6D5A938F7E5B931C755C93BC8C45
:103780005D93E28E5E935B985F93B97060931D4F7B
:103790006193BF6B6293B16F639330756493FB96D3
:1037A00065934E51669310546793355868935758F4
:1037B0006993AC596A93605C6B93925F6C93976565
:1037C0006D935C676E93216E6F937B767093DF834E
:1037D0007193ED8C729314907393FD9074934D9349
:1037E0007593257876933A787793AA527893A65E64
:1037F00079931F577A9374597B9312607C9312507C
:103800007D935A517E93AC518093CD518193005258
:1038100082931055839354588493585885935759DD
:103820008693955B8793F65C88938B5D8993BC60E8
:103830008A9395628B932D648C9371678D93436803
:103840008E93BC688F93DF689093D7769193D86DF1
:1038500092936F6E93939B6D94936F709593C871D1
:103860009693535F9793D875989377799993497BFB
:103870009A93547B9B93527B9C93D67C9D93717DB2
:103880009E9330529F936384A0936985A193E485AE
:10389000A2930E8AA393048BA493468CA5930F8EB8
:1038A000A6930390A7930F90A8931994A993769643
:1038B000AA932D98AB93309AAC93D895AD93CD50F5
:1038C000AE93D552AF930C54B0930258B1930E5CA3
:1038D000B293A761B3939E64B4931E6DB593B3770F
:1038E000B693E57AB793F480B8930484B993539070
:1038F000BA938592BB93E05CBC93079DBD933F5305
:10390000BE93975FBF93B35FC0939C6DC193797271
:10391000C2936377C393BF79C493E47BC593D26B9F
:10392000C693EC72C793AD8AC8930368C993616A62
:10393000CA93F851CB93817ACC933469CD934A5C86
:10394000CE93F69CCF93EB82D093C55BD1934991F4
:10395000D2931E70D3937856D4936F5CD593C7607F
:10396000D6936665D7938C6CD8935A8CD993419033
:10397000DA931398DB935154DC93C766DD930D9271
:10398000DE934859DF93A390E0938551E1934D4E28
:10399000E293EA51E3939985E4930E8BE593587093
:1039A000E6937A63E7934B93E8936269E993B4995A
:1039B000EA93047EEB937775EC935753ED9360692C
:1039C000EE93DF8EEF93E396F0935D6CF1938C4E64
:1039D000F2933C5CF393105FF493E98FF5930253F9
:1039E000F693D18CF7938980F8937986F993FF5EEB
:1039F000FA93E565FB93734EFC93655140948259AD
:103A000041943F5C4294EE974394FB4E44948A5910
:103A10004594CD5F46948D8A4794E16F4894B07980
:103A2000499462794A94E75B4B9471844C942B736C
:103A30004D94B1714E94745E4F94F55F50947B63D6
:103A400051949A645294C3715394987C5494434E05
:103A50005594FC5E56944B4E5794DC575894A2569E
:103A60005994A9605A94C36F5B940D7D5C94FD805A
:103A70005D9433815E94BF815F94B28F6094978927
:103A80006194A4866294F45D63948A626494AD64E4
:103A900065948789669477676794E26C68943E6D55
:103AA000699436746A9434786B94465A6C94757F32
:103AB0006D94AD826E94AC996F94F34F7094C35E25
:103AC0007194DD62729492637394576574946F6716
:103AD0007594C37676944C727794CC807894BA803F
:103AE0007994298F7A944D917B940D507C94F95759
:103AF0007D94925A7E9485688094736981946471F0
:103B00008294FD728394B78C8494F2588594E08CEF
:103B100086946A968794199088947F878994E4792B
:103B20008A94E7778B9429848C942F4F8D946552D7
:103B30008E945A538F94CD629094CF679194CA6CAF
:103B400092947D769394947B9494957C959436820C
:103B5000969484859794EB8F9894DD669994206F62
:103B60009A9406729B941B7E9C94AB839D94C199FE
:103B70009E94A69E9F94FD51A094B17BA1947278CF
:103B8000A294B87BA3948780A494487BA594E86A08
:103B9000A694615EA7948C80A8945175A9946075D1
:103BA000AA946B51AB946292AC948C6EAD947A767D
:103BB000AE949791AF94EA9AB094104FB194707FFD
:103BC000B2949C62B3944F7BB494A595B594E99C50
:103BD000B6947A56B7945958B894E486B994BC967A
:103BE000BA94344FBB942452BC944A53BD94CD53E1
:103BF000BE94DB53BF94065EC0942C64C19491655F
:103C0000C2947F67C3943E6CC4944E6CC594487252
:103C1000C694AF72C794ED73C8945475C994417E2D
:103C2000CA942C82CB94E985CC94A98CCD94C47B86
:103C3000CE94C691CF946971D0941298D194EF9894
:103C4000D2943D63D3946966D4946A75D594E4762E
:103C5000D694D078D7944385D894EE86D9942A53B5
:103C6000DA945153DB942654DC948359DD94875EB7
:103C7000DE947C5FDF94B260E0944962E194796203
:103C8000E294AB62E3949065E494D46BE594CC6CDD
:103C9000E694B275E794AE76E8949178E994D87991
:103CA000EA94CB7DEB94777FEC94A580ED94AB8880
:103CB000EE94B98AEF94BB8CF0947F90F1945E9768
:103CC000F294DB98F3940B6AF494387CF594995051
:103CD000F6943E5CF794AE5FF8948767F994D86BDE
:103CE000FA943574FB940977FC948E7F40953B9F42
:103CF0004195CA674295177A4395395344958B7518
:103D00004595ED9A4695665F47959D814895F18367
:103D1000499598804A953C5F4B95C55F4C95627577
:103D20004D95467B4E953C904F9567685095EB5965
:103D300051959B5A5295107D53957E7654952C8BB8
:103D40005595F54F56956A5F5795196A5895376C92
:103D50005995026F5A95E2745B9568795C9568880D
:103D60005D95558A5E95798C5F95DF5E6095CF6332
:103D70006195C5756295D2796395D78264952893CC
:103D80006595F29266959C846795ED8668952D9C65
:103D90006995C1546A956C5F6B958C656C955C6D8B
:103DA0006D9515706E95A78C6F95D38C70953B981B
:103DB00071954F657295F67473950D4E7495D84E46
:103DC0007595E05776952B597795665A7895CC5B23
:103DD0007995A8517A95035E7B959C5E7C951660DB
:103DE0007D9576627E9577658095A76581956E66EF
:103DF00082956E6D839536728495267B859550816C
:103E000086959A818795998288955C8B8995A08CF7
:103E10008A95E68C8B95748D8C951C968D95449621
:103E20008E95AE4F8F95AB649095666B91951E8283
:103E30009295618493956A859495E8909595015C37
:103E4000969553699795A89898957A8499955785EA
:103E50009A950F4F9B956F529C95A95F9D95455ED6
:103E60009E950D679F958F79A0957981A19507897A
:103E7000A2958689A395F56DA495175FA5955562C2
:103E8000A695B86CA795CF4EA8956972A995929BF7
:103E9000AA950652AB953B54AC957456AD95B35864
:103EA000AE95A461AF956E62B0951A71B1956E59D9
:103EB000B295897CB395DE7CB4951B7DB595F09663
:103EC000B6958765B7955E80B895194EB995754FCB
:103ED000BA957551BB954058BC95635EBD95735EB0
:103EE000BE950A5FBF95C467C095264EC1953D85B6
:103EF000C2958995C3955B96C495737CC5950198C9
:103F0000C695FB50C795C158C8955676C995A778F0
:103F1000CA952552CB95A577CC951185CD95867BF5
:103F2000CE954F50CF950959D0954772D195C77B03
:103F3000D295E87DD395BA8FD495D48FD5954D90F1
:103F4000D695BF4FD795C952D895295AD995015FB3
:103F5000DA95AD97DB95DD4FDC951782DD95EA921A
:103F6000DE950357DF955563E095696BE1952B75F9
:103F7000E295DC88E395148FE495427AE595DF526B
:103F8000E6959358E7955561E8950A62E995AE661E
:103F9000EA95CD6BEB953F7CEC95E983ED9523504D
:103FA000EE95F84FEF950553F0954654F19531583D
:103FB000F2954959F3959D5BF495F05CF595EF5CAE
:103FC000F695295DF795965EF895B162F995676368
:103FD000FA953E65FB95B965FC950B674096D56CE7
:103FE0004196E16C4296F9704396327844962B7E66
:103FF0004596DE804696B38247960C844896EC84BC
:10400000499602874A9612894B962A8A4C964A8C80
:104010004D96A6904E96D2924F96FD985096F39C50
:1040200051966C9D52964F4E5396A14E54968D507C
:104030005596565256964A575796A85958963D5EE9
:104040005996D85F5A96D95F5B963F625C96B46684
:104050005D961B675E96D0675F96D26860969251B8
:104060006196217D6296AA806396A8816496008BF2
:1040700065968C8C6696BF8C67967E926896329613
:10408000699620546A962C986B9617536C96D55067
:104090006D965C536E96A8586F96B26470963467AE
:1040A00071966772729666777396467A7496E69101
:1040B0007596C3527696A16C7796866B7896005863
:1040C00079964C5E7A9654597B962C677C96FB7F4A
:1040D0007D96E1517E96C676809669648196E878F1
:1040E0008296549B8396BB9E8496CB578596B959EE
:1040F0008696276687969A678896CE6B8996E95446
:104100008A96D9698B96555E8C969C818D9695671B
:104110008E96AA9B8F96FE679096529C91965D68AC
:104120009296A64E9396E34F9496C8539596B9628D
:1041300096962B679796AB6C9896C48F9996AD4FD1
:104140009A966D7E9B96BF9E9C96074E9D96626149
:104150009E96806E9F962B6FA0961385A1967354A2
:10416000A2962A67A396459BA496F35DA596957B98
:10417000A696AC5CA796C65BA8961C87A9964A6EC5
:10418000AA96D184AB96147AAC960881AD969959CB
:10419000AE968D7CAF96116CB0962077B196D952C1
:1041A000B2962259B3962171B4965F72B596DB77B9
:1041B000B6962797B796619DB8960B69B9967F5AC0
:1041C000BA96185ABB96A551BC960D54BD967D540F
:1041D000BE960E66BF96DF76C096F78FC196989210
:1041E000C296F49CC396EA59C4965D72C596C56E94
:1041F000C6964D51C796C968C896BF7DC996EC7DD5
:10420000CA966297CB96BA9ECC967864CD96216A70
:10421000CE960283CF968459D0965F5BD196DB6BA6
:10422000D2961B73D396F276D496B27DD59617802C
:10423000D6969984D7963251D8962867D996D99E22
:10424000DA96EE76DB966267DC96FF52DD9605998C
:10425000DE96245CDF963B62E0967E7CE196B08C35
:10426000E2964F55E396B660E4960B7DE596809511
:10427000E6960153E7965F4EE896B651E9961C59CB
:10428000EA963A72EB963680EC96CE91ED96255FE3
:10429000EE96E277EF968453F096795FF196047D7F
:1042A000F296AC85F396338AF4968D8EF5965697F2
:1042B000F696F367F796AE85F8965394F9960961EA
:1042C000FA960861FB96B96CFC9652764097ED8A97
:1042D0004197388F42972F554397514F44972A5112
:1042E0004597C7524697CB534797A55B48977D5E46
:1042F0004997A0604A9782614B97D6634C970967AC
:104300004D97DA674E97676E4F978C6D509736735F
:104310005197377352973175539750795497D58881
:104320005597988A56974A90579791905897F59035
:104330005997C4965A978D875B9715595C97884E05
:104340005D97594F5E970E4E5F97898A60973F8FB2
:10435000619710986297AD5063977C5E6497965909
:104360006597B95B6697B85E6797DA636897FA6393
:104370006997C1646A97DC666B974A696C97D869DC
:104380006D970B6D6E97B66E6F97947170972875D9
:104390007197AF7A72978A7F739700807497498478
:1043A0007597C984769781897797218B78970A8E3C
:1043B000799765907A977D967B970A997C977E612D
:1043C0007D9791627E97326B8097836C8197746D35
:1043D0008297CC7F8397FC7F8497C06D8597857F7C
:1043E0008697BA878797F888889765678997B18392
:1043F0008A973C988B97F7968C971B6D8D97617D6C
:104400008E973D848F976A919097714E91977553CF
:104410009297505D9397046B9497EB6F9597CD852A
:1044200096972D869797A7899897295299970F5411
:104430009A97655C9B974E679C97A8689D970674B2
:104440009E9783749F97E275A097CF88A197E18884
:10445000A297CC91A397E296A4977896A5978B5FA5
:10446000A6978773A797CB7AA8974E84A997A0633E
:10447000AA976575AB978952AC97416DAD979C6EC5
:10448000AE970974AF975975B0976B78B197927CD6
:10449000B2978696B397DC7AB4978D9FB597B64F4F
:1044A000B6976E61B797C565B8975C86B997864E23
:1044B000BA97AE4EBB97DA50BC97214EBD97CC5100
:1044C000BE97EE5BBF979965C0978168C197BC6D39
:1044D000C2971F73C3974276C497AD77C5971C7A6E
:1044E000C697E77CC7976F82C897D28AC9977C9096
:1044F000CA97CF91CB977596CC971898CD979B522A
:10450000CE97D17DCF972B50D0979853D19797675F
:10451000D297CB6DD397D071D4973374D597E88168
:10452000D6972A8FD797A396D897579CD9979F9EAF
:10453000DA976074DB974158DC97996DDD972F7D92
:10454000DE975E98DF97E44EE097364FE1978B4F0A
:10455000E297B751E397B152E497BA5DE5971C60D3
:10456000E697B273E7973C79E897D382E99734925C
:10457000EA97B796EB97F696EC970A97ED97979E82
:10458000EE97629FEF97A666F097746BF1971752BC
:10459000F297A352F397C870F497C288F597C95E53
:1045A000F6974B60F7979061F897236FF9974971E9
:1045B000FA973E7CFB97F47DFC976F804098EE84E1
:1045C0004198239042982C934398425444986F9B6F
:1045D0004598D36A469889704798C28C4898EF8D61
:1045E000499832974A98B4524B98415A4C98CA5EAF
:1045F0004D98045F4E9817674F987C69509894695E
:1046000051986A6D52980F6F539862725498FC7269
:104610005598ED7B5698018057987E8058984B8727
:104620005998CE905A986D515B98939E5C98847976
:104630005D988B805E9832935F98D68A60982D50F3
:1046400061988C546298718A63986A6B6498C48C80
:10465000659807816698D1606798A0676898F29D11
:104660006998994E6A98984E6B98109C6C986B8AD2
:104670006D98C1856E9868856F98006970987E6E98
:1046800071989778729855819F980C5FA098104EFA
:10469000A198154EA2982A4EA398314EA498364E52
:1046A000A5983C4EA6983F4EA798424EA898564EC5
:1046B000A998584EAA98824EAB98854EAC986B8CB0
:1046C000AD988A4EAE981282AF980D5FB0988E4E1C
:1046D000B1989E4EB2989F4EB398A04EB498A24EF9
:1046E000B598B04EB698B34EB798B64EB898CE4E71
:1046F000B998CD4EBA98C44EBB98C64EBC98C24E1F
:10470000BD98D74EBE98DE4EBF98ED4EC098DF4E96
:10471000C198F74EC298094FC3985A4FC498304F6A
:10472000C5985B4FC6985D4FC798574FC898474F7D
:10473000C998764FCA98884FCB988F4FCC98984F8E
:10474000CD987B4FCE98694FCF98704FD098914FAE
:10475000D1986F4FD298864FD398964FD4981851CE
:10476000D598D44FD698DF4FD798CE4FD898D84FFA
:10477000D998DB4FDA98D14FDB98DA4FDC98D04FDD
:10478000DD98E44FDE98E54FDF981A50E098285006
:10479000E1981450E2982A50E3982550E498055087
:1047A000E5981C4FE698F64FE7982150E898295075
:1047B000E9982C50EA98FE4FEB98EF4FEC98115087
:1047C000ED980650EE984350EF984750F0980367E5
:1047D000F1985550F2985050F3984850F4985A5028
:1047E000F5985650F6986C50F7987850F898805095
:1047F000F9989A50FA988550FB98B450FC98B250AA
:104800004099C9504199CA504299B3504399C250F6
:104810004499D6504599DE504699E5504799ED5058
:104820004899E3504999EE504A99F9504B99F550FF
:104830004C9909514D9901514E9902514F99165178
:10484000509915515199145152991A515399215116
:1048500054993A515599375156993C5157993B5172
:1048600058993F51599940515A9952515B994C511D
:104870005C9954515D9962515E99F87A5F996951DA
:1048800060996A5161996E51629980516399825120
:104890006499D85665998C516699895167998F5159
:1048A00068999151699993516A9995516B9996516B
:1048B0006C99A4516D99A6516E99A2516F99A95105
:1048C0007099AA517199AB517299B3517399B151C1
:1048D0007499B2517599B0517699B5517799BD5186
:1048E0007899C5517999C9517A99DB517B99E051F1
:1048F0007C9955867D99E9517E99ED518099F051C9
:104900008199F5518299FE518399045284990B52F1
:104910008599145286990E528799275288992A525E
:1049200089992E528A9933528B9939528C994F52C8
:104930008D9944528E994B528F994C5290995E5258
:104940009199545292996A529399745294996952D6
:104950009599735296997F5297997D5298998D5255
:10496000999994529A9992529B9971529C99885212
:104970009D9991529E99A88F9F99A78FA099AC520B
:10498000A199AD52A299BC52A399B552A499C15212
:10499000A599CD52A699D752A799DE52A899E3526C
:1049A000A999E652AA99ED98AB99E052AC99F352C5
:1049B000AD99F552AE99F852AF99F952B0990653A4
:1049C000B1990853B2993875B3990D53B4991053EE
:1049D000B5990F53B6991553B7991A53B8992353EC
:1049E000B9992F53BA993153BB993353BC99385362
:1049F000BD994053BE994653BF994553C099174E30
:104A0000C1994953C2994D53C399D651C4995E5324
:104A1000C5996953C6996E53C7991859C8997B535C
:104A2000C9997753CA998253CB999653CC99A0537D
:104A3000CD99A653CE99A553CF99AE53D099B053E3
:104A4000D199B653D299C353D399127CD499D9969C
:104A5000D599DF53D699FC66D799EE71D899EE5364
:104A6000D999E853DA99ED53DB99FA53DC9901545B
:104A7000DD993D54DE994054DF992C54E0992D5432
:104A8000E1993C54E2992E54E3993654E49929541F
:104A9000E5991D54E6994E54E7998F54E899755459
:104AA000E9998E54EA995F54EB997154EC997754D3
:104AB000ED997054EE999254EF997B54F09980548B
:104AC000F1997654F2998454F3999054F499865458
:104AD000F599C754F699A254F799B854F899A55482
:104AE000F999AC54FA99C454FB99C854FC99A85448
:104AF000409AAB54419AC254429AA454439ABE5429
:104B0000449ABC54459AD854469AE554479AE65478
:104B1000489A0F55499A14554A9AFD544B9AEE54A7
:104B20004C9AED544D9AFA544E9AE2544F9A395594
:104B3000509A4055519A6355529A4C55539A2E5556
:104B4000549A5C55559A4555569A5655579A575505
:104B5000589A3855599A33555A9A5D555B9A9955D2
:104B60005C9A80555D9AAF545E9A8A555F9A9F55BC
:104B7000609A7B55619A7E55629A9855639A9E55C4
:104B8000649AAE55659A7C55669A8355679AA9557D
:104B9000689A8755699AA8556A9ADA556B9AC555E5
:104BA0006C9ADF556D9AC4556E9ADC556F9AE45530
:104BB000709AD455719A1456729AF755739A16567C
:104BC000749AFE55759AFD55769A1B56779AF95543
:104BD000789A4E56799A50567A9ADF717B9A345663
:104BE0007C9A36567D9A32567E9A3856809A6B5603
:104BF000819A6456829A2F56839A6C56849A6A5682
:104C0000859A8656869A8056879A8A56889AA0569A
:104C1000899A94568A9A8F568B9AA5568C9AAE5634
:104C20008D9AB6568E9AB4568F9AC256909ABC56A2
:104C3000919AC156929AC356939AC056949AC8565E
:104C4000959ACE56969AD156979AD356989AD75601
:104C5000999AEE569A9AF9569B9A00579C9AFF5643
:104C60009D9A04579E9A09579F9A0857A09A0B57E6
:104C7000A19A0D57A29A1357A39A1857A49A165798
:104C8000A59AC755A69A1C57A79A2657A89A375788
:104C9000A99A3857AA9A4E57AB9A3B57AC9A4057A5
:104CA000AD9A4F57AE9A6957AF9AC057B09A885786
:104CB000B19A6157B29A7F57B39A8957B49A93576A
:104CC000B59AA057B69AB357B79AA457B89AAA57A5
:104CD000B99AB057BA9AC357BB9AC657BC9AD45719
:104CE000BD9AD257BE9AD357BF9A0A58C09AD65780
:104CF000C19AE357C29A0B58C39A1958C49A1D58BF
:104D0000C59A7258C69A2158C79A6258C89A4B5881
:104D1000C99A7058CA9AC06BCB9A5258CC9A3D58CF
:104D2000CD9A7958CE9A8558CF9AB958D09A9F582B
:104D3000D19AAB58D29ABA58D39ADE58D49ABB5863
:104D4000D59AB858D69AAE58D79AC558D89AD35843
:104D5000D99AD158DA9AD758DB9AD958DC9AD858C8
:104D6000DD9AE558DE9ADC58DF9AE458E09ADF587D
:104D7000E19AEF58E29AFA58E39AF958E49AFB5804
:104D8000E59AFC58E69AFD58E79A0259E89A0A59BA
:104D9000E99A1059EA9A1B59EB9AA668EC9A255998
:104DA000ED9A2C59EE9A2D59EF9A3259F09A3859BA
:104DB000F19A3E59F29AD27AF39A5559F49A505987
:104DC000F59A4E59F69A5A59F79A5859F89A6259DB
:104DD000F99A6059FA9A6759FB9A6C59FC9A695981
:104DE000409B7859419B8159429B9D59439B5E4F03
:104DF000449BAB4F459BA359469BB259479BC65911
:104E0000489BE859499BDC594A9B8D594B9BD95982
:104E10004C9BDA594D9B255A4E9B1F5A4F9B115A5A
:104E2000509B1C5A519B095A529B1A5A539B405AE9
:104E3000549B6C5A559B495A569B355A579B365A28
:104E4000589B625A599B6A5A5A9B9A5A5B9BBC5A06
:104E50005C9BBE5A5D9BCB5A5E9BC25A5F9BBD5A00
:104E6000609BE35A619BD75A629BE65A639BE95A5F
:104E7000649BD65A659BFA5A669BFB5A679B0C5BF0
:104E8000689B0B5B699B165B6A9B325B6B9BD05A82
:104E90006C9B2A5B6D9B365B6E9B3E5B6F9B435BA3
:104EA000709B455B719B405B729B515B739B555B39
:104EB000749B5A5B759B5B5B769B655B779B695BC1
:104EC000789B705B799B735B7A9B755B7B9B785B54
:104ED0007C9B88657D9B7A5B7E9B805B809B835BF4
:104EE000819BA65B829BB85B839BC35B849BC75BF8
:104EF000859BC95B869BD45B879BD05B889BE45B6F
:104F0000899BE65B8A9BE25B8B9BDE5B8C9BE55B14
:104F10008D9BEB5B8E9BF05B8F9BF65B909BF35BBB
:104F2000919B055C929B075C939B085C949B0D5C3A
:104F3000959B135C969B205C979B225C989B285CBE
:104F4000999B385C9A9B395C9B9B415C9C9B465C23
:104F50009D9B4E5C9E9B535C9F9B505CA09B4F5CBB
:104F6000A19B715BA29B6C5CA39B6E5CA49B624E3D
:104F7000A59B765CA69B795CA79B8C5CA89B915CAF
:104F8000A99B945CAA9B9B59AB9BAB5CAC9BBB5C09
:104F9000AD9BB65CAE9BBC5CAF9BB75CB09BC55C8D
:104FA000B19BBE5CB29BC75CB39BD95CB49BE95C14
:104FB000B59BFD5CB69BFA5CB79BED5CB89B8C5DCA
:104FC000B99BEA5CBA9B0B5DBB9B155DBC9B175DF7
:104FD000BD9B5C5DBE9B1F5DBF9B1B5DC09B115D50
:104FE000C19B145DC29B225DC39B1A5DC49B195D6E
:104FF000C59B185DC69B4C5DC79B525DC89B4E5DB3
:10500000C99B4B5DCA9B6C5DCB9B735DCC9B765DF6
:10501000CD9B875DCE9B845DCF9B825DD09BA25D47
:10502000D19B9D5DD29BAC5DD39BAE5DD49BBD5DA2
:10503000D59B905DD69BB75DD79BBC5DD89BC95D6A
:10504000D99BCD5DDA9BD35DDB9BD25DDC9BD65DCE
:10505000DD9BDB5DDE9BEB5DDF9BF25DE09BF55D49
:10506000E19B0B5EE29B1A5EE39B195EE49B115E83
:10507000E59B1B5EE69B365EE79B375EE89B445EE6
:10508000E99B435EEA9B405EEB9B4E5EEC9B575E6A
:10509000ED9B545EEE9B5F5EEF9B625EF09B645EF9
:1050A000F19B475EF29B755EF39B765EF49B7A5EA6
:1050B000F59BBC9EF69B7F5EF79BA05EF89BC15E56
:1050C000F99BC25EFA9BC85EFB9BD05EFC9BCF5EE9
:1050D000409CD65E419CE35E429CDD5E439CDA5E72
:1050E000449CDB5E459CE25E469CE15E479CE85E3C
:1050F000489CE95E499CEC5E4A9CF15E4B9CF35EE9
:105100004C9CF05E4D9CF45E4E9CF85E4F9CFE5EA7
:10511000509C035F519C095F529C5D5F539C5C5F98
:10512000549C0B5F559C115F569C165F579C295FE2
:10513000589C2D5F599C385F5A9C415F5B9C485F2F
:105140005C9C4C5F5D9C4E5F5E9C2F5F5F9C515FE3
:10515000609C565F619C575F629C595F639C615F76
:10516000649C6D5F659C735F669C775F679C835FE3
:10517000689C825F699C7F5F6A9C8A5F6B9C885F8A
:105180006C9C915F6D9C875F6E9C9E5F6F9C995F2E
:10519000709C985F719CA05F729CA85F739CAD5FD0
:1051A000749CBC5F759CD65F769CFB5F779CE45FCC
:1051B000789CF85F799CF15F7A9CDD5F7B9CB360A3
:1051C0007C9CFF5F7D9C21607E9C6060809C196060
:1051D000819C1060829C2960839C0E60849C31605D
:1051E000859C1B60869C1560879C2B60889C266034
:1051F000899C0F608A9C3A608B9C5A608C9C4160B1
:105200008D9C6A608E9C77608F9C5F60909C4A60EA
:10521000919C4660929C4D60939C6360949C43601B
:10522000959C6460969C4260979C6C60989C6B60B7
:10523000999C59609A9C81609B9C8D609C9CE760C6
:105240009D9C83609E9C9A609F9C8460A09C9B60B8
:10525000A19C9660A29C9760A39C9260A49CA7606E
:10526000A59C8B60A69CE160A79CB860A89CE060B0
:10527000A99CD360AA9CB460AB9CF05FAC9CBD6061
:10528000AD9CC660AE9CB560AF9CD860B09C4D61D3
:10529000B19C1561B29C0661B39CF660B49CF7604A
:1052A000B59C0061B69CF460B79CFA60B89C036141
:1052B000B99C2161BA9CFB60BB9CF160BC9C0D61F8
:1052C000BD9C0E61BE9C4761BF9C3E61C09C286135
:1052D000C19C2761C29C4A61C39C3F61C49C3C61E4
:1052E000C59C2C61C69C3461C79C3D61C89C4261D1
:1052F000C99C4461CA9C7361CB9C7761CC9C58610A
:10530000CD9C5961CE9C5A61CF9C6B61D09C7461DD
:10531000D19C6F61D29C6561D39C7161D49C5F61AB
:10532000D59C5D61D69C5361D79C7561D89C996171
:10533000D99C9661DA9C8761DB9CAC61DC9C9461B2
:10534000DD9C9A61DE9C8A61DF9C9161E09CAB618F
:10535000E19CAE61E29CCC61E39CCA61E49CC961C2
:10536000E59CF761E69CC861E79CC361E89CC66167
:10537000E99CBA61EA9CCB61EB9C797FEC9CCD61A6
:10538000ED9CE661EE9CE361EF9CF661F09CFA61B6
:10539000F19CF461F29CFF61F39CFD61F49CFC6163
:1053A000F59CFE61F69C0062F79C0862F89C09621D
:1053B000F99C0D62FA9C0C62FB9C1462FC9C1B62C3
:1053C000409D1E62419D2162429D2A62439D2E6244
:1053D000449D3062459D3262469D3362479D4162E5
:1053E000489D4E62499D5E624A9D63624B9D5B6231
:1053F0004C9D60624D9D68624E9D7C624F9D8262B5
:10540000509D8962519D7E62529D9262539D93622E
:10541000549D9662559DD462569D8362579D9462B9
:10542000589DD762599DD1625A9DBB625B9DCF62E8
:105430005C9DFF625D9DC6625E9DD4645F9DC86297
:10544000609DDC62619DCC62629DCA62639DC262A6
:10545000649DC762659D9B62669DC962679D0C6382
:10546000689DEE62699DF1626A9D27636B9D026390
:105470006C9D08636D9DEF626E9DF5626F9D50633C
:10548000709D3E63719D4D63729D1C64739D4F635F
:10549000749D9663759D8E63769D8063779DAB63E7
:1054A000789D7663799DA3637A9D8F637B9D8963E5
:1054B0007C9D9F637D9DB5637E9D6B63809D6963CD
:1054C000819DBE63829DE963839DC063849DC663A5
:1054D000859DE363869DC963879DD263889DF6633E
:1054E000899DC4638A9D16648B9D34648C9D06647B
:1054F0008D9D13648E9D26648F9D3664909D1D65E1
:10550000919D1764929D2864939D0F64949D676498
:10551000959D6F64969D7664979D4E64989D2A65CF
:10552000999D95649A9D93649B9DA5649C9DA96497
:105530009D9D88649E9DBC649F9DDA64A09DD264FD
:10554000A19DC564A29DC764A39DBB64A49DD864AE
:10555000A59DC264A69DF164A79DE764A89D0982EC
:10556000A99DE064AA9DE164AB9DAC62AC9DE3643F
:10557000AD9DEF64AE9D2C65AF9DF664B09DF46467
:10558000B19DF264B29DFA64B39D0065B49DFD6463
:10559000B59D1865B69D1C65B79D0565B89D2465CC
:1055A000B99D2365BA9D2B65BB9D3465BC9D356552
:1055B000BD9D3765BE9D3665BF9D3865C09D4B75E9
:1055C000C19D4865C29D5665C39D5565C49D4D6589
:1055D000C59D5865C69D5E65C79D5D65C89D726524
:1055E000C99D7865CA9D8265CB9D8365CC9D8A8B5C
:1055F000CD9D9B65CE9D9F65CF9DAB65D09DB765CD
:10560000D19DC365D29DC665D39DC165D49DC4653A
:10561000D59DCC65D69DD265D79DDB65D89DD965D6
:10562000D99DE065DA9DE165DB9DF165DC9D7267E2
:10563000DD9D0A66DE9D0366DF9DFB65E09D736769
:10564000E19D3566E29D3666E39D3466E49D1C6609
:10565000E59D4F66E69D4466E79D4966E89D416687
:10566000E99D5E66EA9D5D66EB9D6466EC9D6766FE
:10567000ED9D6866EE9D5F66EF9D6266F09D7066CB
:10568000F19D8366F29D8866F39D8E66F49D896622
:10569000F59D8466F69D9866F79D9D66F89DC166AA
:1056A000F99DB966FA9DC966FB9DBE66FC9DBC6608
:1056B000409EC466419EB866429ED666439EDA66A8
:1056C000449EE066459E3F66469EE666479EE966C6
:1056D000489EF066499EF5664A9EF7664B9E0F67A8
:1056E0004C9E16674D9E1E674E9E26674F9E2767EF
:1056F000509E3897519E2E67529E3F67539E366745
:10570000549E4167559E3867569E3767579E466739
:10571000589E5E67599E60675A9E59675B9E636795
:105720005C9E64675D9E89675E9E70675F9EA967E9
:10573000609E7C67619E6A67629E8C67639E8B67D2
:10574000649EA667659EA167669E8567679EB7672C
:10575000689EEF67699EB4676A9EEC676B9EB3674D
:105760006C9EE9676D9EB8676E9EE4676F9EDE670C
:10577000709EDD67719EE267729EEE67739EB967E9
:10578000749ECE67759EC667769EE767779E9C6A15
:10579000789E1E68799E46687A9E29687B9E40683E
:1057A0007C9E4D687D9E32687E9E4E68809EB3686A
:1057B000819E2B68829E5968839E6368849E776869
:1057C000859E7F68869E9F68879E8F68889EAD684D
:1057D000899E94688A9E9D688B9E9B688C9E836838
:1057E0008D9EAE6A8E9EB9688F9E7468909EB568D5
:1057F000919EA068929EBA68939E0F69949E8D6850
:10580000959E7E68969E0169979ECA68989E0869D3
:10581000999ED8689A9E22699B9E26699C9EE16803
:105820009D9E0C699E9ECD689F9ED468A09EE76851
:10583000A19ED568A29E3669A39E1269A49E0469A2
:10584000A59ED768A69EE368A79E2569A89EF968CD
:10585000A99EE068AA9EEF68AB9E2869AC9E2A6963
:10586000AD9E1A69AE9E2369AF9E2169B09EC6683F
:10587000B19E7969B29E7769B39E5C69B49E78697E
:10588000B59E6B69B69E5469B79E7E69B89E6E6977
:10589000B99E3969BA9E7469BB9E3D69BC9E5969BF
:1058A000BD9E3069BE9E6169BF9E5E69C09E5D6996
:1058B000C19E8169C29E6A69C39EB269C49EAE6977
:1058C000C59ED069C69EBF69C79EC169C89ED3697F
:1058D000C99EBE69CA9ECE69CB9EE85BCC9ECA6952
:1058E000CD9EDD69CE9EBB69CF9EC369D09EA76960
:1058F000D19E2E6AD29E9169D39EA069D49E9C6946
:10590000D59E9569D69EB469D79EDE69D89EE86912
:10591000D99E026ADA9E1B6ADB9EFF69DC9E0A6BD7
:10592000DD9EF969DE9EF269DF9EE769E09E056A09
:10593000E19EB169E29E1E6AE39EED69E49E146AEF
:10594000E59EEB69E69E0A6AE79E126AE89EC16AD6
:10595000E99E236AEA9E136AEB9E446AEC9E0C6AF7
:10596000ED9E726AEE9E366AEF9E786AF09E476AF6
:10597000F19E626AF29E596AF39E666AF49E486AD4
:10598000F59E386AF69E226AF79E906AF89E8D6AA6
:10599000F99EA06AFA9E846AFB9EA26AFC9EA36A94
:1059A000409F976A419F1786429FBB6A439FC36A85
:1059B000449FC26A459FB86A469FB36A479FAC6AD4
:1059C000489FDE6A499FD16A4A9FDF6A4B9FAA6A55
:1059D0004C9FDA6A4D9FEA6A4E9FFB6A4F9F056BA8
:1059E000509F1686519FFA6A529F126B539F166BF7
:1059F000549F319B559F1F6B569F386B579F376B3A
:105A0000589FDC76599F396B5A9FEE985B9F476B86
:105A10005C9F436B5D9F496B5E9F506B5F9F596BB3
:105A2000609F546B619F5B6B629F5F6B639F616B59
:105A3000649F786B659F796B669F7F6B679F806BB8
:105A4000689F846B699F836B6A9F8D6B6B9F986B5C
:105A50006C9F956B6D9F9E6B6E9FA46B6F9FAA6BE7
:105A6000709FAB6B719FAF6B729FB26B739FB16B8B
:105A7000749FB36B759FB76B769FBC6B779FC66B3C
:105A8000789FCB6B799FD36B7A9FDF6B7B9FEC6B9F
:105A90007C9FEB6B7D9FF36B7E9FEF6B809FBE9E29
:105AA000819F086C829F136C839F146C849F1B6C76
:105AB000859F246C869F236C879F5E6C889F556CA6
:105AC000899F626C8A9F6A6C8B9F826C8C9F8D6CA5
:105AD0008D9F9A6C8E9F816C8F9F9B6C909F7E6C2C
:105AE000919F686C929F736C939F926C949F906C43
:105AF000959FC46C969FF16C979FD36C989FBD6CDB
:105B0000999FD76C9A9FC56C9B9FDD6C9C9FAE6CD8
:105B10009D9FB16C9E9FBE6C9F9FBA6CA09FDB6CDB
:105B2000A19FEF6CA29FD96CA39FEA6CA49F1F6DED
:105B3000A59F4D88A69F366DA79F2B6DA89F3D6D95
:105B4000A99F386DAA9F196DAB9F356DAC9F336DC2
:105B5000AD9F126DAE9F0C6DAF9F636DB09F936D47
:105B6000B19F646DB29F5A6DB39F796DB49F596DAB
:105B7000B59F8E6DB69F956DB79FE46FB89F856D8D
:105B8000B99FF96DBA9F156EBB9F0A6EBC9FB56D2C
:105B9000BD9FC76DBE9FE66DBF9FB86DC09FC66DB0
:105BA000C19FEC6DC29FDE6DC39FCC6DC49FE86D3D
:105BB000C59FD26DC69FC56DC79FFA6DC89FD96D31
:105BC000C99FE46DCA9FD56DCB9FEA6DCC9FEE6DEA
:105BD000CD9F2D6ECE9F6E6ECF9F2E6ED09F196E75
:105BE000D19F726ED29F5F6ED39F3E6ED49F236E05
:105BF000D59F6B6ED69F2B6ED79F766ED89F4D6EBE
:105C0000D99F1F6EDA9F436EDB9F3A6EDC9F4E6E0C
:105C1000DD9F246EDE9FFF6EDF9F1D6EE09F386E5E
:105C2000E19F826EE29FAA6EE39F986EE49FC96E29
:105C3000E59FB76EE69FD36EE79FBD6EE89FAF6EA0
:105C4000E99FC46EEA9FB26EEB9FD46EEC9FD56E57
:105C5000ED9F8F6EEE9FA56EEF9FC26EF09F9F6EC1
:105C6000F19F416FF29F116FF39F4C70F49FEC6EA8
:105C7000F59FF86EF69FFE6EF79F3F6FF89FF26EEE
:105C8000F99F316FFA9FEF6EFB9F326FFC9FCC6ED6
:105C900040E03E6F41E0136F42E0F76E43E0866FF5
:105CA00044E07A6F45E0786F46E0816F47E0806FAF
:105CB00048E06F6F49E05B6F4AE0F36F4BE06D6F58
:105CC0004CE0826F4DE07C6F4EE0586F4FE08E6F7E
:105CD00050E0916F51E0C26F52E0666F53E0B36FD6
:105CE00054E0A36F55E0A16F56E0A46F57E0B96F81
:105CF00058E0C66F59E0AA6F5AE0DF6F5BE0D56FDE
:105D00005CE0EC6F5DE0D46F5EE0D86F5FE0F16F58
:105D100060E0EE6F61E0DB6F62E0097063E00B70E2
:105D200064E0FA6F65E0117066E0017067E00F7083
:105D300068E0FE6F69E01B706AE01A706BE0746FD8
:105D40006CE01D706DE018706EE01F706FE03070D9
:105D500070E03E7071E0327072E0517073E0637019
:105D600074E0997075E0927076E0AF7077E0F17052
:105D700078E0AC7079E0B8707AE0B3707BE0AE7038
:105D80007CE0DF707DE0CB707EE0DD7080E0D9707C
:105D900081E0097182E0FD7083E01C7184E019717B
:105DA00085E0657186E0557187E0887188E06671ED
:105DB00089E062718AE04C718BE056718CE06C7105
:105DC0008DE08F718EE0FB718FE0847190E09571B2
:105DD00091E0A87192E0AC7193E0D77194E0B97151
:105DE00095E0BE7196E0D27197E0C97198E0D471E8
:105DF00099E0CE719AE0E0719BE0EC719CE0E77174
:105E00009DE0F5719EE0FC719FE0F971A0E0FF71EB
:105E1000A1E00D72A2E01072A3E01B72A4E0287250
:105E2000A5E02D72A6E02C72A7E03072A8E03272D5
:105E3000A9E03B72AAE03C72ABE03F72ACE040727A
:105E4000ADE04672AEE04B72AFE05872B0E07472F3
:105E5000B1E07E72B2E08272B3E08172B4E0877228
:105E6000B5E09272B6E09672B7E0A272B8E0A7729F
:105E7000B9E0B972BAE0B272BBE0C372BCE0C672FC
:105E8000BDE0C472BEE0CE72BFE0D272C0E0E2728A
:105E9000C1E0E072C2E0E172C3E0F972C4E0F772FF
:105EA000C5E00F50C6E01773C7E00A73C8E01C7363
:105EB000C9E01673CAE01D73CBE03473CCE02F73D6
:105EC000CDE02973CEE02573CFE03E73D0E04E7372
:105ED000D1E04F73D2E0D89ED3E05773D4E06A7319
:105EE000D5E06873D6E07073D7E07873D8E0757347
:105EF000D9E07B73DAE07A73DBE0C873DCE0B3737C
:105F0000DDE0CE73DEE0BB73DFE0C073E0E0E5739D
:105F1000E1E0EE73E2E0DE73E3E0A274E4E0057436
:105F2000E5E06F74E6E02574E7E0F873E8E03274CA
:105F3000E9E03A74EAE05574EBE03F74ECE05F743A
:105F4000EDE05974EEE04174EFE05C74F0E06974E8
:105F5000F1E07074F2E06374F3E06A74F4E0767474
:105F6000F5E07E74F6E08B74F7E09E74F8E0A774B9
:105F7000F9E0CA74FAE0CF74FBE0D474FCE0F1738A
:105F800040E1E07441E1E37442E1E77443E1E97424
:105F900044E1EE7445E1F27446E1F07447E1F174D6
:105FA00048E1F87449E1F7744AE104754BE103757F
:105FB0004CE105754DE10C754EE10E754FE10D7527
:105FC00050E1157551E1137552E11E7553E12675C7
:105FD00054E12C7555E13C7556E1447557E14D751A
:105FE00058E14A7559E149755AE15B755BE14675BF
:105FF0005CE15A755DE169755EE164755FE1677545
:1060000060E16B7561E16D7562E1787563E17675EC
:1060100064E1867565E1877566E1747567E18A7587
:1060200068E1897569E182756AE194756BE19A7539
:106030006CE19D756DE1A5756EE1A3756FE1C275AB
:1060400070E1B37571E1C37572E1B57573E1BD754A
:1060500074E1B87575E1BC7576E1B17577E1CD7520
:1060600078E1CA7579E1D2757AE1D9757BE1E3759A
:106070007CE1DE757DE1FE757EE1FF7580E1FC75FA
:1060800081E1017682E1F07583E1FA7584E1F275D0
:1060900085E1F37586E10B7687E10D7688E1097677
:1060A00089E11F768AE127768BE120768CE12176E3
:1060B0008DE122768EE124768FE1347690E13076A0
:1060C00091E13B7692E1477693E1487694E146761A
:1060D00095E15C7696E1587697E1617698E1627693
:1060E00099E168769AE169769BE16A769CE1677648
:1060F0009DE16C769EE170769FE17276A0E1767606
:10610000A1E17876A2E17C76A3E18076A4E18376B2
:10611000A5E18876A6E18B76A7E18E76A8E1967652
:10612000A9E19376AAE19976ABE19A76ACE1B076F3
:10613000ADE1B476AEE1B876AFE1B976B0E1BA766A
:10614000B1E1C276B2E1CD76B3E1D676B4E1D276F2
:10615000B5E1DE76B6E1E176B7E1E576B8E1E7767E
:10616000B9E1EA76BAE12F86BBE1FB76BCE10877BC
:10617000BDE10777BEE10477BFE12977C0E124776D
:10618000C1E11E77C2E12577C3E12677C4E11B7721
:10619000C5E13777C6E13877C7E14777C8E15A7775
:1061A000C9E16877CAE16B77CBE15B77CCE16577D2
:1061B000CDE17F77CEE17E77CFE17977D0E18E7741
:1061C000D1E18B77D2E19177D3E1A077D4E19E77CB
:1061D000D5E1B077D6E1B677D7E1B977D8E1BF7727
:1061E000D9E1BC77DAE1BD77DBE1BB77DCE1C777EA
:1061F000DDE1CD77DEE1D777DFE1DA77E0E1DC776B
:10620000E1E1E377E2E1EE77E3E1FC77E4E10C78CA
:10621000E5E11278E6E12679E7E12078E8E12A79FC
:10622000E9E14578EAE18E78EBE17478ECE1867893
:10623000EDE17C78EEE19A78EFE18C78F0E1A378FB
:10624000F1E1B578F2E1AA78F3E1AF78F4E1D17841
:10625000F5E1C678F6E1CB78F7E1D478F8E1BE78DD
:10626000F9E1BC78FAE1C578FBE1CA78FCE1EC78A9
:1062700040E2E77841E2DA7842E2FD7843E2F478FE
:1062800044E2077945E2127946E2117947E2197949
:1062900048E22C7949E22B794AE240794BE2607975
:1062A0004CE257794DE25F794EE25A794FE25579E7
:1062B00050E2537951E27A7952E27F7953E28A7956
:1062C00054E29D7955E2A77956E24B9F57E2AA79AD
:1062D00058E2AE7959E2B3795AE2B9795BE2BA7918
:1062E0005CE2C9795DE2D5795EE2E7795FE2EC795B
:1062F00060E2E17961E2E37962E2087A63E20D7AD1
:1063000064E2187A65E2197A66E2207A67E21F7A17
:1063100068E2807969E2317A6AE23B7A6BE23E7A3E
:106320006CE2377A6DE2437A6EE2577A6FE2497A2D
:1063300070E2617A71E2627A72E2697A73E29D9F39
:1063400074E2707A75E2797A76E27D7A77E2887A19
:1063500078E2977A79E2957A7AE2987A7BE2967A8D
:106360007CE2A97A7DE2C87A7EE2B07A80E2B67AEF
:1063700081E2C57A82E2C47A83E2BF7A84E28390C2
:1063800085E2C77A86E2CA7A87E2CD7A88E2CF7A56
:1063900089E2D57A8AE2D37A8BE2D97A8CE2DA7A08
:1063A0008DE2DD7A8EE2E17A8FE2E27A90E2E67ABD
:1063B00091E2ED7A92E2F07A93E2027B94E20F7B33
:1063C00095E20A7B96E2067B97E2337B98E2187BA4
:1063D00099E2197B9AE21E7B9BE2357B9CE2287B4B
:1063E0009DE2367B9EE2507B9FE27A7BA0E2047BBB
:1063F000A1E24D7BA2E20B7BA3E24C7BA4E2457BB6
:10640000A5E2757BA6E2657BA7E2747BA8E2677BC9
:10641000A9E2707BAAE2717BABE26C7BACE26E7BA3
:10642000ADE29D7BAEE2987BAFE29F7BB0E28D7BDD
:10643000B1E29C7BB2E29A7BB3E28B7BB4E2927BCB
:10644000B5E28F7BB6E25D7BB7E2997BB8E2CB7BAE
:10645000B9E2C17BBAE2CC7BBBE2CF7BBCE2B47BCE
:10646000BDE2C67BBEE2DD7BBFE2E97BC0E2117C20
:10647000C1E2147CC2E2E67BC3E2E57BC4E2607C5D
:10648000C5E2007CC6E2077CC7E2137CC8E2F37B6E
:10649000C9E2F77BCAE2177CCBE20D7CCCE2F67B4B
:1064A000CDE2237CCEE2277CCFE22A7CD0E21F7CA7
:1064B000D1E2377CD2E22B7CD3E23D7CD4E24C7C2F
:1064C000D5E2437CD6E2547CD7E24F7CD8E2407CD4
:1064D000D9E2507CDAE2587CDBE25F7CDCE2647C6F
:1064E000DDE2567CDEE2657CDFE26C7CE0E2757C1E
:1064F000E1E2837CE2E2907CE3E2A47CE4E2AD7C36
:10650000E5E2A27CE6E2AB7CE7E2A17CE8E2A87CE3
:10651000E9E2B37CEAE2B27CEBE2B17CECE2AE7C95
:10652000EDE2B97CEEE2BD7CEFE2C07CF0E2C57C3E
:10653000F1E2C27CF2E2D87CF3E2D27CF4E2DC7CD1
:10654000F5E2E27CF6E23B9BF7E2EF7CF8E2F27CDC
:10655000F9E2F47CFAE2F67CFBE2FA7CFCE2067DEE
:1065600040E3027D41E31C7D42E3157D43E30A7D68
:1065700044E3457D45E34B7D46E32E7D47E3327D95
:1065800048E33F7D49E3357D4AE3467D4BE3737D38
:106590004CE3567D4DE34E7D4EE3727D4FE3687DC7
:1065A00050E36E7D51E34F7D52E3637D53E3937D72
:1065B00054E3897D55E35B7D56E38F7D57E37D7D15
:1065C00058E39B7D59E3BA7D5AE3AE7D5BE3A37D3F
:1065D0005CE3B57D5DE3C77D5EE3BD7D5FE3AB7DE1
:1065E00060E33D7E61E3A27D62E3AF7D63E3DC7D3A
:1065F00064E3B87D65E39F7D66E3B07D67E3D87DA6
:1066000068E3DD7D69E3E47D6AE3DE7D6BE3FB7DCA
:106610006CE3F27D6DE3E17D6EE3057E6FE30A7E60
:1066200070E3237E71E3217E72E3127E73E3317E99
:1066300074E31F7E75E3097E76E30B7E77E3227EAB
:1066400078E3467E79E3667E7AE33B7E7BE3357EC4
:106650007CE3397E7DE3437E7EE3377E80E3327EDA
:1066600081E33A7E82E3677E83E35D7E84E3567E48
:1066700085E35E7E86E3597E87E35A7E88E3797EF2
:1066800089E36A7E8AE3697E8BE37C7E8CE37B7E92
:106690008DE3837E8EE3D57D8FE37D7E90E3AE8FA9
:1066A00091E37F7E92E3887E93E3897E94E38C7E00
:1066B00095E3927E96E3907E97E3937E98E3947EB3
:1066C00099E3967E9AE38E7E9BE39B7E9CE39C7E81
:1066D0009DE3387F9EE33A7F9FE3457FA0E34C7FB5
:1066E000A1E34D7FA2E34E7FA3E3507FA4E3517F5C
:1066F000A5E3557FA6E3547FA7E3587FA8E35F7F18
:10670000A9E3607FAAE3687FABE3697FACE3677FBF
:10671000ADE3787FAEE3827FAFE3867FB0E3837F34
:10672000B1E3887FB2E3877FB3E38C7FB4E3947FE8
:10673000B5E39E7FB6E39D7FB7E39A7FB8E3A37F7F
:10674000B9E3AF7FBAE3B27FBBE3B97FBCE3AE7F0F
:10675000BDE3B67FBEE3B87FBFE3718BC0E3C57F07
:10676000C1E3C67FC2E3CA7FC3E3D57FC4E3D47F5E
:10677000C5E3E17FC6E3E67FC7E3E97FC8E3F37FD4
:10678000C9E3F97FCAE3DC98CBE30680CCE304805D
:10679000CDE30B80CEE31280CFE31880D0E31980E5
:1067A000D1E31C80D2E32180D3E32880D4E33F806F
:1067B000D5E33B80D6E34A80D7E34680D8E35280D6
:1067C000D9E35880DAE35A80DBE35F80DCE3628060
:1067D000DDE36880DEE37380DFE37280E0E37080F6
:1067E000E1E37680E2E37980E3E37D80E4E37F80A8
:1067F000E5E38480E6E38680E7E38580E8E39B8049
:10680000E9E39380EAE39A80EBE3AD80ECE3905117
:10681000EDE3AC80EEE3DB80EFE3E580F0E3D980ED
:10682000F1E3DD80F2E3C480F3E3DA80F4E3D680C1
:10683000F5E30981F6E3EF80F7E3F180F8E31B81EC
:10684000F9E32981FAE32381FBE32F81FCE34B8108
:1068500040E48B9641E4468142E43E8143E4538127
:1068600044E4518145E4FC8046E4718147E46E8153
:1068700048E4658149E466814AE474814BE483819C
:106880004CE488814DE48A814EE480814FE482812A
:1068900050E4A08151E4958152E4A48153E4A381A2
:1068A00054E45F8155E4938156E4A98157E4B081B3
:1068B00058E4B58159E4BE815AE4B8815BE4BD81F6
:1068C0005CE4C0815DE4C2815EE4BA815FE4C981B9
:1068D00060E4CD8161E4D18162E4D98163E4D8814F
:1068E00064E4C88165E4DA8166E4DF8167E4E0811D
:1068F00068E4E78169E4FA816AE4FB816BE4FE8184
:106900006CE401826DE402826EE405826FE407822A
:1069100070E40A8271E40D8272E4108273E41682DC
:1069200074E4298275E42B8276E4388277E433823A
:1069300078E4408279E459827AE458827BE45D828B
:106940007CE45A827DE45F827EE4648280E4628239
:1069500081E4688282E46A8283E46B8284E42E822A
:1069600085E4718286E4778287E4788288E47E8297
:1069700089E48D828AE492828BE4AB828CE49F82EC
:106980008DE4BB828EE4AC828FE4E18290E4E3820A
:1069900091E4DF8292E4D28293E4F48294E4F3827D
:1069A00095E4FA8296E4938397E4038398E4FB8268
:1069B00099E4F9829AE4DE829BE406839CE4DC821B
:1069C0009DE409839EE4D9829FE43583A0E4348367
:1069D000A1E41683A2E43283A3E43183A4E44083D8
:1069E000A5E43983A6E45083A7E44583A8E42F8374
:1069F000A9E42B83AAE41783ABE41883ACE4858372
:106A0000ADE49A83AEE4AA83AFE49F83B0E4A283AB
:106A1000B1E49683B2E42383B3E48E83B4E4878342
:106A2000B5E48A83B6E47C83B7E4B583B8E47383C2
:106A3000B9E47583BAE4A083BBE48983BCE4A8838A
:106A4000BDE4F483BEE41384BFE4EB83C0E4CE83EF
:106A5000C1E4FD83C2E40384C3E4D883C4E40B84AB
:106A6000C5E4C183C6E4F783C7E40784C8E4E083D0
:106A7000C9E4F283CAE40D84CBE42284CCE420840C
:106A8000CDE4BD83CEE43884CFE40685D0E4FB8337
:106A9000D1E46D84D2E42A84D3E43C84D4E45A85DE
:106AA000D5E48484D6E47784D7E46B84D8E4AD84D9
:106AB000D9E46E84DAE48284DBE46984DCE446842D
:106AC000DDE42C84DEE46F84DFE47984E0E4358463
:106AD000E1E4CA84E2E46284E3E4B984E4E4BF84E8
:106AE000E5E49F84E6E4D984E7E4CD84E8E4BB846C
:106AF000E9E4DA84EAE4D084EBE4C184ECE4C6841B
:106B0000EDE4D684EEE4A184EFE42185F0E4FF8493
:106B1000F1E4F484F2E41785F3E41885F4E42C85B9
:106B2000F5E41F85F6E41585F7E41485F8E4FC84A4
:106B3000F9E44085FAE46385FBE45885FCE4488584
:106B400040E5418541E5028642E54B8543E55585B3
:106B500044E5808545E5A48546E5888547E591853A
:106B600048E58A8549E5A8854AE56D854BE5948524
:106B70004CE59B854DE5EA854EE587854FE59C858F
:106B800050E5778551E57E8552E5908553E5C985C9
:106B900054E5BA8555E5CF8556E5B98557E5D085E5
:106BA00058E5D58559E5DD855AE5E5855BE5DC8564
:106BB0005CE5F9855DE50A865EE513865FE50B8693
:106BC00060E5FE8561E5FA8562E5068663E5228675
:106BD00064E51A8665E5308666E53F8667E54D869D
:106BE00068E5554E69E554866AE55F866BE567861C
:106BF0006CE571866DE593866EE5A3866FE5A986E3
:106C000070E5AA8671E58B8672E58C8673E5B6869B
:106C100074E5AF8675E5C48676E5C68677E5B08609
:106C200078E5C98679E523887AE5AB867BE5D48665
:106C30007CE5DE867DE5E9867EE5EC8680E5DF861F
:106C400081E5DB8682E5EF8683E5128784E50687AA
:106C500085E5088786E5008787E5038788E5FB8665
:106C600089E511878AE509878BE50D878CE5F9862B
:106C70008DE50A878EE534878FE53F8790E5378776
:106C800091E53B8792E5258793E5298794E51A8767
:106C900095E5608796E55F8797E5788798E54C8767
:106CA00099E54E879AE574879BE557879CE5688749
:106CB0009DE56E879EE559879FE55387A0E563872D
:106CC000A1E56A87A2E50588A3E5A287A4E59F87D9
:106CD000A5E58287A6E5AF87A7E5CB87A8E5BD87B1
:106CE000A9E5C087AAE5D087ABE5D696ACE5AB872A
:106CF000ADE5C487AEE5B387AFE5C787B0E5C68726
:106D0000B1E5BB87B2E5EF87B3E5F287B4E5E0878D
:106D1000B5E50F88B6E50D88B7E5FE87B8E5F687D7
:106D2000B9E5F787BAE50E88BBE5D287BCE51188DF
:106D3000BDE51688BEE51588BFE52288C0E5218837
:106D4000C1E53188C2E53688C3E53988C4E52788BE
:106D5000C5E53B88C6E54488C7E54288C8E5528852
:106D6000C9E55988CAE55E88CBE56288CCE56B88C1
:106D7000CDE58188CEE57E88CFE59E88D0E5758813
:106D8000D1E57D88D2E5B588D3E57288D4E58288DF
:106D9000D5E59788D6E59288D7E5AE88D8E5998875
:106DA000D9E5A288DAE58D88DBE5A488DCE5B08842
:106DB000DDE5BF88DEE5B188DFE5C388E0E5C488AE
:106DC000E1E5D488E2E5D888E3E5D988E4E5DD8823
:106DD000E5E5F988E6E50289E7E5FC88E8E5F48879
:106DE000E9E5E888EAE5F288EBE50489ECE50C8959
:106DF000EDE50A89EEE51389EFE54389F0E51E89A3
:106E0000F1E52589F2E52A89F3E52B89F4E5418945
:106E1000F5E54489F6E53B89F7E53689F8E53889F3
:106E2000F9E54C89FAE51D89FBE56089FCE55E8999
:106E300040E6668941E6648942E66D8943E66A89EF
:106E400044E66F8945E6748946E6778947E67E8998
:106E500048E6838949E688894AE68A894BE6938928
:106E60004CE698894DE6A1894EE6A9894FE6A689A8
:106E700050E6AC8951E6AF8952E6B28953E6BA8949
:106E800054E6BD8955E6BF8956E6C08957E6DA89DA
:106E900058E6DC8959E6DD895AE6E7895BE6F4893C
:106EA0005CE6F8895DE6038A5EE6168A5FE6108A8C
:106EB00060E60C8A61E61B8A62E61D8A63E6258A23
:106EC00064E6368A65E6418A66E65B8A67E6528A48
:106ED00068E6468A69E6488A6AE67C8A6BE66D8AD5
:106EE0006CE66C8A6DE6628A6EE6858A6FE6828A57
:106EF00070E6848A71E6A88A72E6A18A73E6918AAE
:106F000074E6A58A75E6A68A76E69A8A77E6A38A63
:106F100078E6C48A79E6CD8A7AE6C28A7BE6DA8A9E
:106F20007CE6EB8A7DE6F38A7EE6E78A80E6E48A01
:106F300081E6F18A82E6148B83E6E08A84E6E28ABF
:106F400085E6F78A86E6DE8A87E6DB8A88E60C8BAA
:106F500089E6078B8AE61A8B8BE6E18A8CE6168B2C
:106F60008DE6108B8EE6178B8FE6208B90E6338BA9
:106F700091E6AB9792E6268B93E62B8B94E63E8BBD
:106F800095E6288B96E6418B97E64C8B98E64F8BDF
:106F900099E64E8B9AE6498B9BE6568B9CE65B8B7B
:106FA0009DE65A8B9EE66B8B9FE65F8BA0E66C8B13
:106FB000A1E66F8BA2E6748BA3E67D8BA4E6808BA3
:106FC000A5E68C8BA6E68E8BA7E6928BA8E6938B24
:106FD000A9E6968BAAE6998BABE69A8BACE63A8C3F
:106FE000ADE6418CAEE63F8CAFE6488CB0E64C8C0B
:106FF000B1E64E8CB2E6508CB3E6558CB4E6628CAA
:10700000B5E66C8CB6E6788CB7E67A8CB8E6828CFE
:10701000B9E6898CBAE6858CBBE68A8CBCE68D8C99
:10702000BDE68E8CBEE6948CBFE67C8CC0E6988C68
:10703000C1E61D62C2E6AD8CC3E6AA8CC4E6BD8C77
:10704000C5E6B28CC6E6B38CC7E6AE8CC8E6B68C95
:10705000C9E6C88CCAE6C18CCBE6E48CCCE6E38CEE
:10706000CDE6DA8CCEE6FD8CCFE6FA8CD0E6FB8C52
:10707000D1E6048DD2E6058DD3E60A8DD4E6078DE0
:10708000D5E60F8DD6E60D8DD7E6108DD8E64E9F4E
:10709000D9E6138DDAE6CD8CDBE6148DDCE6168DB1
:1070A000DDE6678DDEE66D8DDFE6718DE0E6738DE2
:1070B000E1E6818DE2E6998DE3E6C28DE4E6BE8DE0
:1070C000E5E6BA8DE6E6CF8DE7E6DA8DE8E6D68D21
:1070D000E9E6CC8DEAE6DB8DEBE6CB8DECE6EA8DDE
:1070E000EDE6EB8DEEE6DF8DEFE6E38DF0E6FC8D71
:1070F000F1E6088EF2E6098EF3E6FF8DF4E61D8ECA
:10710000F5E61E8EF6E6108EF7E61F8EF8E6428E46
:10711000F9E6358EFAE6308EFBE6348EFCE64A8ED2
:1071200040E7478E41E7498E42E74C8E43E7508E59
:1071300044E7488E45E7598E46E7648E47E7608E00
:1071400048E72A8E49E7638E4AE7558E4BE7768EED
:107150004CE7728E4DE77C8E4EE7818E4FE7878E2F
:1071600050E7858E51E7848E52E78B8E53E78A8EE7
:1071700054E7938E55E7918E56E7948E57E7998E94
:1071800058E7AA8E59E7A18E5AE7AC8E5BE7B08E1E
:107190005CE7C68E5DE7B18E5EE7BE8E5FE7C58EAB
:1071A00060E7C88E61E7CB8E62E7DB8E63E7E38E34
:1071B00064E7FC8E65E7FB8E66E7EB8E67E7FE8E85
:1071C00068E70A8F69E7058F6AE7158F6BE7128F0B
:1071D0006CE7198F6DE7138F6EE71C8F6FE71F8FBA
:1071E00070E71B8F71E70C8F72E7268F73E7338F81
:1071F00074E73B8F75E7398F76E7458F77E7428FE6
:1072000078E73E8F79E74C8F7AE7498F7BE7468FA7
:107210007CE74E8F7DE7578F7EE75C8F80E7628F3C
:1072200081E7638F82E7648F83E79C8F84E79F8F7A
:1072300085E7A38F86E7AD8F87E7AF8F88E7B78FA6
:1072400089E7DA8F8AE7E58F8BE7E28F8CE7EA8FB1
:107250008DE7EF8F8EE787908FE7F48F90E70590AB
:1072600091E7F98F92E7FA8F93E7119094E71590E1
:1072700095E7219096E70D9097E71E9098E7169076
:1072800099E70B909AE727909BE736909CE735901B
:107290009DE739909EE7F88F9FE74F90A0E75090C9
:1072A000A1E75190A2E75290A3E70E90A4E749907E
:1072B000A5E73E90A6E75690A7E75890A8E75E900E
:1072C000A9E76890AAE76F90ABE77690ACE7A8963D
:1072D000ADE77290AEE78290AFE77D90B0E7819026
:1072E000B1E78090B2E78A90B3E78990B4E78F90D6
:1072F000B5E7A890B6E7AF90B7E7B190B8E7B5901B
:10730000B9E7E290BAE7E490BBE74862BCE7DB90FC
:10731000BDE70291BEE71291BFE71991C0E7329134
:10732000C1E73091C2E74A91C3E75691C4E758914B
:10733000C5E76391C6E76591C7E76991C8E77391AF
:10734000C9E77291CAE78B91CBE78991CCE782912B
:10735000CDE7A291CEE7AB91CFE7AF91D0E7AA916D
:10736000D1E7B591D2E7B491D3E7BA91D4E7C09110
:10737000D5E7C191D6E7C991D7E7CB91D8E7D091AE
:10738000D9E7D691DAE7DF91DBE7E191DCE7DB9142
:10739000DDE7FC91DEE7F591DFE7F691E0E71E928D
:1073A000E1E7FF91E2E71492E3E72C92E4E715921C
:1073B000E5E71192E6E75E92E7E75792E8E7459244
:1073C000E9E74992EAE76492EBE74892ECE79592A5
:1073D000EDE73F92EEE74B92EFE75092F0E79C9299
:1073E000F1E79692F2E79392F3E79B92F4E75A92D1
:1073F000F5E7CF92F6E7B992F7E7B792F8E7E992A7
:10740000F9E70F93FAE7FA92FBE74493FCE72E9330
:1074100040E8199341E8229342E81A9343E8239302
:1074200044E83A9345E8359346E83B9347E85C9354
:1074300048E8609349E87C934AE86E934BE856939A
:107440004CE8B0934DE8AC934EE8AD934FE894937D
:1074500050E8B99351E8D69352E8D79353E8E893AC
:1074600054E8E59355E8D89356E8C39357E8DD937D
:1074700058E8D09359E8C8935AE8E4935BE81A9423
:107480005CE814945DE813945EE803945FE8079465
:1074900060E8109461E8369462E82B9463E83594D0
:1074A00064E8219465E83A9466E8419467E8529468
:1074B00068E8449469E85B946AE860946BE86294D5
:1074C0006CE85E946DE86A946EE829926FE87094B7
:1074D00070E8759471E8779472E87D9473E85A9433
:1074E00074E87C9475E87E9476E8819477E87F94DC
:1074F00078E8829579E887957AE88A957BE894958B
:107500007CE896957DE898957EE8999580E8A09529
:1075100081E8A89582E8A79583E8AD9584E8BC95B5
:1075200085E8BB9586E8B99587E8BE9588E8CA9551
:1075300089E8F66F8AE8C3958BE8CD958CE8CC9501
:107540008DE8D5958EE8D4958FE8D69590E8DC95B2
:1075500091E8E19592E8E59593E8E29594E8219623
:1075600095E8289696E82E9697E82F9698E8429602
:1075700099E84C969AE84F969BE84B969CE877964C
:107580009DE85C969EE85E969FE85D96A0E85F9613
:10759000A1E86696A2E87296A3E86C96A4E88D9698
:1075A000A5E89896A6E89596A7E89796A8E8AA96DB
:1075B000A9E8A796AAE8B196ABE8B296ACE8B0966F
:1075C000ADE8B496AEE8B696AFE8B896B0E8B9962E
:1075D000B1E8CE96B2E8CB96B3E8C996B4E8CD96BA
:1075E000B5E84D89B6E8DC96B7E80D97B8E8D596CA
:1075F000B9E8F996BAE80497BBE80697BCE808979B
:10760000BDE81397BEE80E97BFE81197C0E80F9743
:10761000C1E81697C2E81997C3E82497C4E82A97E7
:10762000C5E83097C6E83997C7E83D97C8E83E9760
:10763000C9E84497CAE84697CBE84897CCE8429710
:10764000CDE84997CEE85C97CFE86097D0E864979B
:10765000D1E86697D2E86897D3E8D252D4E86B971E
:10766000D5E87197D6E87997D7E88597D8E87C97D9
:10767000D9E88197DAE87A97DBE88697DCE88B9798
:10768000DDE88F97DEE89097DFE89C97E0E8A89721
:10769000E1E8A697E2E8A397E3E8B397E4E8B497B4
:1076A000E5E8C397E6E8C697E7E8C897E8E8CB9728
:1076B000E9E8DC97EAE8ED97EBE84F9FECE8F29712
:1076C000EDE8DF7AEEE8F697EFE8F597F0E80F9847
:1076D000F1E80C98F2E83898F3E82498F4E8219857
:1076E000F5E83798F6E83D98F7E84698F8E84F98B7
:1076F000F9E84B98FAE86B98FBE86F98FCE870980B
:1077000040E9719841E9749842E9739843E9AA986D
:1077100044E9AF9845E9B19846E9B69847E9C49875
:1077200048E9C39849E9C6984AE9E9984BE9EB98D2
:107730004CE903994DE909994EE912994FE91499D9
:1077400050E9189951E9219952E91D9953E91E9977
:1077500054E9249955E9209956E92C9957E92E992D
:1077600058E93D9959E93E995AE942995BE94999A5
:107770005CE945995DE950995EE94B995FE951995A
:1077800060E9529961E94C9962E9559963E99799E1
:1077900064E9989965E9A59966E9AD9967E9AE99B3
:1077A00068E9BC9969E9DF996AE9DB996BE9DD99D8
:1077B0006CE9D8996DE9D1996EE9ED996FE9EE9987
:1077C00070E9F19971E9F29972E9FB9973E9F89915
:1077D00074E9019A75E90F9A76E9059A77E9E299D1
:1077E00078E9199A79E92B9A7AE9379A7BE9459AE7
:1077F0007CE9429A7DE9409A7EE9439A80E93E9A83
:1078000081E9559A82E94D9A83E95B9A84E9579A0E
:1078100085E95F9A86E9629A87E9659A88E9649AB8
:1078200089E9699A8AE96B9A8BE96A9A8CE9AD9A37
:107830008DE9B09A8EE9BC9A8FE9C09A90E9CF9A07
:1078400091E9D19A92E9D39A93E9D49A94E9DE9A8C
:1078500095E9DF9A96E9E29A97E9E39A98E9E69A38
:1078600099E9EF9A9AE9EB9A9BE9EE9A9CE9F49AE6
:107870009DE9F19A9EE9F79A9FE9FB9AA0E9069B98
:10788000A1E9189BA2E91A9BA3E91F9BA4E9229BEB
:10789000A5E9239BA6E9259BA7E9279BA8E9289BA7
:1078A000A9E9299BAAE92A9BABE92E9BACE92F9B6E
:1078B000ADE9329BAEE9449BAFE9439BB0E94F9BF6
:1078C000B1E94D9BB2E94E9BB3E9519BB4E9589B9A
:1078D000B5E9749BB6E9939BB7E9839BB8E9919BA3
:1078E000B9E9969BBAE9979BBBE99F9BBCE9A09B32
:1078F000BDE9A89BBEE9B49BBFE9C09BC0E9CA9B98
:10790000C1E9B99BC2E9C69BC3E9CF9BC4E9D19B3E
:10791000C5E9D29BC6E9E39BC7E9E29BC8E9E49BC2
:10792000C9E9D49BCAE9E19BCBE93A9CCCE9F29B3B
:10793000CDE9F19BCEE9F09BCFE9159CD0E9149CF1
:10794000D1E9099CD2E9139CD3E90C9CD4E9069CAB
:10795000D5E9089CD6E9129CD7E90A9CD8E9049C91
:10796000D9E92E9CDAE91B9CDBE9259CDCE9249C07
:10797000DDE9219CDEE9309CDFE9479CE0E9329CAF
:10798000E1E9469CE2E93E9CE3E95A9CE4E9609C1B
:10799000E5E9679CE6E9769CE7E9789CE8E9E79CFD
:1079A000E9E9EC9CEAE9F09CEBE9099DECE9089D2A
:1079B000EDE9EB9CEEE9039DEFE9069DF0E92A9DD8
:1079C000F1E9269DF2E9AF9DF3E9239DF4E91F9DBE
:1079D000F5E9449DF6E9159DF7E9129DF8E9419D09
:1079E000F9E93F9DFAE93E9DFBE9469DFCE9489D8A
:1079F00040EA5D9D41EA5E9D42EA649D43EA519DF5
:107A000044EA509D45EA599D46EA729D47EA899DA0
:107A100048EA879D49EAAB9D4AEA6F9D4BEA7A9D09
:107A20004CEA9A9D4DEAA49D4EEAA99D4FEAB29D6B
:107A300050EAC49D51EAC19D52EABB9D53EAB89DEC
:107A400054EABA9D55EAC69D56EACF9D57EAC29DB3
:107A500058EAD99D59EAD39D5AEAF89D5BEAE69D1A
:107A60005CEAED9D5DEAEF9D5EEAFD9D5FEA1A9E90
:107A700060EA1B9E61EA1E9E62EA759E63EA799E39
:107A800064EA7D9E65EA819E66EA889E67EA8B9E2F
:107A900068EA8C9E69EA929E6AEA959E6BEA919EDC
:107AA0006CEA9D9E6DEAA59E6EEAA99E6FEAB89E5D
:107AB00070EAAA9E71EAAD9E72EA619773EACC9E63
:107AC00074EACE9E75EACF9E76EAD09E77EAD49E7F
:107AD00078EADC9E79EADE9E7AEADD9E7BEAE09E29
:107AE0007CEAE59E7DEAE89E7EEAEF9E80EAF49ECF
:107AF00081EAF69E82EAF79E83EAF99E84EAFB9E7B
:107B000085EAFC9E86EAFD9E87EA079F88EA089F31
:107B100089EAB7768AEA159F8BEA219F8CEA2C9F27
:107B20008DEA3E9F8EEA4A9F8FEA529F90EA549FC9
:107B300091EA639F92EA5F9F93EA609F94EA619F54
:107B400095EA669F96EA679F97EA6C9F98EA6A9F14
:107B500099EA779F9AEA729F9BEA769F9CEA959FA3
:107B60009DEA9C9F9EEAA09F9FEA2F58A0EAC769C2
:107B7000A1EA5990A2EA6474A3EADC51A4EA9971DB
:107B800040FA702141FA712142FA722143FA7321BD
:107B900044FA742145FA752146FA762147FA77218D
:107BA00048FA782149FA792155FAE4FF56FA07FF95
:107BB00057FA02FF5CFA8A7E5DFA1C895EFA4893E6
:107BC0005FFA889260FADC8461FAC94F62FABB708E
:107BD00063FA316664FAC86865FAF99266FAFB6678
:107BE00067FA455F68FA284E69FAE14E6AFAFC4E78
:107BF0006BFA004F6CFA034F6DFA394F6EFA564F1D
:107C00006FFA924F70FA8A4F71FA9A4F72FA944F44
:107C100073FACD4F74FA405075FA225076FAFF4F3E
:107C200077FA1E5078FA465079FA70507AFA425034
:107C30007BFA94507CFAF4507DFAD8507EFA4A517F
:107C400080FA645181FA9D5182FABE5183FAEC5157
:107C500084FA155285FA9C5286FAA65287FAC052C7
:107C600088FADB5289FA00538AFA07538BFA2453B5
:107C70008CFA72538DFA93538EFAB2538FFADD5306
:107C800090FA0EFA91FA9C5492FA8A5493FAA954F3
:107C900094FAFF5495FA865596FA595797FA65570C
:107CA00098FAAC5799FAC8579AFAC7579BFA0FFA3D
:107CB0009CFA10FA9DFA9E589EFAB2589FFA0B59F8
:107CC000A0FA5359A1FA5B59A2FA5D59A3FA635974
:107CD000A4FAA459A5FABA59A6FA565BA7FAC05B4A
:107CE000A8FA2F75A9FAD85BAAFAEC5BABFA1E5C6E
:107CF000ACFAA65CADFABA5CAEFAF55CAFFA275DF9
:107D0000B0FA535DB1FA11FAB2FA425DB3FA6D5DA1
:107D1000B4FAB85DB5FAB95DB6FAD05DB7FA215FCD
:107D2000B8FA345FB9FA675FBAFAB75FBBFADE5FD9
:107D3000BCFA5D60BDFA8560BEFA8A60BFFADE609B
:107D4000C0FAD560C1FA2061C2FAF260C3FA1161CB
:107D5000C4FA3761C5FA3061C6FA9861C7FA13628E
:107D6000C8FAA662C9FAF563CAFA6064CBFA9D64E0
:107D7000CCFACE64CDFA4E65CEFA0066CFFA15661F
:107D8000D0FA3B66D1FA0966D2FA2E66D3FA1E669D
:107D9000D4FA2466D5FA6566D6FA5766D7FA5966D4
:107DA000D8FA12FAD9FA7366DAFA9966DBFAA0669B
:107DB000DCFAB266DDFABF66DEFAFA66DFFA0E6753
:107DC000E0FA29F9E1FA6667E2FABB67E3FA52687A
:107DD000E4FAC067E5FA0168E6FA4468E7FACF68B2
:107DE000E8FA13FAE9FA6869EAFA14FAEBFA986918
:107DF000ECFAE269EDFA306AEEFA6B6AEFFA466A7B
:107E0000F0FA736AF1FA7E6AF2FAE26AF3FAE46A65
:107E1000F4FAD66BF5FA3F6CF6FA5C6CF7FA866CFE
:107E2000F8FA6F6CF9FADA6CFAFA046DFBFA876DFE
:107E3000FCFA6F6D40FB966D41FBAC6D42FBCF6D64
:107E400043FBF86D44FBF26D45FBFC6D46FB396E60
:107E500047FB5C6E48FB276E49FB3C6E4AFBBF6EDE
:107E60004BFB886F4CFBB56F4DFBF56F4EFB057000
:107E70004FFB077050FB287051FB857052FBAB70B5
:107E800053FB0F7154FB047155FB5C7156FB46713B
:107E900057FB477158FB15FA59FBC1715AFBFE712C
:107EA0005BFBB1725CFBBE725DFB24735EFB16FA7A
:107EB0005FFB777360FBBD7361FBC97362FBD673B5
:107EC00063FBE37364FBD27365FB077466FBF573B6
:107ED00067FB267468FB2A7469FB29746AFB2E749D
:107EE0006BFB62746CFB89746DFB9F746EFB017598
:107EF0006FFB6F7570FB827671FB9C7672FB9E76D2
:107F000073FB9B7674FBA67675FB17FA76FB4677B8
:107F100077FBAF5278FB217879FB4E787AFB647857
:107F20007BFB7A787CFB30797DFB18FA7EFB19FAB3
:107F300080FB1AFA81FB947982FB1BFA83FB9B7905
:107F400084FBD17A85FBE77A86FB1CFA87FBEB7A08
:107F500088FB9E7B89FB1DFA8AFB487D8BFB5C7D41
:107F60008CFBB77D8DFBA07D8EFBD67D8FFB527E7B
:107F700090FB477F91FBA17F92FB1EFA93FB01834D
:107F800094FB628395FB7F8396FBC78397FBF68305
:107F900098FB488499FBB4849AFB53859BFB5985D5
:107FA0009CFB6B859DFB1FFA9EFBB0859FFB20FA17
:107FB000A0FB21FAA1FB0788A2FBF588A3FB128A8C
:107FC000A4FB378AA5FB798AA6FBA78AA7FBBE8AF2
:107FD000A8FBDF8AA9FB22FAAAFBF68AABFB538B2C
:107FE000ACFB7F8BADFBF08CAEFBF48CAFFB128D4A
:107FF000B0FB768DB1FB23FAB2FBCF8EB3FB24FA34
:10800000B4FB25FAB5FB6790B6FBDE90B7FB26FA0A
:10801000B8FB1591B9FB2791BAFBDA91BBFBD7915D
:10802000BCFBDE91BDFBED91BEFBEE91BFFBE4918D
:10803000C0FBE591C1FB0692C2FB1092C3FB0A9202
:10804000C4FB3A92C5FB4092C6FB3C92C7FB4E92E2
:10805000C8FB5992C9FB5192CAFB3992CBFB67927C
:10806000CCFBA792CDFB7792CEFB7892CFFBE79229
:10807000D0FBD792D1FBD992D2FBD092D3FB27FA77
:10808000D4FBD592D5FBE092D6FBD392D7FB2593B8
:10809000D8FB2193D9FBFB92DAFB28FADBFB1E937A
:1080A000DCFBFF92DDFB1D93DEFB0293DFFB709395
:1080B000E0FB5793E1FBA493E2FBC693E3FBDE9363
:1080C000E4FBF893E5FB3194E6FB4594E7FB489429
:1080D000E8FB9295E9FBDCF9EAFB29FAEBFB9D96BC
:1080E000ECFBAF96EDFB3397EEFB3B97EFFB439733
:1080F000F0FB4D97F1FB4F97F2FB5197F3FB559730
:10810000F4FB5798F5FB6598F6FB2AFAF7FB2BFA78
:10811000F8FB2799F9FB2CFAFAFB9E99FBFB4E9A88
:10812000FCFBD99A40FCDC9A41FC759B42FC729B9B
:1081300043FC8F9B44FCB19B45FCBB9B46FC009CD5
:1081400047FC709D48FC6B9D49FC2DFA4AFC199E2A
:108150004BFCD19E00000000A7009881A8004E8132
:10816000B0008B81B1007D81B4004C81B600F781F5
:10817000D7007E81F700808191039F839203A083C3
:108180009303A1839403A2839503A3839603A483FB
:108190009703A5839803A6839903A7839A03A883CB
:1081A0009B03A9839C03AA839D03AB839E03AC839B
:1081B0009F03AD83A003AE83A103AF83A303B0836A
:1081C000A403B183A503B283A603B383A703B48337
:1081D000A803B583A903B683B103BF83B203C083E9
:1081E000B303C183B403C283B503C383B603C4839B
:1081F000B703C583B803C683B903C783BA03C8836B
:10820000BB03C983BC03CA83BD03CB83BE03CC833A
:10821000BF03CD83C003CE83C103CF83C303D08309
:10822000C403D183C503D283C603D383C703D483D6
:10823000C803D583C903D68301044684100440844F
:1082400011044184120442841304438414044484BA
:108250001504458416044784170448841804498487
:1082600019044A841A044B841B044C841C044D8456
:108270001D044E841E044F841F0450842004518426
:1082800021045284220453842304548424045584F6
:1082900025045684260457842704588428045984C6
:1082A00029045A842A045B842B045C842C045D8496
:1082B0002D045E842E045F842F0460843004708457
:1082C00031047184320472843304738434047484FA
:1082D00035047584360477843704788438047984C7
:1082E00039047A843A047B843B047C843C047D8496
:1082F0003D047E843E0480843F0481844004828463
:108300004104838442048484430485844404868431
:1083100045048784460488844704898448048A8401
:1083200049048B844A048C844B048D844C048E84D1
:108330004D048F844E0490844F04918451047684BC
:1083400010205D8115205C811820658119206681CF
:108350001C2067811D2068812020F5812120F68165
:1083600025206481262063813020F18132208C8198
:1083700033208D813B20A68103218E8116218287A7
:10838000212184872B21F081602154876121558729
:108390006221568763215787642158876521598751
:1083A00066215A8767215B8768215C8769215D8721
:1083B000702140FA712141FA722142FA732143FA85
:1083C000742144FA752145FA762146FA772147FA55
:1083D000782148FA792149FA9021A9819121AA812D
:1083E0009221A8819321AB81D221CB81D421CC8150
:1083F0000022CD810222DD810322CE810722DE818F
:108400000822B8810B22B981112294871A22E381B4
:108410001D22E5811E2287811F2298872022DA8172
:10842000252261812722C8812822C9812922BF8172
:108430002A22BE812B22E7812C22E8812E229387DB
:10844000342288813522E6813D22E4815222E08176
:10845000602282816122DF81662285816722868196
:108460006A22E1816B22E2818222BC818322BD816A
:108470008622BA818722BB81A522DB81BF22998710
:108480001223DC8160244087612441876224428773
:10849000632443876424448765244587662446878C
:1084A0006724478768244887692449876A244A875C
:1084B0006B244B876C244C876D244D876E244E872C
:1084C0006F244F87702450877124518772245287FC
:1084D0007324538700259F840125AA840225A08444
:1084E0000325AB840C25A1840F25AC841025A28420
:1084F0001325AD841425A4841725AF841825A384DF
:108500001B25AE841C25A5841D25BA842025B58491
:108510002325B0842425A7842525BC842825B78459
:108520002B25B2842C25A6842F25B6843025BB8428
:108530003325B1843425A8843725B8843825BD84F3
:108540003B25B3843C25A9843F25B9844225BE84BC
:108550004B25B484A025A181A125A081B225A381AA
:10856000B325A281BC25A581BD25A481C6259F81F7
:10857000C7259E81CB259B81CE259D81CF259C81C2
:10858000EF25FC8105269A810626998140268A815D
:10859000422689816A26F4816D26F3816F26F28155
:1085A00000304081013041810230428103305681E8
:1085B000053058810630598107305A810830718161
:1085C000093072810A3073810B3074810C307581EF
:1085D0000D3076810E3077810F30788110307981BF
:1085E00011307A811230A7811330AC8114306B8145
:1085F00015306C811D3080871F30818741309F820C
:108600004230A0824330A1824430A2824530A3820E
:108610004630A4824730A5824830A6824930A782DE
:108620004A30A8824B30A9824C30AA824D30AB82AE
:108630004E30AC824F30AD825030AE825130AF827E
:108640005230B0825330B1825430B2825530B3824E
:108650005630B4825730B5825830B6825930B7821E
:108660005A30B8825B30B9825C30BA825D30BB82EE
:108670005E30BC825F30BD826030BE826130BF82BE
:108680006230C0826330C1826430C2826530C3828E
:108690006630C4826730C5826830C6826930C7825E
:1086A0006A30C8826B30C9826C30CA826D30CB822E
:1086B0006E30CC826F30CD827030CE827130CF82FE
:1086C0007230D0827330D1827430D2827530D382CE
:1086D0007630D4827730D5827830D6827930D7829E
:1086E0007A30D8827B30D9827C30DA827D30DB826E
:1086F0007E30DC827F30DD828030DE828130DF823E
:108700008230E0828330E1828430E2828530E3820D
:108710008630E4828730E5828830E6828930E782DD
:108720008A30E8828B30E9828C30EA828D30EB82AD
:108730008E30EC828F30ED829030EE829130EF827D
:108740009230F0829330F1829B304A819C304B8191
:108750009D3054819E305581A1304083A2304183A9
:10876000A3304283A4304383A5304483A63045839D
:10877000A7304683A8304783A9304883AA3049836D
:10878000AB304A83AC304B83AD304C83AE304D833D
:10879000AF304E83B0304F83B1305083B23051830D
:1087A000B3305283B4305383B5305483B6305583DD
:1087B000B7305683B8305783B9305883BA305983AD
:1087C000BB305A83BC305B83BD305C83BE305D837D
:1087D000BF305E83C0305F83C1306083C23061834D
:1087E000C3306283C4306383C5306483C63065831D
:1087F000C7306683C8306783C9306883CA306983ED
:10880000CB306A83CC306B83CD306C83CE306D83BC
:10881000CF306E83D0306F83D1307083D23071838C
:10882000D3307283D4307383D5307483D63075835C
:10883000D7307683D8307783D9307883DA3079832C
:10884000DB307A83DC307B83DD307C83DE307D83FC
:10885000DF307E83E0308083E1308183E2308283C9
:10886000E3308383E4308483E5308583E630868398
:10887000E7308783E8308883E9308983EA308A8368
:10888000EB308B83EC308C83ED308D83EE308E8338
:10889000EF308F83F0309083F1309183F230928308
:1088A000F3309383F4309483F5309583F6309683D8
:1088B000FB304581FC305B81FD305281FE305381BD
:1088C00031328A8732328B8739328C87A43285875E
:1088D000A5328687A6328787A7328887A8328987FC
:1088E000033365870D3369871433608718336387D3
:1088F0002233618723336B8726336A872733648764
:108900002B336C87363366873B336E8749335F87FB
:108910004A336D874D336287513367875733688792
:108920007B337E877C338F877D338E877E338D8745
:108930008E3372878F3373879C336F879D33708735
:108940009E337187A1337587C4337487CD33838792
:10895000004EEA88014E9A92034EB58E074E9C96C1
:10896000084EE48F094E4F8E0A4EE38F0B4EBA89A4
:108970000D4E73950E4E5E97104EA098114E4E8977
:10898000144E8E8A154EA198164EA290174EC0997D
:10899000184E758B194EB8951E4EE58F214EBC971B
:1089A000264EC095284E68FA2A4EA2982D4E8692E1
:1089B000314EA398324EF88B364EA498384EDB8A4F
:1089C000394E4F923B4EE58E3C4EA5983F4EA698B1
:1089D000424EA798434E5494454E768B4B4E569438
:1089E0004D4EE1934E4EC18C4F4E5296554E68E51A
:1089F000564EA898574EE68F584EA998594EB389AF
:108A00005D4EE38B5E4EEE8C5F4EE796624EA49B0E
:108A1000714E9097734EFB937E4EA38A804E548B7B
:108A2000824EAA98854EAB98864EB997884E5C9731
:108A3000894E88918A4EAD988B4E968E8C4EF193CE
:108A40008E4EB098914E5D89924EDD8C944EDC8CAA
:108A5000954EE488984E6A98994E69989B4EB18DD0
:108A60009C4E9F889E4EB1989F4EB298A04EB39850
:108A7000A14E5396A24EB498A44EF08CA54EE58814
:108A8000A64E9296A84E9C8BAB4E9D8BAC4E9E8B69
:108A9000AD4EE092AE4EBA97B04EB598B34EB69882
:108AA000B64EB798BA4E6C90C04E598FC14E6D906D
:108AB000C24EBC98C44EBA98C64EBB98C74E778B70
:108AC000CA4EA18DCB4EEE89CD4EB998CE4EB898F8
:108AD000CF4EA795D44E658ED54E648ED64EBC91A2
:108AE000D74EBD98D84E7495D94EE590DD4E57813E
:108AF000DE4EBE98DF4EC098E14E69FAE34EE39138
:108B0000E44EDF97E54EC888ED4EBF98EE4EBC8927
:108B1000F04EC28BF24E8792F64E8F8CF74EC19874
:108B2000FB4E4394FC4E6AFA004F6BFA014FE98A00
:108B3000034F6CFA094FC2980A4FC9880D4FDE8C5B
:108B40000E4FEA8A0F4F9A95104FB094114F788BC1
:108B50001A4FEF891C4FE5981D4F60932F4F8C944F
:108B6000304FC498344FBA94364FE097384F4C90FA
:108B7000394F6DFA3A4F668E3C4F978E3D4FBE8906
:108B8000434FCF92464F4192474FC8984D4FCA88A6
:108B90004E4FE1924F4F5A8F504FB28D514F4397E6
:108BA000534FCC91554FBD89564F6EFA574FC798CA
:108BB000594F5D975A4FC3985B4FC5985C4FEC8DEA
:108BC0005D4FC6985E4F439B694FCE986F4FD198CB
:108BD000704FCF98734FC089754FB995764FC9982C
:108BE0007B4FCD987C4FF18C7F4F678E834FA48A4B
:108BF000864FD298884FCA988A4F70FA8B4FE19768
:108C00008D4F988E8F4FCB98914FD098924F6FFA8F
:108C1000944F72FA964FD398984FCC989A4F71FA16
:108C20009B4F9F8B9D4FCB88A04FA08BA14FBF899F
:108C3000AB4F449BAD4F9996AE4F8E95AF4FF28C94
:108C4000B54F4E90B64FB597BF4FD695C24F578C84
:108C5000C34FA391C44FE289C94F61FACA4F728FC3
:108C6000CD4F73FACE4FD798D04FDC98D14FDA98CA
:108C7000D44FD598D74FAD91D84FD898DA4FDB98CD
:108C8000DB4FD998DD4FDB95DF4FD698E14F4D9004
:108C9000E34F9396E44FDD98E54FDE98EE4F438F18
:108CA000EF4FEB98F34F6F94F54F5595F64FE698CD
:108CB000F84FEE95FA4FB489FE4FEA98FF4F76FAD7
:108CC0000550E4980650ED98095071910B50C28CF4
:108CD0000D507B940F50C5E01150EC9812507C93CE
:108CE0001450E1981650F48C1950F38C1A50DF98F8
:108CF0001E5077FA1F50D88E2150E798225075FAEF
:108D00002350ED9524506C922550E3982650918C79
:108D10002850E0982950E8982A50E2982B50CF9795
:108D20002C50E9982D5060983650E48B3950908C37
:108D3000405074FA42507AFA4350EE98465078FA0E
:108D40004750EF984850F3984950CC884F50CE95F3
:108D50005050F2985550F1985650F5985A50F49852
:108D60005C50E2926550928C6C50F698705079FA93
:108D70007250C38E7450A4917550E3927650F48B68
:108D80007850F7987D50558B8050F8988550FA9818
:108D90008D5054969150868C94507BFA9850508EFA
:108DA0009950F5949A50F998AC50C38DAD50629794
:108DB000B250FC98B3504299B450FB98B550C28D54
:108DC000B7509D8FBE50588CC2504399C550CD8B23
:108DD000C9504099CA504199CD50AD93CF509C9104
:108DE000D150A18BD5506C96D6504499D8507DFA6D
:108DF000DA50BB97DE504599E3504899E5504699C3
:108E0000E7506D91ED504799EE504999F4507CFA36
:108E1000F5504B99F9504A99FB50C6950051568B25
:108E200001514D9902514E990451AD8909514C9906
:108E30001251F28E145151991551509916514F9962
:108E40001851D4981A5152991F519E8F21515399FC
:108E50002A5144973251D796375155993A515499DE
:108E60003B5157993C5156993F5158994051599906
:108E70004151F2884351B38C44515A8C45515B8F18
:108E800046519B924751A28B4851E6904951F58C2F
:108E90004A517EFA4B518E8D4C515B994D51C6967D
:108EA0004E5165935051998E52515A9954515C9933
:108EB0005A517D935C51958A62515D99645180FA53
:108EC0006551FC936851539169515F996A5160995A
:108ED0006B51AA946C51F68C6D515A986E516199F0
:108EE0007151A48B7551BA957651B4917751EF8B2E
:108EF000785154937C51938C80516299825163993B
:108F00008551E09386517E89895166998A51FB8DFE
:108F10008C5165998D51C48D8F5167999051ECE3B7
:108F200091516899925160969351699995516A99B6
:108F300096516B999751E78F9951CA8E9D5181FA3D
:108F4000A051A58AA2516E99A4516C99A551BB96C6
:108F5000A6516D99A8517995A9516F99AA51709907
:108F6000AB517199AC517E93B0517599B1517399D0
:108F7000B2517499B3517299B451E18DB55176994A
:108F8000B651E896B751E297BD517799BE5182FA32
:108F9000C451A690C5517899C651798FC951799914
:108FA000CB519C92CC51BD97CD518093D651C39952
:108FB000DB517A99DC51A3EADD51C38BE0517B99F7
:108FC000E1517D96E651888FE751FA91E9517D99FB
:108FD000EA51E293EC5183FAED517E99F051809978
:108FE000F1514D8AF5518199F651A58BF851CA93EB
:108FF000F9519A89FA516F8FFD519F94FE518299D0
:109000000052819303526E90045283990652AA959E
:109010000752D8900852A08A0A52A78A0B52849904
:109020000E5286991152598C14528599155284FA10
:109030001752F1971D52898F2452BB942552CA951D
:1090400027528799295298972A5288992E5289999E
:1090500030529E9333528A993652A7903752FC8DE4
:109060003852948C39528B993A52688E3B528F8D7C
:109070004352E49244528D994752A5914A52ED8D44
:109080004B528E994C528F994D524F914F528C9911
:1090900054529199565255965B52848D5E529099D6
:1090A0006352958C6452DC8D65528D94695294990B
:1090B0006A5292996F529B957052E88F71529B99A8
:1090C0007252848A735295997452939975526E9123
:1090D0007D5297997F5296998352638A8752808CEA
:1090E00088529C998952AB978D52989991529D992B
:1090F00092529A99945299999B52CD979C5285FA83
:109100009F52F78CA052C189A352F297A65286FAB9
:10911000A952958FAA527793AB52858DAC52A099E4
:10912000AD52A199AF5277FBB152E397B4524A982E
:10913000B552A399B952F88CBC52A299BE524E8A2C
:10914000C05287FAC152A499C3527596C552BA92B9
:10915000C7524597C952D795CD52A599D252D3E857
:10916000D552AE93D752A699D852A88AD952B19661
:10917000DB5288FADD529F8FDE52A799DF52E595C8
:10918000E052AB99E252A890E352A899E452CE8BF8
:10919000E652A999E752A98AF2524D8CF352AC9942
:1091A000F552AD99F852AE99F952AF99FA52D98E5B
:1091B000FE52F98CFF52DC96005389FA0153E69671
:1091C0000253F5930553EF950653B09907538AFA66
:1091D0000853B1990D53B3990F53B5991053B499DE
:1091E0001553B6991653BB8917536B961953FA8DBD
:1091F0001A53B7991D5378912053A08F2153A78BF1
:109200002353B89924538BFA2A53D9942F53B999DD
:109210003153BA993353BB993853BC993953439559
:109220003A53E68B3B53E3883F53BD934053BD997C
:1092300041535C8F4353E7904553BF994653BE99C2
:109240004753A18F4853DF8C4953C1994A53BC946B
:109250004D53C2995153DA945253B2915353EC91F6
:109260005453A68B5753EC93585350925A538E94A1
:109270005C536D965E53C4996053E8906653548C6A
:109280006953C5996E53C6996F534B897053F388D0
:109290007153EB8A72538CFA7353A6917453708B8B
:1092A000755391977753C9997853B5897B53C8996A
:1092B0007F53A88B8253CA998453EF9693538DFAA8
:1092C0009653CB999853D0979A53FA8C9F53B48C5A
:1092D000A053CC99A553CE99A653CD99A8537E906F
:1092E000A9535889AD537D89AE53CF99B053D099C6
:1092F000B2538EFAB353B58CB653D199BB538E8B00
:10930000C253518EC353D299C8539496C953B38D47
:10931000CA53798BCB534697CC536F91CD53BD94A1
:10932000CE53FB8ED453668FD653E68ED753F38E2F
:10933000D953968FDB53BE94DD538FFADF53D59903
:10934000E1536289E2537091E353FB8CE453C38C85
:10935000E553E58BE853D999E9534092EA53FC91E0
:10936000EB53A98BEC53A28FED53DA99EE53D899B6
:10937000EF53C289F053E491F153B68EF2536A8EE3
:10938000F3534589F653908AF753868DF853698EC7
:10939000FA53DB990154DC990354688B0454658AB1
:1093A0000854878D0954678B0A54DD920B54448905
:1093B0000C54AF930D54BC960E54408D0F54999796
:1093C000105466931154FC8C1B544E8C1D54E5991B
:1093D0001F54E18B205469962654DB942954E49958
:1093E0002B54DC8A2C54DF992D54E0992E54E299A9
:1093F0003654E39938547A8B395481903B54AB9569
:109400003C54E1993D54DD993E54E18C4054DE9941
:10941000425443984654F0954854E6924954E08C9F
:109420004A54908D4E54E6995154DB935F54EA9917
:109430006854FC8E6A54F48E7054ED997154EB9913
:109440007354A1967554E8997654F1997754EC9930
:109450007B54EF997C54C48C7D54BD968054F09914
:109460008454F2998654F4998A5492FA8B54EE8D6E
:109470008C5461988E54E9998F54E7999054F399DC
:109480009254EE999C5491FAA254F699A454429A9B
:10949000A554F899A854FC99A95493FAAB54409A4E
:1094A000AC54F999AF545D9AB254E78DB354508AD5
:1094B000B854F799BC54449ABD54F488BE54439AA6
:1094C000C054A388C1546995C254419AC454FA99AE
:1094D000C754F599C854FB99C954C68DD854459AB8
:1094E000E154F588E2544E9AE554469AE654479A78
:1094F000E854A38FE9548996ED544C9AEE544B9A54
:10950000F2544E93FA544D9AFD544A9AFF5494FAE9
:10951000045553890655B48D07554F900F55489AF9
:10952000105582931455499A1655A0882E55539A72
:109530002F5542973155A58F3355599A3855589A1A
:1095400039554F9A3E55C1914055509A4455ED9129
:109550004555559A4655A48F4C55529A4F55E2960B
:1095600053555B8C5655569A5755579A5C55549A95
:109570005D555A9A6355519A7B55609A7C55659A08
:109580007E55619A80555C9A8355669A84555091B0
:10959000865595FA8755689A8955418D8A555E9A00
:1095A0008B559D929855629A99555B9A9A55AB8ABC
:1095B0009C55EC8A9D55858A9E55639A9F555F9A66
:1095C000A755968CA855699AA955679AAA5572917C
:1095D000AB55698BAC55AA8BAE55649AB055F28BDE
:1095E000B6556389C4556D9AC5556B9AC755A59AEA
:1095F000D455709ADA556A9ADC556E9ADF556C9A92
:10960000E3556B8EE4556F9AF755729AF955779A30
:10961000FD55759AFE55749A065651920956C3899E
:109620001456719A1656739A1756A68F1856528961
:109630001B56769A2956DC892F56829A3156FA8F14
:1096400032567D9A34567B9A36567C9A38567E9A94
:1096500042565C894C5658914E56789A5056799A93
:109660005B569A8A6456819A6856ED8A6A56849A3D
:109670006B56809A6C56839A7456AC957856D393F1
:109680007A56B6948056869A8656859A8756648A04
:109690008A56879A8F568A9A9456899AA056889A9B
:1096A000A2565894A5568B9AAE568C9AB4568E9A5A
:1096B000B6568D9ABC56909AC056939AC156919AB6
:1096C000C2568F9AC356929AC856949ACE56959A75
:1096D000D156969AD356979AD756989AD85664994F
:1096E000DA56FA8EDB566C8EDE56F189E056F68835
:1096F000E3566392EE56999AF056A28DF256CD88B3
:10970000F3567D90F9569A9AFA56C58CFD56918D6E
:10971000FF569C9A00579B9A0357DE9504579D9AD3
:1097200008579F9A09579E9A0B57A09A0D57A19ACE
:109730000F57978C125780891357A29A1657A49ADD
:109740001857A39A1C57A69A1F5779932657A79A7A
:109750002757B3882857DD8D2D575C8C30576E9274
:109760003757A89A3857A99A3B57AB9A4057AC9AA3
:109770004257E28D4757CF8B4A5756964E57AA9A73
:109780004F57AD9A5057BF8D5157428D595796FA42
:109790006157B19A6457A38D655797FA66575292ED
:1097A0006957AE9A6A57D8927F57B29A8257829079
:1097B0008857B09A8957B39A8B575E8C9357B49A4F
:1097C000A057B59AA257438DA3575F8AA457B79A5B
:1097D000AA57B89AAC5798FAB057B99AB357B69AED
:1097E000C057AF9AC357BA9AC657BB9AC7579AFA87
:1097F000C85799FACB578496CE57E98FD257BD9A5E
:10980000D357BE9AD457BC9AD657C09ADC575794B0
:10981000DF57E688E0577595E357C19AF457FB8FF9
:10982000F757B78EF9577C94FA57EE8AFC57E98DB3
:10983000005878960258B0930558988C0658CD91E8
:109840000A58BF9A0B58C29A1558C2911958C39A10
:109850001D58C49A2158C69A2458E7922A58AC8AAF
:109860002F589FEA305881893158F1953458EA8F42
:10987000355867933A58E48D3D58CC9A4058BB957B
:109880004158DB974A58F2894B58C89A5158599118
:109890005258CB9A54588393575868935858849386
:1098A0005958B7945A58CB925E58C78D6258C79A88
:1098B000695896896B5855937058C99A7258C59AC9
:1098C00075586F907958CD9A7E586D8F8358AB8BB1
:1098D0008558CE9A9358E69597589D919C58C49276
:1098E0009E589DFA9F58D09AA8586E96AB58D19A18
:1098F000AE58D69AB2589EFAB358AD95B858D59A84
:10990000B958CF9ABA58D29ABB58D49ABE58A48D97
:10991000C158C795C558D79AC7586492CA58F38991
:10992000CC58EB8FD158D99AD358D89AD558888D1E
:10993000D758DA9AD858DC9AD958DB9ADC58DE9A8C
:10994000DE58D39ADF58E09AE458DF9AE558DD9A5A
:10995000EB586D8EEC587090EE587391EF58E19A79
:10996000F058BA90F158EB88F2588494F758D9928D
:10997000F958E39AFA58E29AFB58E49AFC58E59AA7
:10998000FD58E69A0259E79A0959CF950A59E89A7B
:109990000B599FFA0F59C4891059E99A15595B97C9
:1099A00016594F8A1859C7991959678F1A59BD9175
:1099B0001B59EA9A1C59E9962259B2962559EC9AF4
:1099C0002759E591295956932A59BE912B597695D5
:1099D0002C59ED9A2D59EE9A2E599B893159B88EF2
:1099E0003259EF9A3759CE883859F09A3E59F19A40
:1099F000445982894759EF8A4859DE934959F2956B
:109A00004E59F59A4F5974915059F49A51595F8CA7
:109A10005359A0FA54597A965559F39A5759859340
:109A20005859F79A5A59F69A5B59A1FA5D59A2FA10
:109A30006059F99A6259F89A6359A3FA65599C8951
:109A40006759FA9A6859A78F6959FC9A6A594492DA
:109A50006C59FB9A6E59B1957359978F74597A93D3
:109A60007859409B7D59448D8159419B825940943E
:109A70008359DC948459CF968A5944948D594A9BD2
:109A80009359578B965964979959AD969B59AA9BB0
:109A90009D59429BA359459BA459A4FAA559C3912A
:109AA000A8595796AC596993B259469BB9598596AE
:109AB000BA59A5FABB59C88DBE59A88FC659479B3C
:109AC000C9596F8ECB596E8ED059B788D159C68C73
:109AD000D359A990D459CF88D9594B9BDA594C9B6B
:109AE000DC59499BE5595789E659AD8AE859489BA5
:109AF000EA59C396EB595095F659A688FB59F78851
:109B0000FF59708E015AD088035AA188095A519B77
:109B1000115A4F9B185ABA961A5A529B1C5A509B6C
:109B20001F5A4E9B205A5090255A4D9B295AD89522
:109B30002F5AE28C355A569B365A579B3C5AA98F5E
:109B4000405A539B415A4B98465A6B94495A559BDD
:109B50005A5AA58D625A589B665A77956A5A599BEC
:109B60006C5A549B7F5AB996925A7D949A5A5A9B32
:109B70009B5A5195BC5A5B9BBD5A5F9BBE5A5C9BDE
:109B8000C15AC589C25A5E9BC95AB98ECB5A5D9BD0
:109B9000CC5A998CD05A6B9BD65A649BD75A619BEE
:109BA000E15A8492E35A609BE65A629BE95A639BAE
:109BB000FA5A659BFB5A669B095BF08A0B5B689BB4
:109BC0000C5B679B165B699B225BEC8F2A5B6C9B33
:109BD0002C5BDA92305B6489325B6A9B365B6D9BEF
:109BE0003E5B6E9B405B719B435B6F9B455B709BD9
:109BF000505B718E515B729B545B458D555B739BC3
:109C0000565BA6FA575B9A8E585BB6915A5B749B6B
:109C10005B5B759B5C5B798E5D5B468D5F5BD09615
:109C2000635B478B645BC78C655B769B665B778AFF
:109C3000695B779B6B5BB791705B789B715BA19B5A
:109C4000735B799B755B7A9B785B7B9B7A5B7D9B77
:109C5000805B7E9B835B809B855BEE91875B468907
:109C6000885BE78E895BC0888B5B76918C5BAE8A64
:109C70008D5BB38E8F5B478D955B8693975B408F33
:109C8000985BAF8A995B88929A5BE8929B5BB688F7
:109C90009C5B588B9D5BF3959F5BC08EA25B718B29
:109CA000A35BE990A45BBA8EA55B4797A65B819BFB
:109CB000AE5B7B8BB05BC98DB35B518AB45B838930
:109CC000B55BAA8FB65BC689B85B829BB95B6597AB
:109CD000BF5B688FC05BA7FAC25BE28EC35B839BEE
:109CE000C45BF18AC55BD093C65BA796C75B849BB8
:109CF000C95B859BCC5B7895D05B879BD25BA68A42
:109D0000D35BF58BD45B869BD85BA9FADB5BB08A0F
:109D1000DD5B5190DE5B8B9BDF5B408EE15BC78937
:109D2000E25B8A9BE45B889BE55B8C9BE65B899BA3
:109D3000E75B4A94E85BCB9EE95B5290EB5B8D9BC3
:109D4000EC5BAAFAEE5BBE97F05B8E9BF35B909B9D
:109D5000F55B9E92F65B8F9BF85BA190FA5B9B8E06
:109D6000FE5BCE91FF5BF58E015C9595025CEA90FF
:109D7000045CCB8E055C919B065CAB8F075C929B71
:109D8000085C939B095CD1880A5CB8910B5C71906C
:109D90000D5C949B0E5CB1930F5CAC8F115CAD8F2E
:109DA000135C959B165CEB901A5CAE8F1E5CABFA55
:109DB000205C969B225C979B245CDE96285C989B9B
:109DC0002D5CC48B315C418F385C999B395C9A9BCC
:109DD0003A5CDA8E3B5C4B903C5CF2933D5C73905A
:109DE0003E5CF6943F5C4194405CC78B415C9B9B1E
:109DF000455C8F8B465C9C9B485CFC8B4A5CCD939E
:109E00004B5CAE894D5C728E4E5C9D9B4F5CA09B03
:109E1000505C9F9B515CFB8B535C9E9B555C5793A6
:109E20005E5CAE91605C6A93615CC68E645C7791A7
:109E3000655C9A976C5CA29B6E5CA39B6F5CD493F1
:109E4000715C528E765CA59B795CA69B8C5CA79B13
:109E5000905CF28A915CA89B945CA99BA15CAA8906
:109E6000A65CACFAA85C5A91A95CE28AAB5CAB9B9D
:109E7000AC5CA696B15CD091B35C788AB65CAD9BC5
:109E8000B75CAF9BB85CDD8ABA5CADFABB5CAC9BDF
:109E9000BC5CAE9BBE5CB19BC55CB09BC75CB29B1F
:109EA000D95CB39BE05CBB93E15CAC8BE85CE38981
:109EB000E95CB49BEA5CB99BED5CB79BEF5CF59504
:109EC000F05CF495F55CAEFAF65C8793FA5CB69BB1
:109ED000FB5C738FFD5CB59B075D92900B5DBA9B3D
:109EE0000E5DE88D115DC09B145DC19B155DBB9B34
:109EF000165D528A175DBC9B185DC59B195DC49B9E
:109F00001A5DC39B1B5DBF9B1F5DBE9B225DC29BF9
:109F1000275DAFFA295DF695425DB2FA4B5DC99BAC
:109F20004C5DC69B4E5DC89B505D9297525DC79B32
:109F3000535DB0FA5C5DBD9B695D93906C5DCA9B9F
:109F40006D5DB3FA6F5DB58D735DCB9B765DCC9B1C
:109F5000825DCF9B845DCE9B875DCD9B8B5D88931F
:109F60008C5DB89B905DD59B9D5DD19BA25DD09B88
:109F7000AC5DD29BAE5DD39BB75DD69BB85DB4FAAA
:109F8000B95DB5FABA5DE497BC5DD79BBD5DD49B66
:109F9000C95DD89BCC5DDE8ACD5DD99BD05DB6FA1C
:109FA000D25DDB9BD35DDA9BD65DDC9BDB5DDD9B0D
:109FB000DD5DEC90DE5D428FE15D848FE35D83913A
:109FC000E55D488DE65DB68DE75D498DE85D908B7A
:109FD000EB5DDE9BEE5DB78DF15DC88CF25DDF9BC6
:109FE000F35DA496F45D6294F55DE09BF75D4A8DA8
:109FF000FB5DAA8AFD5D4692FE5DD08B025E738E8C
:10A00000035E7A95065EBF940B5EE19B0C5EF38A5D
:10A01000115EE49B165E9F92195EE39B1A5EE29BC3
:10A020001B5EE59B1D5EE992255E83902B5E748E20
:10A030002D5EC8902F5ED191305E418B335EA09231
:10A04000365EE69B375EE79B385EED8F3D5E589649
:10A05000405EEA9B435EE99B445EE89B455E9D95BE
:10A06000475EF19B4C5E79964E5EEB9B545EED9B9A
:10A07000555E8B96575EEC9B5F5EEE9B615EA69491
:10A08000625EEF9B635EBC95645EF09B725EB18A1C
:10A09000735EBD95745E4E94755EF29B765EF39B27
:10A0A000785E4B8D795EB28A7A5EF49B7B5EB68C6D
:10A0B0007C5E63977D5E48977E5EF48A7F5EF69B4A
:10A0C000815EA192835E4C8D845EAF8F875EDD944E
:10A0D0008A5EB08F8F5E988F955EEA92965EF79556
:10A0E000975E58939A5E4D8D9C5E7B95A05EF79B24
:10A0F000A65E7893A75EC08DAB5EC98CAD5EEB9219
:10A10000B55EC188B65E8E8FB75E4E8DB85E6697BF
:10A11000C15EF89BC25EF99BC35E7094C85EFA9BF9
:10A12000C95EF597CA5E4C98CF5EFC9BD05EFB9BE8
:10A13000D35E668AD65E409CDA5E439CDB5E449CBE
:10A14000DD5E429CDF5E5F95E05EB18FE15E469C26
:10A15000E25E459CE35E419CE85E479CE95E489C6C
:10A16000EC5E499CF05E4C9CF15E4A9CF35E4B9C1D
:10A17000F45E4D9CF65E8489F75EEC92F85E4E9C30
:10A18000FA5E9A8CFB5EF489FC5E5594FE5E4F9CF1
:10A19000FF5EF993015FD995035F509C045F4D9872
:10A1A000095F519C0A5FBE950B5F549C0C5F9F98A2
:10A1B0000D5FAF980F5FAE8E105FF393115F559CEC
:10A1C000135F7C8B145FA292155FF888165F569C14
:10A1D000175FA495185F4F8D1B5F6F921F5FED9205
:10A1E000215FB7FA255FED96265FB78C275FCA8C93
:10A1F000295F579C2D5F589C2F5F5E9C315FE38EDB
:10A20000345FB8FA355FA392375FAD8B385F599CE6
:10A210003C5F4A953E5F6592415F5A9C455F67FA95
:10A22000485F5B9C4A5FAE8B4C5F5C9C4E5F5D9C65
:10A23000515F5F9C535F9693565F609C575F619C34
:10A24000595F629C5C5F539C5D5F529C615F639C45
:10A25000625F608C665F4695675FB9FA695FCA8D19
:10A260006A5F56956B5FA4926C5F6A956D5F649CA4
:10A27000705FB28F715F6589735F659C775F669C65
:10A28000795FF0967C5FDE947F5F699C805F9D893B
:10A29000815FAA90825F689C835F679C845F618C0A
:10A2A000855FD291875F6D9C885F6B9C8A5F6A9C9B
:10A2B0008B5FA5978C5FE38C905F998F915F6C9C0F
:10A2C000925F6B93935F5D8F975FBE93985F709C77
:10A2D000995F6F9C9E5F6E9CA05F719CA15FE48CF8
:10A2E000A85F729CA95F9C95AA5F7A8FAD5F739CF3
:10A2F000AE5FF794B35FBF93B45FA592B75FBAFA4E
:10A30000B95F4F93BC5F749CBD5F4A8BC35F539032
:10A31000C55F4B95CC5FF58ACD5F4594D65F759C44
:10A32000D75F758ED85F5996D95F5A96DC5F9E8944
:10A33000DD5F7A9CDE5FBBFAE05F8992E45F779C29
:10A34000EB5FF589F05FAB9CF15F799CF55F4F9413
:10A35000F85F789CFB5F769CFD5F9A8DFF5F7C9C2D
:10A360000E60839C0F60899C1060819C12607B93BF
:10A370001560869C16607C951960809C1B60859C8E
:10A380001C60E5971D60768E2060D39121607D9CD6
:10A3900025607D8B2660889C2760AB90286085892E
:10A3A0002960829C2A60F6892B60879C2F60AF8B86
:10A3B0003160849C3A608A9C41608C9C4260969C8F
:10A3C0004360949C4660919C4A60909C4B60F697D9
:10A3D0004D60929C5060B08B5260508D55609A8F4A
:10A3E0005960999C5A608B9C5D60BCFA5F608F9C41
:10A3F00060607E9C6260F8896360939C6460959C59
:10A40000656070926860A68D6960B6896A608D9C8F
:10A410006B60989C6C60979C6D60B18B6F60A7912E
:10A420007060868A7560628C77608E9C81609A9C71
:10A4300083609D9C84609F9C8560BDFA8960BB8E13
:10A440008A60BEFA8B60A59C8C60EE928D609B9CAE
:10A450009260A39C9460F7899660A19C9760A29CEF
:10A460009A609E9C9B60A09C9F60E58CA060499731
:10A47000A360B38AA6607889A760A49CA960599458
:10A48000AA60AB88B260DF94B3607B9CB460AA9C86
:10A49000B560AE9CB660E396B860A79CBC6089933B
:10A4A000BD60AC9CC560EE8FC660AD9CC760D593A7
:10A4B000D1606698D360A99CD560C0FAD860AF9C83
:10A4C000DA609B8DDC60C990DE60BFFADF60D28805
:10A4D000E060A89CE160A69CE3607991E7609C9CA9
:10A4E000E860538EF060C491F160BB9CF260C2FAE8
:10A4F000F3607A91F460B69CF660B39CF760B49C0C
:10A50000F960E48EFA60B79CFB60BA9C0061B59C70
:10A510000161448F0361B89C0661B29C0861FA96A0
:10A520000961F9960D61BC9C0E61BD9C0F61D388D9
:10A530001161C3FA1561B19C1A61F08B1B61A4888B
:10A540001F61B48A2061C1FA2161B99C2761C19C55
:10A550002861C09C2C61C59C3061C5FA3461C69CE1
:10A560003761C4FA3C61C49C3D61C79C3E61BF9C9D
:10A570003F61C39C4261C89C4461C99C4761BE9CC9
:10A5800048619C8E4A61C29C4B61D4914C61518D53
:10A590004D61B09C4E6154905361D69C5561E795D6
:10A5A0005861CC9C5961CD9C5A61CE9C5D61D59C13
:10A5B0005F61D49C62619D966361B58A6561D29C3E
:10A5C0006761648C6861538A6B61CF9C6E61B697DA
:10A5D0006F61D19C7061D4887161D39C7361CA9C96
:10A5E0007461D09C7561D79C7661638C7761CB9CDC
:10A5F0007E617C9782614A978761DA9C8A61DE9CE2
:10A600008E619E919061F7979161DF9C9461DC9CD3
:10A610009661D99C9861C6FA9961D89C9A61DD9C33
:10A62000A461AE95A761B293A961658CAB61E09C12
:10A63000AC61DB9CAE61E19CB2619B8CB661AF8981
:10A64000BA61E99CBE61B68AC361E79CC661E89CB9
:10A65000C761A78DC861E69CC961E49CCA61E39C9F
:10A66000CB61EA9CCC61E29CCD61EC9CD061F98924
:10A67000E361EE9CE661ED9CF261A692F461F19CCF
:10A68000F661EF9CF761E59CF8619C8CFA61F09CA7
:10A69000FC61F49CFD61F39CFE61F59CFF61F29C02
:10A6A0000062F69C0862F79C0962F89C0A62E895D1
:10A6B0000C62FA9C0D62F99C0E625E8F1062AC9087
:10A6C0001162E4891262FA891362C7FA1462FB9C70
:10A6D0001662BD881A62CA901B62FC9C1D62C1E6AC
:10A6E0001E62409D1F62818C2162419D2662ED9019
:10A6F0002A62429D2E62439D2F62598B3062449D97
:10A700003262459D3362469D3462D5913862CB8C6E
:10A710003B62DF963F625B9640628A8F4162479D53
:10A720004762EE904862BBE74962E0944B62E88E74
:10A730004D62CB8D4E62489D5362C5915562A59581
:10A740005862EF915B624B9D5E62499D60624C9DD9
:10A7500063624A9D68624D9D6E62AF957162B58875
:10A7600076627D957962E1947C624E9D7E62519D18
:10A770007F62B38F80625A8B82624F9D8362569D47
:10A780008462B48F8962509D8A62639491627D97DE
:10A790009262529D9362539D9462579D95628A93F3
:10A7A0009662549D9762528D9862DC909B62659D83
:10A7B0009C62B2949E62F091A662C8FAAB62E29487
:10A7C000AC62AB9DB162F895B562EF92B9629596B5
:10A7D000BB625A9DBC629F89BD628A92C262639DC0
:10A7E000C5625392C6625D9DC762649DC8625F9DEB
:10A7F000C962669DCA62629DCC62619DCD628F9482
:10A80000CF625B9DD062FB89D162599DD262918BF0
:10A81000D362F191D462559DD762589DD862538D11
:10A82000D962D990DB62B58FDC62609DDD62719484
:10A83000E062928BE162678AEC62878AED62409007
:10A84000EE62689DEF626D9DF162699DF3629D8C81
:10A85000F5626E9DF662418EF762898DFE62458FCC
:10A86000FF625C9D01639D8E02636B9D0763778E23
:10A8700008636C9D0963C2880C63679D1163A7928E
:10A880001963938B1F63B28B27636A9D2863A58826
:10A890002B63C18D2F6355903A63F0923D63D29440
:10A8A0003E63709D3F637D914963A8914C634A8EDE
:10A8B0004D63719D4F63739D50636F9D5563DF952D
:10A8C0005763BB925C637B916763F9956863CC8E39
:10A8D0006963809D6B637E9D6E63989072639E8CAE
:10A8E0007663789D7763B78F7A63E6937B63509442
:10A8F0008063769D83637C918863F68E89637B9DFC
:10A900008C63B68F8E63759D8F637A9D926372940C
:10A910009663749D9863408C9B637C8A9F637C9D47
:10A92000A063A997A163CC8DA2635492A363799D80
:10A93000A563DA90A763548DA8638490A963868980
:10A94000AA635B91AB63779DAC63648BB263668CE7
:10A95000B463CD92B5637D9DBB637E91BE63819DE3
:10A96000C063839DC363B591C463899DC663849DA1
:10A97000C963869DCF636095D063F192D263879D52
:10A98000D6634B97DA636797DB63B78AE163AC887A
:10A99000E363859DE963829DEE63F68AF4638789AC
:10A9A000F563C9FAF663889DFA63689706648C9D1F
:10A9B0000D64B9910F64939D13648D9D16648A9DF7
:10A9C0001764919D1C64729D26648E9D2864929DDF
:10A9D0002C64C0942D648B9334648B9D36648F9D5E
:10A9E0003A64678C3E64EF8D4264DB904E64979DC1
:10A9F000586445936064CAFA6764949D696480965C
:10AA00006F64959D7664969D7864CC967A64A090E8
:10AA10008364828C88649D9D9264548E93649A9D15
:10AA20009564999D9A6451949D64CBFA9E64B39306
:10AA3000A4645093A5649B9DA9649C9DAB648F9571
:10AA4000AD646494AE64428EB064EF90B2646F966D
:10AA5000B964688ABB64A39DBC649E9DC164699708
:10AA6000C264A59DC564A19DC764A29DCD6480916B
:10AA7000CE64CCFAD264A09DD4645E9DD864A49DBB
:10AA8000DA649F9DE064A99DE164AA9DE264469317
:10AA9000E364AC9DE664438EE764A79DEC645B8B46
:10AAA000EF64AD9DF164A69DF264B19DF464B09D28
:10AAB000F664AF9DFA64B29DFD64B49DFE64EF8FB1
:10AAC0000065B39D0565B79D1865B59D1C65B69D70
:10AAD0001D65909D2365B99D2465B89D2A65989D47
:10AAE0002B65BA9D2C65AE9D2F65788E3465BB9D18
:10AAF0003565BC9D3665BE9D3765BD9D3865BF9D7E
:10AB00003965FC893B65558D3E65FA953F65AD908D
:10AB10004565CC8C4865C19D4D65C49D4E65CDFA9B
:10AB20004F65719551657E8B5565C39D5665C29D78
:10AB3000576573945865C59D5965B38B5D65C79D11
:10AB40005E65C69D6265B88A6365558E6665D693F7
:10AB50006C65688C706594907265C89D7465AE90E4
:10AB60007565479377657E957865C99D8265CA9DB1
:10AB70008365CB9D8765B69588657C9B8965C49008
:10AB80008C656B958E65D68D9065E3949165C194C7
:10AB900097656C939965BF979B65CD9D9C65CE8E9F
:10ABA0009F65CE9DA165B488A465D28BA565CB9029
:10ABB000A7658095AB65CF9DAC65618EAD656692EE
:10ABC000AF657A8EB0655690B765D09DB965FB9537
:10ABD000BC659789BD657B8EC165D39DC365D19DDD
:10ABE000C465D49DC565B797C665D29DCB65F99000
:10ABF000CC65D59DCF65B091D265D69DD765F88AD5
:10AC0000D965D89DDB65D79DE065D99DE165DA9D65
:10AC1000E265F98AE565FA93E6655592E7658C8BFE
:10AC2000E8657C8EE9658191EC657B8FED65AE888A
:10AC3000F165DB9DFA65A089FB65DF9D0066CEFAB4
:10AC40000266568D0366DE9D0666A98D0766B88F7F
:10AC50000966D1FA0A66DD9D0C66B98F0E66BE964E
:10AC60000F66A88D1366D5881466CC901566CFFA4A
:10AC70001C66E49D1E66D3FA1F66AF902066668947
:10AC80002466D4FA2566748F276686962866F08D2A
:10AC90002D66BA8F2E66D2FA2F66A590316663FABA
:10ACA0003466E39D3566E19D3666E29D3B66D0FAEB
:10ACB0003C668B923F66459E4166E89D42669E8E4D
:10ACC0004366578D4466E69D4966E79D4B665790FF
:10ACD0004F66E59D52664E8E5766D6FA5966D7FA8C
:10ACE0005D66EA9D5E66E99D5F66EE9D6266EF9D2C
:10ACF0006466EB9D6566D5FA6666418A6766EC9D7B
:10AD00006866ED9D6966D3946E6681956F66698C01
:10AD10007066F09D7366D9FA7466B0907666BB8FE4
:10AD20007A6671928166C58B8366F19D8466F59D16
:10AD30008766C9898866F29D8966F49D8E66F39D53
:10AD400091668B8F966667929766C3889866F69D24
:10AD50009966DAFA9D66F79DA066DBFAA266A8926C
:10AD6000A666EF97AB66628EAE66E995B266DCFAD0
:10AD7000B4665C96B866419EB966F99DBC66FC9D5A
:10AD8000BE66FB9DBF66DDFAC166F89DC466409E47
:10AD9000C766DC93C966FA9DD666429ED9668C8FDB
:10ADA000DA66439EDC666A97DD669894E066449EA8
:10ADB000E666469EE966479EF066489EF266C88B48
:10ADC000F3666789F466588DF566499EF7664A9E74
:10ADD000F866918FF9668291FA66DEFAFB6666FA8A
:10ADE000FC66D699FD665D91FE665C91FF66D69124
:10ADF0000067C58D0367F09808678E8C09674C97CC
:10AE00000B67FC950D679E950E67DFFA0F674B9EEB
:10AE10001467F18D1567BD9216674C9E17674E98A3
:10AE20001B675D961D67A9921E674D9E1F67FA8A74
:10AE300026674E9E27674F9E2867D8962A67A29658
:10AE40002B6796962C677B962D67448E2E67519EB6
:10AE50003167E98E346770963667539E3767569E22
:10AE60003867559E3A67F78A3D67808B3F67529EE9
:10AE70004167549E4667579E496799904E679B97D6
:10AE80004F67C7885067DE8D5167BA915367DB8E75
:10AE90005667F18F59675A9E5C676D935E67589E3F
:10AEA0005F67A9916067599E6167F08F6267DB9663
:10AEB00063675B9E64675C9E656788976667E1FA77
:10AEC0006A67619E6D67598D6F67749470675E9E47
:10AED00071678C937267DC9D7367E09D75676E8BFD
:10AEE000776766947C67609E7E67BC8F7F67C2943D
:10AEF0008567669E8767F89489675D9E8B67639E0A
:10AF00008C67629E9067CD9095678D969767D19775
:10AF10009A6787969C67CA899D677D8EA0676798A8
:10AF2000A167659EA2679590A667649EA9675F9ECC
:10AF3000AF67CD8CB3676B9EB467699EB667CB89EC
:10AF4000B767679EB8676D9EB967739EBB67E2FA85
:10AF5000C067E4FAC167C691C467BF95C667759EAE
:10AF6000CA674195CE67749ECF679094D0675E960E
:10AF7000D167B98AD367F590D4675F8FD867D192CC
:10AF8000DA674D97DD67709EDE676F9EE267719EA0
:10AF9000E4676E9EE767769EE9676C9EEC676A9E43
:10AFA000EE67729EEF67689EF1678C92F367F69684
:10AFB000F467C48EF567F28DFB67B88DFE678F96D8
:10AFC000FF67608A0168E5FA0268CC920368C8935B
:10AFD000046868891368F0901668B2901768498C05
:10AFE0001E68789E21685A8D22689C8A29687A9EFC
:10AFF0002A68948A2B68819E32687D9E3468F1901D
:10B0000038686A8A3968AA8D3C68698A3D68CD8D3E
:10B0100040687B9E4168858C42686A8C43688D934A
:10B020004468E6FA4668799E4868C4884D687C9E04
:10B030004E687E9E5068CB8B51684B8C5268E3FA09
:10B040005368BA8A54686A8B5968829E5C68F78D27
:10B050005D6891965F68568E6368839E67684F95BA
:10B0600074688F9E7668B1897768849E7E68959EA5
:10B070007F68859E8168C09783688C9E85687E9472
:10B080008D68949E8F68879E9368B2889468899E25
:10B0900097685B8D9B688B9E9D688A9E9F68869E45
:10B0A000A068919EA268BD8FA668EB9AA768E68CFF
:10B0B000A8689C97AD68889EAF68F292B068428A93
:10B0C000B168AB8DB368809EB568909EB668818A82
:10B0D000B9688E9EBA68929EBC688E93C468FC8ADA
:10B0E000C668B09EC86864FAC968C796CA68979E61
:10B0F000CB68FB8ACD689E9ECF68E7FAD2685F96E0
:10B10000D4689F9ED568A19ED768A59ED868999E51
:10B11000DA684992DF688F93E068A99EE1689C9E97
:10B12000E368A69EE768A09EEE685890EF68AA9E26
:10B13000F268B190F968A89EFA68BB8A00696F98B6
:10B140000169969E0469A49E0569D6880869989E3F
:10B150000B69B8960C699D9E0D6941900E69C59268
:10B160000F69939E1269A39E19699A901A69AD9E00
:10B170001B69918A1C699F8C2169AF9E22699A9EE6
:10B180002369AE9E2569A79E26699B9E2869AB9E72
:10B190002A69AC9E3069BD9E3469CC933669A29E03
:10B1A0003969B99E3D69BB9E3F69D6924A696B97E2
:10B1B000536996955469B69E5569C8915969BC9E64
:10B1C0005A695E915C69B39E5D69C09E5E69BF9E6F
:10B1D0006069ED936169BE9E6269E8936869E9FA06
:10B1E0006A69C29E6B69B59E6D69C68B6E69B89EB1
:10B1F0006F697C8F736980947469BA9E7569C98B15
:10B200007769B29E7869B49E7969B19E7C694F98DE
:10B210007D69798A7E69B79E8169C19E8269548AF7
:10B220008A69E58D8E697C899169D29E946950986E
:10B230009569D59E9869EBFA9B6959909C69D49E53
:10B24000A069D39EA769D09EAE69C49EB169E19EF4
:10B25000B269C39EB469D69EBB69CE9EBE69C99EC3
:10B26000BF69C69EC169C79EC369CF9EC769A0EA70
:10B27000CA69CC9ECB695C8DCC69C692CD6984913C
:10B28000CE69CA9ED069C59ED369C89ED8696C979D
:10B29000D9698A96DD69CD9EDE69D79EE269ECFAAE
:10B2A000E769DF9EE869D89EEB69E59EED69E39E5C
:10B2B000F269DE9EF969DD9EFB69CE92FD6985919A
:10B2C000FF69DB9E026AD99E056AE09E0A6AE69ED5
:10B2D0000B6AF3940C6AEC9E126AE79E136AEA9E6C
:10B2E000146AE49E176A9492196A57951B6ADA9E4B
:10B2F0001E6AE29E1F6ABE8F216ACD96226AF69E62
:10B30000236AE99E296AA08C2A6AA1892B6A7E8A0F
:10B310002E6AD19E306AEDFA356ABF8F366AEE9E8C
:10B32000386AF59E396AF78E3A6A928A3D6A4D927A
:10B33000446AEB9E466AEFFA476AF09E486AF49EBA
:10B340004B6AB48B586A6B8B596AF29E5F6A408B6A
:10B35000616AC993626AF19E666AF39E6B6AEEFA4D
:10B36000726AED9E736AF0FA786AEF9E7E6AF1FA6D
:10B370007F6A808A806A6892846AFA9E8D6AF89EE3
:10B380008E6AE78C906AF79E976A409F9C6A779EC8
:10B39000A06AF99EA26AFB9EA36AFC9EAA6A4B9FC2
:10B3A000AC6A479FAE6A8D9EB36A469FB86A459F56
:10B3B000BB6A429FC16AE89EC26A449FC36A439FB8
:10B3C000D16A499FD36A4598DA6A4C9FDB6AF98B48
:10B3D000DE6A489FDF6A4A9FE26AF2FAE46AF3FA99
:10B3E000E86AA594EA6A4D9FFA6A519FFB6A4E9FEC
:10B3F000046B9397056B4F9F0A6BDC9E126B529FF9
:10B40000166B539F1D6B54891F6B559F206B878C48
:10B41000216B9F8E236BD38B276BA289326B7E9718
:10B42000376B579F386B569F396B599F3A6B5C8BC4
:10B430003D6BD48B3E6BBC8A436B5C9F476B5B9FC1
:10B44000496B5D9F4C6BCC894E6B5692506B5E9FE7
:10B45000536BBD8A546B609F596B5F9F5B6B619FA1
:10B460005F6B629F616B639F626B7E8E636BB39059
:10B47000646B9F8D666B9095696BE0956A6B6398C2
:10B480006F6B958E736BCE8D746BF097786B649F3A
:10B49000796B659F7B6B808E7F6B669F806B679FF0
:10B4A000836B699F846B689F866B7796896B7D8FB2
:10B4B0008A6BEA8E8B6B638E8D6B6A9F956B6C9F2C
:10B4C000966B4290986B6B9F9E6B6D9FA46B6E9F6B
:10B4D000AA6B6F9FAB6B709FAF6B719FB16B739FCC
:10B4E000B26B729FB36B749FB46BA389B56B699297
:10B4F000B76B759FBA6B458EBB6B6B8ABC6B769FC7
:10B50000BF6B6193C06BCA9AC56B428BC66B779F4A
:10B51000CB6B789FCD6BEA95CE6B8896D26BC5933B
:10B52000D36B799FD46BE494D66BF4FAD86BF9940F
:10B53000DB6BD196DF6B7A9FEB6B7C9FEC6B7B9F19
:10B54000EF6B7E9FF36B7D9F086C819F0F6C818EEC
:10B55000116CAF96136C829F146C839F176C438B96
:10B560001B6C849F236C869F246C859F346C859014
:10B57000376C5895386C69893E6CC3943F6CF5FA0A
:10B58000406CF392416C608F426C818B4E6CC49422
:10B59000506CAC8E556C889F576CBE8A5A6C9889DB
:10B5A0005C6CF6FA5D6CF0935E6C879F5F6C5D8DF2
:10B5B000606C7292626C899F686C919F6A6C8A9FC2
:10B5C0006F6CF8FA706CBF91726C828B736C929F87
:10B5D0007A6C888C7D6C448B7E6C909F816C8E9F86
:10B5E000826C8B9F836C8097866CF7FA886CBE9216
:10B5F0008C6CD7938D6C8C9F906C949F926C939F66
:10B60000936C428C966CAB89996CB98D9A6C8D9FBA
:10B610009B6C8F9FA16C7696A26CF291AB6C979607
:10B62000AE6C9C9FB16C9D9FB36CCD89B86CA69598
:10B63000B96CFB96BA6C9F9FBB6CA18EBC6CC08F23
:10B64000BD6C989FBE6C9E9FBF6C8889C16CB58B8A
:10B65000C46C959FC56C9A9FC96CF290CA6C91940A
:10B66000CC6CE594D36C979FD56C4096D76C999F22
:10B67000D96CA29FDA6CF9FADB6CA09FDD6C9B9F02
:10B68000E16C4196E26C6794E36C838BE56C4493C8
:10B69000E86C8D92EA6CA39FEF6CA19FF06CD79140
:10B6A000F16C969FF36C6A89046DFAFA0B6D6D97D5
:10B6B0000C6DAE9F126DAD9F176DF490196DAA9F22
:10B6C0001B6D8C971E6DB4931F6DA49F256DC39247
:10B6D000296D6B892A6D5E8D2B6DA79F326D468F0C
:10B6E000336DAC9F356DAB9F366DA69F386DA99FAE
:10B6F0003B6D888A3D6DA89F3E6D6894416DAC9707
:10B70000446DF28F456DF390596DB49F5A6DB29FA1
:10B710005C6D6C95636DAF9F646DB19F666D59896B
:10B72000696D5F8D6A6D51986C6D5C8A6E6D8295E6
:10B730006F6DFCFA746D8197776D438A786D5A90BE
:10B74000796DB39F856DB89F876DFBFA886DC18F4A
:10B750008C6D4F978E6DB59F936DB09F956DB69F15
:10B76000966D40FB996DDC979B6D93939C6DC09398
:10B77000AC6D41FBAF6D558AB26D7489B56DBC9FE0
:10B78000B86DBF9FBC6DC197C06D8497C56DC69FD6
:10B79000C66DC09FC76DBD9FCB6DD297CC6DC39F4B
:10B7A000CF6D42FBD16D698FD26DC59FD56DCA9F9C
:10B7B000D86D9193D96DC89FDE6DC29FE16D579290
:10B7C000E46DC99FE66DBE9FE86DC49FEA6DCB9F97
:10B7D000EB6DFA88EC6DC19FEE6DCC9FF16D5B90C7
:10B7E000F26D44FBF36D7E8FF56DA395F76DAC8D17
:10B7F000F86D43FBF96DB99FFA6DC79FFB6D5993C7
:10B80000FC6D45FB056EB490076E898A086ECF8D7E
:10B81000096EC28F0A6EBB9F0B6E618F136E6B8CAD
:10B82000156EBA9F196ED09F1A6E8D8F1B6EB88CD5
:10B830001D6EDF9F1F6ED99F206E948B216E6E93BD
:10B84000236ED49F246EDD9F256EAD88266E5189B0
:10B85000276E48FB296EB7892B6ED69F2C6EAA9156
:10B860002D6ECD9F2E6ECF9F2F6E608D386EE09F18
:10B87000396E46FB3A6EDB9F3C6E49FB3E6ED39FB2
:10B88000436EDA9F4A6EA9964D6ED89F4E6EDC9F2E
:10B89000566ECE8C586EC38F5B6E58925C6E47FBB3
:10B8A0005F6ED29F676E4E976B6ED59F6E6ECE9F0A
:10B8B0006F6E9293726ED19F766ED79F7E6E7098E8
:10B8C0007F6EBC8E806E9E96826EE19F8C6EAC9475
:10B8D0008F6EED9F906EB98C966E808F986EE39F01
:10B8E0009C6EAD979D6E618D9F6EF09FA26EEC88F1
:10B8F000A56EEE9FAA6EE29FAF6EE89FB26EEA9FC2
:10B90000B66E6E97B76EE59FBA6E4D93BD6EE79FAC
:10B91000BF6E4AFBC26EEF9FC46EE99FC56EC596AF
:10B92000C96EE49FCB6EA08ECC6EFC9FD16E8A8ACE
:10B93000D36EE69FD46EEB9FD56EEC9FDD6EEA91E1
:10B94000DE6ED891EC6EF49FEF6EFA9FF26EF89F68
:10B95000F46E4893F76E42E0F86EF59FFE6EF69F28
:10B96000FF6EDE9F016F998B026F5995066FBD8E3A
:10B97000096F978D0F6F5298116FF29F136F41E00F
:10B98000146F8989156F8691206F9994226FBF8AF1
:10B99000236FF8972B6F9F962C6FD092316FF99F82
:10B9A000326FFB9F386F51913E6F40E03F6FF79FC2
:10B9B000416FF19F456FC18A546F898C586F4EE07B
:10B9C0005B6F49E05C6FF6905F6F838A646F818F75
:10B9D000666F52E06D6F4BE06E6FAA926F6F48E03A
:10B9E000706FD792746F6BE0786F45E07A6F44E0C8
:10B9F0007C6F4DE0806F47E0816F46E0826F4CE0E6
:10BA0000846F9F90866F43E0886F4BFB8E6F4FE093
:10BA1000916F50E0976FC08AA16F55E0A36F54E01B
:10BA2000A46F56E0AA6F59E0B16F6293B36F53E011
:10BA3000B56F4CFBB96F57E0C06F838CC16FF79146
:10BA4000C26F51E0C36F5A94C66F58E0D46F5DE087
:10BA5000D56F5BE0D86F5EE0DB6F61E0DF6F5AE0CF
:10BA6000E06F8A8DE16F4794E46FB79FEB6F949717
:10BA7000EC6F5CE0EE6F60E0EF6FF391F16F5FE011
:10BA8000F36F4AE0F56F4DFBF66F89E8FA6F64E0FB
:10BA9000FE6F68E0017066E005704EFB07704FFBBB
:10BAA000097062E00B7063E00F7067E0117065E091
:10BAB00015706D9518706DE01A706AE01B7069E082
:10BAC0001D706CE01E70D2931F706EE02670959210
:10BAD0002770EB91287050FB2C70A39030706FE0B2
:10BAE000327071E03E7070E04C70F39F517072E004
:10BAF0005870E593637073E06B70CE896F709493A8
:10BB00007070448A7870848B7C70DC8E7D70D08DF0
:10BB1000857051FB897046988A7086908E708A89EC
:10BB2000927075E0997074E0AB7052FBAC7078E085
:10BB3000AD705992AE707BE0AF7076E0B3707AE092
:10BB4000B87079E0B9705F93BA70D788BB7062FA49
:10BB5000C870F397CB707DE0CF704789D97080E0D3
:10BB6000DD707EE0DF707CE0F17077E0F970429686
:10BB7000FD7082E0047154FB097181E00F7153FB89
:10BB800014718B89197184E01A71B0951C7183E06E
:10BB90002171B3962671C58F367152913C71C48F55
:10BBA000467156FB477157FB4971F9974C718AE012
:10BBB0004E71F790557186E056718BE059718C8902
:10BBC0005C7155FB627189E064718194657185E0F7
:10BBD000667188E06771C68F6971CF946C718CE073
:10BBE0006E71CF8E7D71F89084718FE0887187E0DF
:10BBF0008A71468C8F718DE094716F97957190E08A
:10BC00009971A4EA9F716E8FA87191E0AC7192E076
:10BC1000B1714D94B97194E0BE7195E0C17159FB59
:10BC2000C3715294C8719593C97197E0CE7199E030
:10BC3000D071D397D27196E0D47198E0D5718D8987
:10BC4000D77193E0DF717A9AE0719AE0E57187919C
:10BC5000E671578EE7719CE0EC719BE0ED714390CB
:10BC6000EE71D799F5719DE0F9719FE0FB718EE05F
:10BC7000FC719EE0FE715AFBFF71A0E006729A947F
:10BC80000D72A1E01072A2E01B72A3E02872A4E082
:10BC90002A72DC922C72A6E02D72A5E03072A7E029
:10BCA0003272A8E03572DD8E367283953A72EA966A
:10BCB0003B72A9E03C72AAE03D7275913E72A28E81
:10BCC0003F72ABE04072ACE04672ADE04772D09597
:10BCD0004872C5944B72AEE04C7276945272AB923D
:10BCE0005872AFE05972E5895B728D8B5D72C496B4
:10BCF0005F72B4966172B28962725398677271967C
:10BD00006972A8957272B5907472B0E07972C1933D
:10BD10007D72A18C7E72B1E08072D28D8172B3E0AF
:10BD20008272B2E08772B4E09272B5E09672B6E0C9
:10BD3000A0725D8BA272B7E0A772B8E0AC72A28C61
:10BD4000AF72C694B1725BFBB272BAE0B672F38F97
:10BD5000B972B9E0BE725CFBC272B68BC372BBE053
:10BD6000C472BDE0C672BCE0CE72BEE0D072CF8CB1
:10BD7000D272BFE0D772E78BD9725F91DB729D8D73
:10BD8000E072C1E0E172C2E0E272C0E0E972EB8E03
:10BD9000EC72C693ED72B78BF772C4E0F8724B92F7
:10BDA000F972C3E0FC725498FD7282940A73C7E082
:10BDB0001673C9E01773C6E01B73D2961C73C8E0F4
:10BDC0001D73CAE01F73C29724735DFB2573CEE019
:10BDD0002973CDE02A7396922B734C942E73A38C07
:10BDE0002F73CCE03473CBE0367350973773519791
:10BDF0003E73CFE03F738E894473968D4573828E78
:10BE00004E73D0E04F73D1E05773D3E06373628F0A
:10BE10006873D5E06A73D4E07073D6E072736C8A8D
:10BE20007573D8E077735FFB7873D7E07A73DAE0E5
:10BE30007B73D9E08473BA8C8773A6978973CA8B96
:10BE40008B73A4899673E88BA973DF8AB273E69724
:10BE5000B373DCE0BB73DEE0BD7360FBC073DFE097
:10BE6000C273CF89C873DBE0C97361FBCA73588E94
:10BE7000CD73BF92CE73DDE0D27364FBD67362FBE9
:10BE8000DE73E2E0E073EC8EE37363FBE573E0E006
:10BE9000EA735D8CED73C794EE73E1E0F173FCE03F
:10BEA000F57366FBF873E7E0FE73BB8C0374858B58
:10BEB0000574E4E006749D97077465FB0974AE97FA
:10BEC0002274F4912574E6E0267467FB297469FBFB
:10BED0002A7468FB2E746AFB3274E8E03374D497DA
:10BEE0003474D58B3574FA94367469943A74E9E0F5
:10BEF0003F74EBE04174EEE05574EAE05974EDE014
:10BF00005A74E88C5B746C895C74EFE05E7490909A
:10BF10005F74ECE06074DA9762746BFB6374F2E058
:10BF20006474A2EA6974F0E06A74F3E06F74E5E0A7
:10BF30007074F1E07374BA8D7674F4E07E74F5E099
:10BF400083749E9789746CFB8B74F6E09E74F7E0A3
:10BF50009F746DFBA274E3E0A774F8E0B074C28A2A
:10BF6000BD74A38ECA74F9E0CF74FAE0D474FBE018
:10BF7000DC745A89E07440E1E2745A95E37441E15B
:10BF8000E674A28AE77442E1E97443E1EE7444E1A5
:10BF9000F07446E1F17447E1F27445E1F67472958C
:10BFA000F77449E1F87448E101756EFB03754BE1E4
:10BFB00004754AE105754CE10C754DE10D754FE1D5
:10BFC0000E754EE11175998D137551E1157550E19E
:10BFD0001875C38A1A7572901C755B931E7552E1B1
:10BFE0001F75B6902375598E25759989267553E16D
:10BFF000287570972B75E1952C7554E12F75A8FA6B
:10C0000030756393317552973275628D33755C90DC
:10C0100037756A923875B2993A75AC923B75E68974
:10C020003C7555E1447556E146755BE1497559E14A
:10C030004A7558E14B75C09D4C75458A4D7557E161
:10C040004F75D8885175A8945475C8945975AF9791
:10C050005A755CE15B755AE15C757B925D75A490E5
:10C060006075A99462754C9564755EE16575AA97D3
:10C0700066756C8C67755FE169755DE16A75D4946E
:10C080006B7560E16D7561E16F756FFB7075D988D7
:10C090007375F48F747566E1767563E17775EB936C
:10C0A000787562E17F75458B827569E1867564E11B
:10C0B000877565E1897568E18A7567E18B754495D7
:10C0C0008E7561918F75609191755E8B94756AE143
:10C0D0009A756BE19D756CE1A3756EE1A5756DE1D7
:10C0E000AB757589B17576E1B275E694B37570E19B
:10C0F000B57572E1B87574E1B9755D90BC7575E19F
:10C10000BD7573E1BE75BE8EC2756FE1C37571E119
:10C11000C5756195C775C78FCA7578E1CD7577E12B
:10C12000D27579E1D475A48ED575AD8DD8759793F8
:10C13000D9757AE1DB75C992DE757CE1E2759F976E
:10C14000E3757BE1E9758991F07582E1F27584E12F
:10C15000F37585E1F4757392FA7583E1FC7580E1FE
:10C16000FE757DE1FF757EE1017681E1097688E16A
:10C170000B7686E10D7687E11F7689E120768BE1EB
:10C1800021768CE122768DE124768EE127768AE194
:10C19000307690E134768FE13B7691E14276C39739
:10C1A000467694E1477692E1487693E14C76E08AD0
:10C1B0005276FC965676C895587696E15C7695E16F
:10C1C000617697E1627698E167769CE1687699E11D
:10C1D00069769AE16A769BE16C769DE170769EE1E4
:10C1E00072769FE17676A0E17876A1E17A76AD94D9
:10C1F0007B766F937C76A2E17D7692947E765395E2
:10C200008076A3E1827670FB8376A4E184764993FD
:10C210008676468A8776638D8876A5E18B76A6E159
:10C220008E76A7E19076488E9376A9E19676A8E17E
:10C230009976AAE19A76ABE19B7673FB9C7671FBCB
:10C240009E7672FBA67674FBAE76E794B076ACE190
:10C25000B476ADE1B77689EAB876AEE1B976AFE10A
:10C26000BA76B0E1BF764D8EC276B1E1C3767594F1
:10C27000C6767E96C8766D89CA767689CD76B2E125
:10C28000D276B4E1D676B3E1D7769093DB76B790E9
:10C29000DC76589FDE76B5E1DF76BF96E176B6E1D3
:10C2A000E376C48AE476D594E576B7E1E776B8E13B
:10C2B000EA76B9E1EE76DA96F276D396F476BC9227
:10C2C000F8768A91FB76BBE1FE76828F0177C88F84
:10C2D0000477BEE10777BDE10877BCE10977FB94FD
:10C2E0000B77C58A0C77A78C1B77C4E11E77C1E159
:10C2F0001F775E902077B0962477C0E12577C2E162
:10C300002677C3E12977BFE13777C5E13877C6E102
:10C310003A77AD923C77E18A40778592467776FB13
:10C320004777C7E15A77C8E15B77CBE161778790C0
:10C330006377C2936577CCE1667772966877C9E1D7
:10C340006B77CAE17977CFE17E77CEE17F77CDE178
:10C350008B77D1E18E77D0E19177D2E19E77D4E1EE
:10C36000A077D3E1A577CB95AC77758FAD77C497E0
:10C37000B077D5E1B377B593B677D6E1B977D7E1A2
:10C38000BB77DBE1BC77D9E1BD77DAE1BF77D8E1F4
:10C39000C777DCE1CD77DDE1D777DEE1DA77DFE182
:10C3A000DB77B596DC77E0E1E277EE96E377E1E1E3
:10C3B000E5776D92E7778A94E977E98BED775A9282
:10C3C000EE77E2E1EF77B88BF377CE90FC77E3E19D
:10C3D0000278BB8D0C78E4E11278E5E11478A48C46
:10C3E0001578D38D2078E7E1217878FB257875934F
:10C3F0002678D48D27786D8B3278439634786A947A
:10C400003A7876933F787B8D4578E9E14E7879FBF1
:10C410005D78C98F64787AFB6B78B0976C78648D9F
:10C420006F78A58C7278A1947478EBE17A787BFBB5
:10C430007C78EDE18178E98C8678ECE18778F4927C
:10C440008C78EFE18D78568A8E78EAE19178E894DD
:10C4500093784F899578EA8D977871989A78EEE17C
:10C46000A378F0E1A778C995A978D790AA78F2E1E6
:10C47000AF78F3E1B578F1E1BA786D8ABC78F9E18B
:10C48000BE78F8E1C178A58EC578FAE1C678F5E105
:10C49000CA78FBE1CB78F6E1D078D694D178F4E194
:10C4A000D478F7E1DA7841E2E77840E2E8788196FB
:10C4B000EC78FCE1EF78E988F47843E2FD7842E239
:10C4C0000179CA8F077944E20E796291117946E2C7
:10C4D000127945E2197947E22679E6E12A79E8E11D
:10C4E0002B7949E22C7948E230797CFB3A79A68EA7
:10C4F0003C79E7973E79D08E40794AE24179568C73
:10C5000047795F8B4879468B4979838E5079539769
:10C51000537950E255794FE25679639157794CE25D
:10C520005A794EE25D796A8F5E795F905F794DE26C
:10C5300060794BE2627949946579CB8F68795B9534
:10C540006D79D58D777998937A7951E27F7952E236
:10C55000807968E28179D68B84795C988579549169
:10C560008A7953E28D79D0898E79F5928F799F956A
:10C57000947981FB9B7983FB9D7954E2A6799A8B10
:10C58000A77955E2AA7957E2AE7958E2B079489492
:10C59000B37959E2B9795AE2BA795BE2BD79D78BBE
:10C5A000BE79D189BF79C393C079478FC179848E11
:10C5B000C9795CE2CB79488FD179C889D279629503
:10C5C000D5795DE2D879E994DF796491E17960E227
:10C5D000E37961E2E4798994E6796090E7795EE253
:10C5E000E9798192EC795FE2F079CC8FFB79DA8896
:10C5F000007A488B087A62E20B7AF6920D7A63E24F
:10C600000E7AC590147AAB96177A4295187A64E23E
:10C61000197A65E21A7A74921C7AC5971F7A67E2D2
:10C62000207A66E22E7AED8E317A69E2327AEE88ED
:10C63000377A6CE23B7A6AE23C7AD2893D7A6D8C39
:10C640003E7A6BE23F7A658D407A928D427AE4952C
:10C65000437A6DE2467A7396497A6FE24D7ACF90CB
:10C660004E7A6E894F7AB889507AAA88577A6EE2E4
:10C67000617A70E2627A71E2637AF58F697A72E2C6
:10C680006B7A6E8A707A74E2747A8A8C767A868B88
:10C69000797A75E27A7AF38B7D7A76E27F7AFA900C
:10C6A000817ACB93837ADE90847AF38D887A77E2ED
:10C6B000927A8292937A8B91957A79E2967A7BE25A
:10C6C000977A78E2987A7AE29F7A418CA97A7CE22A
:10C6D000AA7A458CAE7A878BAF7A7197B07A7EE270
:10C6E000B67A80E2BA7A4D89BF7A83E2C37A968AB3
:10C6F000C47A82E2C57A81E2C77A85E2C87A7DE2AD
:10C70000CA7A86E2CB7AA797CD7A87E2CF7A88E297
:10C71000D17A84FBD27AF29AD37A8AE2D57A89E204
:10C72000D97A8BE2DA7A8CE2DC7AB397DD7A8DE221
:10C73000DF7AEDE8E07ACD8FE17A8EE2E27A8FE27D
:10C74000E37A768FE57AB693E67A90E2E77A85FB2C
:10C75000EA7A4792EB7A87FBED7A91E2EF7A5B9285
:10C76000F07A92E2F67AA38BF87A5E99F97A7C9263
:10C77000FA7AB18EFF7AC68A027B93E2047BA0E24A
:10C78000067B96E2087B888B0A7B95E20B7BA2E214
:10C790000F7B94E2117BCE8F187B98E2197B99E294
:10C7A0001B7B4A931E7B9AE2207B7D8A257B7990B6
:10C7B000267B8495287B9CE22C7BE691337B97E259
:10C7C000357B9BE2367B9DE2397BF98D457BA4E28C
:10C7D000467B4D95487BA494497B99934B7BD88BA2
:10C7E0004C7BA3E24D7BA1E24F7BB394507B9EE256
:10C7F000517B7D92527B9B93547B9A93567BF48D15
:10C800005D7BB6E2657BA6E2677BA8E26C7BABE270
:10C810006E7BACE2707BA9E2717BAAE2747BA7E23B
:10C82000757BA5E27A7B9FE2867BCD95877BD3895A
:10C830008B7BB3E28D7BB0E28F7BB5E2927BB4E27F
:10C84000947B9394957BA596977B5A8E987BAEE2CA
:10C85000997BB7E29A7BB2E29C7BB1E29D7BADE231
:10C860009E7B88FB9F7BAFE2A17BC78AAA7B5C9201
:10C87000AD7BFB90B17BA094B47BBCE2B87BA2946F
:10C88000C07BDF90C17BB9E2C47BCD94C67BBDE2A7
:10C89000C77BD195C97B7A92CB7BB8E2CC7BBAE2DD
:10C8A000CF7BBBE2DD7BBEE2E07BC28EE47BC49348
:10C8B000E57BC3E2E67BC2E2E97BBFE2ED7B559814
:10C8C000F37BC8E2F67BCCE2F77BC9E2007CC5E2F1
:10C8D000077CC6E20D7CCBE2117CC0E2127CD399CE
:10C8E000137CC7E2147CC1E2177CCAE21F7CD0E251
:10C8F000217CC88A237CCDE2277CCEE22A7CCFE251
:10C900002B7CD2E2377CD1E2387CF4943D7CD3E2BC
:10C910003E7CFA973F7CEB95407CD8E2437CD5E2A5
:10C920004C7CD4E24D7CD0904F7CD7E2507CD9E255
:10C93000547CD6E2567CDDE2587CDAE25F7CDBE2B6
:10C94000607CC4E2647CDCE2657CDEE26C7CDFE27D
:10C95000737CC495757CE0E27E7CE096817CCC8B18
:10C96000827C488C837CE1E2897CB2958B7C8890C8
:10C970008D7CAE96907CE2E2927CB197957C94940B
:10C98000977C6591987C53949B7C6C8F9F7CBE8830
:10C99000A17CE7E2A27CE5E2A47CE3E2A57C9F8A9D
:10C9A000A77CCF8FA87CE8E2AB7CE6E2AD7CE4E23A
:10C9B000AE7CECE2B17CEBE2B27CEAE2B37CE9E291
:10C9C000B97CEDE2BD7CEEE2BE7CB890C07CEFE2CB
:10C9D000C27CF1E2C57CF0E2CA7CD08CCE7C57915F
:10C9E000D27CF3E2D67C9C93D87CF2E2DC7CF4E24D
:10C9F000DE7CB395DF7C8C91E07C668DE27CF5E299
:10CA0000E77CC697EF7CF7E2F27CF8E2F47CF9E28F
:10CA1000F67CFAE2F87C858EFA7CFBE2FB7C6E8C7D
:10CA2000FE7C8A8B007D498B027D40E3047DF1967C
:10CA3000057D678D067DFCE20A7D43E30B7DE49670
:10CA40000D7D5B94107D5295147D838F157D42E39F
:10CA5000177DD18E187D688D197D868E1A7D898B04
:10CA60001B7DB4951C7D41E3207D6691217D6196FF
:10CA7000227DF58D2B7D878E2C7DDB922E7D46E3EE
:10CA80002F7DDD97307DD78D327D47E3337D6190FB
:10CA9000357D49E3397DD08F3A7DAE8D3F7D48E3CA
:10CAA000427D498F437DBC8C447D6791457D44E345
:10CAB000467D4AE3487D8AFB4B7D45E34C7D6F8C88
:10CAC0004E7D4DE34F7D51E3507D8B8C567D4CE385
:10CAD0005B7D55E35C7D8BFB5E7D698D617D8D9714
:10CAE000627DBA88637D52E3667D8B8B687D4FE300
:10CAF0006E7D50E3717D9D93727D4EE3737D4BE3BC
:10CB0000757D478A767DE290797DA68C7D7D57E3A1
:10CB1000897D54E38F7D56E3937D53E3997D708C3B
:10CB20009A7DB1919B7D58E39C7D8E919F7D65E3BD
:10CB3000A07D8DFBA27D61E3A37D5BE3AB7D5FE325
:10CB4000AC7DF88EAD7DDB88AE7D5AE3AF7D62E3D0
:10CB5000B07D66E3B17D6A8DB27DD496B47DD4920A
:10CB6000B57D5CE3B77D8CFBB87D64E3BA7D59E3AA
:10CB7000BB7D5D92BD7D5EE3BE7DBB88BF7DC896FB
:10CB8000C77D5DE3CA7DD98BCB7DEA94CF7D8D9146
:10CB9000D17DCE97D27D8F8FD57D8EE3D67D8EFBD6
:10CBA000D87D67E3DA7DFC90DC7D63E3DD7D68E3BF
:10CBB000DE7D6AE3E07DF792E17D6DE3E47D69E38C
:10CBC000E87DD295E97DC98AEC7DC996EF7DDC8848
:10CBD000F27D6CE3F47DFB97FB7D6BE3017E8F8937
:10CBE000047EEA93057E6EE3097E75E30A7E6FE3B9
:10CBF0000B7E76E3127E72E31B7E9B941E7EC88EB4
:10CC00001F7E74E3217E71E3227E77E3237E70E34F
:10CC1000267E638F2B7E44962E7E6B8F317E73E350
:10CC2000327E80E3357E7BE3377E7EE3397E7CE3B4
:10CC30003A7E81E33B7E7AE33D7E60E33E7ED190A7
:10CC4000417EC994437E7DE3467E78E34A7E4091EF
:10CC50004B7E718C4D7E4A8F527E8FFB547E44906A
:10CC6000557E5591567E84E3597E86E35A7E87E34E
:10CC70005D7E83E35E7E85E3667E79E3677E82E3A5
:10CC8000697E8AE36A7E89E36D7E9A96707E4A8C1D
:10CC9000797E88E37B7E8CE37C7E8BE37D7E8FE3F5
:10CCA0007F7E91E3827E5B8E837E8DE3887E92E33E
:10CCB000897E93E38A7E5CFA8C7E94E38E7E9AE38F
:10CCC0008F7E5A93907E96E3927E95E3937E97E3D0
:10CCD000947E98E3967E99E39B7E9BE39C7E9CE307
:10CCE000367FCA8A387F9DE33A7F9EE3457F9FE384
:10CCF000477F90FB4C7FA0E34D7FA1E34E7FA2E3F3
:10CD0000507FA3E3517FA4E3547FA6E3557FA5E3BF
:10CD1000587FA7E35F7FA8E3607FA9E3677FACE369
:10CD2000687FAAE3697FABE36A7FDF8D6B7F728CDC
:10CD30006E7F7592707FB194727F908F757F6C94C7
:10CD4000777FEB94787FADE3797FEB9C827FAEE3D6
:10CD5000837FB0E3857F8597867FAFE3877FB2E3EC
:10CD6000887FB1E38A7F72978C7FB3E38E7FFC94D8
:10CD7000947FB4E39A7FB7E39D7FB6E39E7FB5E3EC
:10CD8000A17F91FBA37FB8E3A47F518CA87F419141
:10CD9000A97F608BAE7FBCE3AF7FB9E3B27FBAE31C
:10CDA000B67FBDE3B87FBEE3B97FBBE3BD7F4889F3
:10CDB000C17FA589C57FC0E3C67FC1E3CA7FC2E347
:10CDC000CC7F8297D27F4B8FD47FC4E3D57FC3E3E0
:10CDD000E07F8990E17FC5E3E67FC6E3E97FC7E3B3
:10CDE000EB7FE38AF07FCB8AF37FC8E3F97FC9E367
:10CDF000FB7F7C96FC7F8397008073970180569819
:10CE000003806C8D0480CCE30580D28E0680CBE35A
:10CE10000B80CDE30C80A78E1080CF911280CEE3E3
:10CE200015806B8D1780D5961880CFE31980D0E3DD
:10CE30001C80D1E32180D2E32880D3E33380A88E05
:10CE40003680EB963B80D5E33D805E923F80D4E315
:10CE50004680D7E34A80D6E35280D8E35680B99023
:10CE60005880D9E35A80DAE35E80B7955F80DBE3D0
:10CE700061808F916280DCE36880DDE36F80FC97E6
:10CE80007080E0E37280DFE37380DEE37480AE9253
:10CE90007680E1E3778045907980E2E37D80E3E38B
:10CEA0007E8057987F80E4E38480E5E38580E7E334
:10CEB0008680E6E38780A3948980F7938B805D98D2
:10CEC0008C80A7949380E9E39680D18F98804995D0
:10CED0009A80EAE39B80E8E39D80CC8AA180D28C93
:10CEE000A280888EA580EC94A980A88CAA806296E6
:10CEF000AC80EDE3AD80EBE3AF806D8DB1806E8DE6
:10CF0000B280E788B480E68DBA807894C380DD88EB
:10CF1000C480F2E3C6805F92CC807794CE80D991B2
:10CF2000D680F4E3D980F0E3DA80F3E3DB80EEE34C
:10CF3000DD80F1E3DE804596E180D38CE480FB88E0
:10CF4000E580EFE3EF80F6E3F180F7E3F480B79359
:10CF5000F880B98BFC8045E4FD805C940281898E69
:10CF60000581BA8B0681C690078165980881AC96C9
:10CF70000981F5E30A81D2901A81728B1B81F8E353
:10CF80002381FAE32981F9E32F81FBE33181459283
:10CF900033815D943981AF923E8142E4468141E420
:10CFA0004B81FCE34E81749050818595518144E41E
:10CFB000538143E454816F8D558172985F8154E4AD
:10CFC000658148E4668149E46B81EE8E6E8147E4B9
:10CFD0007081988D718146E474814AE47881B092C1
:10CFE0007981A0957A8142917F81DA9180814EE4A6
:10CFF00082814FE483814BE488814CE48A814DE453
:10D000008F81708D938155E4958151E49A81869545
:10D010009C818C969D814795A08150E4A38153E427
:10D02000A48152E4A8816396A98156E4B08157E4B3
:10D03000B3815691B58158E4B8815AE4BA815EE46F
:10D04000BD815BE4BE8159E4BF815E94C0815CE434
:10D05000C2815DE4C681B089C88164E4C9815FE4AE
:10D06000CD8160E4D18161E4D3819F91D88163E473
:10D07000D98162E4DA8165E4DF8166E4E08167E416
:10D08000E3816290E581E789E78168E4E881D597EB
:10D09000EA81A98EED814C8FF3818A8EF48176929C
:10D0A000FA8169E4FB816AE4FC815089FE816BE4CA
:10D0B00001826CE402826DE405826EE407826FE413
:10D0C0000882BB8B0982A89D0A8270E40C82E390DF
:10D0D0000D8271E40E82C98E108272E41282AE98C3
:10D0E000168273E41782DC951882DA8A1B824391D8
:10D0F0001C82778F1E8291951F824D8F298274E446
:10D100002A82718D2B8275E42C82CA942E8284E44B
:10D11000338277E43582C791368295943782BD8C0D
:10D12000388276E439824491408278E44782F892EA
:10D1300058827AE4598279E45A827CE45D827BE405
:10D140005F827DE4628280E464827EE46682CD8ACE
:10D15000688281E46A8282E46B8283E46E82AF8DAE
:10D160006F82C797718285E4728246907682908939
:10D17000778286E4788287E47E8288E48B82F088F6
:10D180008D8289E492828AE4998287959D82C58EF8
:10D190009F828CE4A582488AA682B088AB828BE409
:10D1A000AC828EE4AD826D94AF826390B182D489FB
:10D1B000B3824696B8827C8CB982DA8BBB828DE4CE
:10D1C000BD82E889C582A18AD1829189D28292E406
:10D1D000D382E897D482DB91D7826395D9829EE48B
:10D1E000DB82D589DC829CE4DE829AE4DF8291E4F2
:10D1F000E1828FE4E38290E4E582E18EE682EA8BCD
:10D20000E7829792EB82CF93F1827089F38294E464
:10D21000F48293E4F98299E4FA8295E4FB8298E43B
:10D22000018393FB0283CE96038397E40483D6891C
:10D2300005839D8A06839BE409839DE40E83738C9A
:10D240001683A1E41783AAE41883ABE41C83A9889E
:10D250002383B2E42883EF882B83A9E42F83A8E4F7
:10D260003183A3E43283A2E43483A0E435839FE4D2
:10D27000368383923883F9913983A5E44083A4E40B
:10D280004583A7E4498390914A83748C4F836089D6
:10D290005083A6E45283728D58839191628394FBEC
:10D2A0007383B8E47583B9E47783D7897B83AC89CA
:10D2B0007C83B6E47F8395FB8583ACE48783B4E409
:10D2C0008983BBE48A83B5E48E83B3E4938396E4D5
:10D2D0009683B1E49A83ADE49E83CE8A9F83AFE4C4
:10D2E000A083BAE4A283B0E4A883BCE4AA83AEE43A
:10D2F000AB839C94B1838997B583B7E4BD83CDE4B8
:10D30000C183C5E4C5839B90C78396FBCA83658BA5
:10D31000CC83DB8BCE83C0E4D383D989D683D28FF1
:10D32000D883C3E4DC83D88DDF837093E083C8E4C3
:10D33000E983EC95EB83BFE4EF83D889F083D48C49
:10D34000F1834895F283C9E4F483BDE4F68397FB47
:10D35000F783C6E4FB83D0E4FD83C1E40384C2E425
:10D360000484B8930784C7E40B84C4E40C84479610
:10D370000D84CAE40E84DE881384BEE42084CCE4E9
:10D380002284CBE429848B942A84D2E42C84DDE4A7
:10D3900031849E8A3584E0E43884CEE43C84D3E44E
:10D3A0003D848E974684DCE4488498FB49847497D6
:10D3B0004E84A897578498925B848B8A6184929557
:10D3C0006284E2E463849F936684AF886984DBE4CB
:10D3D0006B84D7E46C8492916D84D1E46E84D9E43B
:10D3E0006F84DEE471844B947584A8887784D6E4D6
:10D3F0007984DFE47A8498958284DAE48484D5E4BD
:10D400008B84D38F90844E8F9484AA8E9984D696E1
:10D410009C8466959F84E5E4A184EEE4AD84D8E421
:10D42000B284978AB48499FBB884F68FB984E3E414
:10D43000BB84E8E4BC849391BF84E4E4C184EBE45E
:10D44000C4847E92C684ECE4C9847597CA84E1E4FE
:10D45000CB84578ACD84E7E4D084EAE4D184AA96C9
:10D46000D684EDE4D984E6E4DA84E9E4DC8460FA85
:10D47000EC844896EE844098F484F1E4FC84F8E46B
:10D48000FF84F0E40085C18E0685CFE41185CC953C
:10D490001385A0961485F7E41585F6E41785F2E464
:10D4A0001885F3E41A8555891F85F5E42185EFE495
:10D4B0002685D3922C85F4E42D85FC883585A091B2
:10D4C0003D85C1954085F9E4418540E54385D79484
:10D4D0004885FCE44985D48F4A85C78E4B8542E553
:10D4E0004E85BC8B53859AFB558543E557859995A9
:10D4F0005885FBE459859BFB5A85D4E46385FAE49F
:10D5000068856E986985A0936A8593956B859CFB69
:10D510006D854AE5778550E57E8551E5808544E552
:10D520008485969487854EE5888546E58A8548E515
:10D53000908552E5918547E594854BE597859289DD
:10D540009985E3939B854CE59C854FE5A48545E54E
:10D55000A6854591A88549E5A985468EAA8564904A
:10D56000AB854F8CAC85F296AE85F796AF85928FE2
:10D57000B0859EFBB98556E5BA8554E5C1856D98A1
:10D58000C98553E5CD859597CF8555E5D08557E578
:10D59000D58558E5DC855BE5DD8559E5E485A19316
:10D5A000E5855AE5E985CB94EA854DE5F785938FC6
:10D5B000F9855CE5FA8561E5FB859491FE8560E57A
:10D5C000028641E5068662E5078668910A865DE582
:10D5D0000B865FE513865EE51686509F1786419F92
:10D5E0001A8664E5228663E52D8696972F86BAE132
:10D5F000308665E53F8666E54D8667E54E86D58CC7
:10D600005086738B548669E555867C995A86958B2E
:10D610005C86B8975E86F18B5F866AE567866BE508
:10D620006B868E9271866CE57986F8937B86B888D6
:10D630008A86E1898B8671E58C8672E593866DE535
:10D6400095865C8EA3866EE5A4866194A9866FE5B7
:10D65000AA8670E5AB867AE5AF8674E5B08677E595
:10D66000B68673E5C48675E5C68676E5C786D68E2A
:10D67000C98678E5CB866092CD86758CCE86618A28
:10D68000D4867BE5D9865E8ADB8681E5DE867CE50D
:10D69000DF8680E5E486B894E9867DE5EC867EE564
:10D6A000ED866795EE86D894EF8682E5F886FB9145
:10D6B000F9868CE5FB8688E5FE86E989008786E5A4
:10D6C00002874996038787E5068784E5088785E50D
:10D6D00009878AE50A878DE50D878BE5118789E53E
:10D6E000128783E5188777921A8794E51C87A89696
:10D6F000258792E5298793E534878EE5378790E57E
:10D700003B8791E53F878FE54987E4904B875898A1
:10D710004C8798E54E8799E553879FE55587499053
:10D7200057879BE559879EE55F8796E5608795E576
:10D730006387A0E56687DA8968879CE56A87A1E543
:10D740006E879DE574879AE57687B192788797E52D
:10D750007F8788948287A5E58D875A979F87A4E560
:10D76000A287A3E5AB87ACE5AF87A6E5B387AEE5B7
:10D77000BA878697BB87B1E5BD87A8E5C087A9E5CD
:10D78000C487ADE5C687B0E5C787AFE5CB87A7E51A
:10D79000D087AAE5D287BBE5E087B4E5EF87B2E59D
:10D7A000F287B3E5F687B8E5F787B9E5F987498ADF
:10D7B000FB87618BFE87B7E50588A2E50788A1FB9B
:10D7C0000D88B6E50E88BAE50F88B5E51188BCE589
:10D7D0001588BEE51688BDE52188C0E52288BFE52D
:10D7E000238879E52788C4E53188C1E53688C2E514
:10D7F0003988C3E53B88C5E540888C8C4288C7E5FD
:10D800004488C6E546884F8F4C88738D4D88A59F08
:10D810005288C8E55388708F5788588A5988C9E557
:10D820005B8871895D88D58F5E88CAE56188748D53
:10D830006288CBE56388DF8868885C956B88CCE577
:10D8400070888A907288D3E57588D0E577888F9242
:10D850007D88D1E57E88CEE57F88DC8B8188CDE52B
:10D860008288D4E58888558C8B88DC918D88DAE5B0
:10D870009288D6E59688B3919788D5E59988D8E5BA
:10D880009E88CFE5A288D9E5A488DBE5AB88ED9436
:10D89000AE88D7E5B088DCE5B188DEE5B488D18C08
:10D8A000B588D2E5B788BF88BF88DDE5C188D98D46
:10D8B000C288F497C388DFE5C488E0E5C588959100
:10D8C000CF88A097D488E1E5D5885497D888E2E539
:10D8D000D988E3E5DC88E295DD88E4E5DF88BE8D64
:10D8E000E188A197E888E9E5F288EAE5F388D68F30
:10D8F000F488E8E5F588A2FBF8888797F988E5E5DC
:10D90000FC88E7E5FD88BB90FE889E900289E6E5ED
:10D910000489EBE50789A1950A89EDE50C89ECE519
:10D9200010898C8A12894A961389EEE51C895DFA62
:10D930001D89FAE51E89F0E52589F1E52A89F2E5D8
:10D940002B89F3E53689F7E53889F8E53B89F6E573
:10D950004189F4E54389EFE54489F5E54C89F9E52A
:10D960004D89B5E85689A6895E89FCE55F89DD8B1E
:10D970006089FBE5648941E6668940E66A8943E699
:10D980006D8942E66F8944E67289508F748945E655
:10D99000778946E67E8947E67F89BC9081897697BC
:10D9A000838948E68689A29587896594888949E6AE
:10D9B0008A894AE68B89A98C8F894B8B93894BE6A0
:10D9C00096898B8E9789609498894CE69A896F8A9C
:10D9D000A1894DE6A6894FE6A7899797A9894EE6C2
:10D9E000AA896590AC8950E6AF8951E6B28952E6C2
:10D9F000B389CF8ABA8953E6BD8954E6BF8955E613
:10DA0000C08956E6D289708ADA8957E6DC8958E6F9
:10DA1000DD8959E6E389F089E6894790E7895AE686
:10DA2000F4895BE6F8895CE6008ABE8C028AF9928A
:10DA3000038A5DE6088A768C0A8A75900C8A60E60D
:10DA40000E8AA293108A5FE6128AA3FB138A508C77
:10DA5000168A5EE6178AF591188A4C8B1B8A61E656
:10DA60001D8A62E61F8AD78F238A8D8C258A63E6FA
:10DA70002A8A4B962D8ADD90318A968B338AF396CB
:10DA8000348A6991368A64E6378AA4FB3A8A6690BA
:10DA90003B8A90923C8AD88F418A65E6468A68E63E
:10DAA000488A69E6508ABC8D518AC091528A67E6DD
:10DAB000548AD98F558A5D955B8A66E65E8A8C8E1C
:10DAC000608A7289628A6DE6638A778C668A8E8E36
:10DAD000698A8D8E6B8A6C986C8A6CE66D8A6BE6AF
:10DAE0006E8A4691708A6C8B718A6298728A598AA2
:10DAF000738ADA8F798AA5FB7C8A6AE6828A6FE666
:10DB0000848A70E6858A6EE6878AD68C898A5F97D2
:10DB10008C8A8F8E8D8A4694918A73E6938ABE9002
:10DB2000958A6192988A55979A8A76E69E8AEA8CB7
:10DB3000A08ABD90A18A72E6A38A77E6A48AEB8CBC
:10DB4000A58A74E6A68A75E6A78AA6FBA88A71E666
:10DB5000AC8AE090AD8AC793B08A4E92B28ADB89D4
:10DB6000B98AEE94BC8A628BBE8AA7FBBF8AB29246
:10DB7000C28A7AE6C48A78E6C78A6B92CB8ABF905B
:10DB8000CC8AD08ACD8A79E6CF8A7A90D28AC89711
:10DB9000D68A5F98DA8A7BE6DB8A87E6DC8AB392EC
:10DBA000DE8A86E6DF8AA8FBE08A83E6E18A8BE6E6
:10DBB000E28A84E6E48A80E6E68AFA92E78A7EE6EA
:10DBC000EB8A7CE6ED8A4097EE8A908EF18A81E6B8
:10DBD000F38A7DE6F68AAAFBF78A85E6F88A948FAF
:10DBE000FA8ABF8CFE8AF891008B6496018B798942
:10DBF000028BE088048BA393078B89E60C8B88E665
:10DC00000E8BE493108B8DE6148B82E6168B8CE6DC
:10DC1000178B8EE6198BAA8C1A8B8AE61B8B758D57
:10DC20001D8BD38E208B8FE6218B7797268B92E6E8
:10DC3000288B95E62B8B93E62C8B5495338B90E6B3
:10DC4000398BDE8B3E8B94E6418B96E6498B9AE6C8
:10DC50004C8B97E64E8B99E64F8B98E6538BABFB3C
:10DC6000568B9BE6588BAF8E5A8B9DE65B8B9CE662
:10DC70005C8B88955F8B9FE6668B788C6B8B9EE6C2
:10DC80006C8BA0E66F8BA1E6708B638B718BBFE30F
:10DC9000728BF78F748BA2E6778BEC8C7D8BA3E66F
:10DCA0007F8BACFB808BA4E6838B5D8E8A8BCC9DB7
:10DCB0008C8BA5E68E8BA6E6908B518F928BA7E678
:10DCC000938BA8E6968BA9E6998BAAE69A8BABE68E
:10DCD000378C4A923A8CACE63F8CAEE6418CADE68E
:10DCE000468CA493488CAFE64A8C4C964C8CB0E69C
:10DCF0004E8CB1E6508CB2E6558CB3E65A8CD89374
:10DD0000618CDB8F628CB4E66A8C8B8D6B8CAC98EB
:10DD10006C8CB5E6788CB6E6798C5E957A8CB7E635
:10DD20007C8CBFE6828CB8E6858CBAE6898CB9E635
:10DD30008A8CBBE68C8C65968D8CBCE68E8CBDE6A1
:10DD4000948CBEE6988CC0E69D8C4C8A9E8CE592A5
:10DD5000A08C8995A18CE08DA28C768DA78C6E9578
:10DD6000A88CDD89A98CCC94AA8CC3E6AB8CD18A13
:10DD7000AC8CD390AD8CC2E6AE8CC7E6AF8C9992DA
:10DD8000B08CE196B28CC5E6B38CC6E6B48C4D8BF4
:10DD9000B68CC8E6B78C8394B88CDD91BB8CEF94BD
:10DDA000BC8C5C93BD8CC4E6BF8C6696C08CEA8943
:10DDB000C18CCAE6C28C4798C38CC092C48C64984C
:10DDC000C78C918EC88CC9E6CA8CAF91CD8CDAE62F
:10DDD000CE8C4791D18CF693D38C6F95DA8CCDE6AF
:10DDE000DB8C5E8EDC8C928EDE8CDC8FE08C8594FE
:10DDF000E28CAB8CE38CCCE6E48CCBE6E68C8A95AB
:10DE0000EA8CBF8EED8C7193F08CADFBF48CAEFB85
:10DE1000FA8CCFE6FB8CD0E6FC8C778DFD8CCEE6C1
:10DE2000048DD1E6058DD2E6078DD4E6088DA1914B
:10DE30000A8DD3E60B8DE48A0D8DD6E60F8DD5E6DF
:10DE4000108DD7E6128DAFFB138DD9E6148DDBE66E
:10DE5000168DDCE6648DD490668DCD8E678DDDE603
:10DE60006B8D718A6D8DDEE6708D9691718DDFE61A
:10DE7000738DE0E6748D8B95768DB0FB778D4E8B30
:10DE8000818DE1E6858DB4928A8D7A89998DE2E65D
:10DE9000A38DEF8EA88D9690B38DAB91BA8DE5E6EC
:10DEA000BE8DE4E6C28DE3E6CB8DEBE6CC8DE9E6F4
:10DEB000CF8DE6E6D68DE8E6DA8DE7E6DB8DEAE69D
:10DEC000DD8D978BDF8DEEE6E18DD590E38DEFE66E
:10DED000E88DD78CEA8DECE6EB8DEDE6EF8D48987A
:10DEE000F38DB592F58D4891FC8DF0E6FF8DF3E64C
:10DEF000088EF1E6098EF2E60A8E78970F8EA593CA
:10DF0000108EF6E61D8EF4E61E8EF5E61F8EF7E601
:10DF10002A8E48E7308EFAE6348EFBE6358EF9E637
:10DF2000428EF8E6448EFB92478E40E7488E44E7E7
:10DF3000498E41E74A8EFCE64C8E42E7508E43E71D
:10DF4000558E4AE7598E45E75F8ED690608E47E73B
:10DF5000638E49E7648E46E7728E4CE7748E528F6B
:10DF6000768E4BE77C8E4DE7818E4EE7848E51E7AF
:10DF7000858E50E7878E4FE78A8E53E78B8E52E768
:10DF80008D8EF496918E55E7938E54E7948E56E7D6
:10DF9000998E57E7A18E59E7AA8E58E7AB8E679006
:10DFA000AC8E5AE7AF8EEB8BB08E5BE7B18E5DE740
:10DFB000BE8E5EE7C58E5FE7C68E5CE7C88E60E703
:10DFC000CA8ED48ECB8E61E7CC8E4F8BCD8E528C89
:10DFD000CF8EB2FBD28EAC8CDB8E62E7DF8EEE93FF
:10DFE000E28E5D93E38E63E7EB8E66E7F88EB28E8A
:10DFF000FB8E65E7FC8E64E7FD8E798CFE8E67E70D
:10E00000038F728A058F69E7098FDA8D0A8F68E7B7
:10E010000C8F71E7128F6BE7138F6DE7148FE39509
:10E02000158F6AE7198F6CE71B8F70E71C8F6EE7FF
:10E030001D8F508B1F8F6FE7268F72E7298F799482
:10E040002A8FD6972F8F538F338F73E7388F41974F
:10E05000398F75E73B8F74E73E8F78E73F8F609786
:10E06000428F77E7448F8D8A458F76E7468F7BE72F
:10E07000498F7AE74C8F79E74D8F51934E8F7CE72C
:10E08000578F7DE75C8F7EE75F8F8C8D618F448C2F
:10E09000628F80E7638F81E7648F82E79B8F689050
:10E0A0009C8F83E79E8FAB8E9F8F84E7A38F85E73E
:10E0B000A78F9F99A88F9E99AD8F86E7AE8F90E32B
:10E0C000AF8F87E7B08F4392B18F4A90B28F5F9442
:10E0D000B78F88E7BA8FD395BB8FD292BC8F9E8DB6
:10E0E000BF8F4892C28F4989C48F9896C58F76900A
:10E0F000CE8F7D8CD18FDF8BD48FD495DA8F89E74B
:10E10000E28F8BE7E58F8AE7E68FDE89E98FF4936C
:10E11000EA8F8CE7EB8F9794ED8F5293EF8F8DE71B
:10E12000F08F718FF48F8FE7F78FC096F88F9EE78F
:10E13000F98F91E7FA8F92E7FD8FC7920090DE91F9
:10E14000019097910390A693059090E70690748BA9
:10E150000B9099E70D9096E70E90A3E70F90A79389
:10E1600010908092119093E71390FC921490729308
:10E17000159094E7169098E71790809019908794DF
:10E180001A90CA921D90C0901E9097E71F90AC9174
:10E190002090A291219095E72290A7882390419802
:10E1A00027909AE72E90DF913190548F32906990AA
:10E1B00035909CE736909BE73890ED8839909DE745
:10E1C0003C904E953E90A5E74190D99342908B901C
:10E1D000459078924790F68B4990A4E74A905697DD
:10E1E0004B905E894D90D5954E90DF894F909FE77B
:10E1F0005090A0E75190A1E75290A2E75390B993B5
:10E20000549042925590E1885690A6E75890A7E71F
:10E210005990A1EA5C90BB915E90A8E760909389C9
:10E2200061906B916390AD8C659079976790B5FB29
:10E230006890A9E769904B936D9098916E90D58EF8
:10E240006F90AAE77290ADE77590858F7690ABE7F7
:10E2500077904A91789049917A90E2887C90C9971A
:10E260007D90AFE77F90F0948090B1E78190B0E728
:10E270008290AEE7839084E28490D28A87908EE782
:10E280008990B3E78A90B2E78F90B4E7919057975F
:10E29000A390DF93A6904D96A890B5E7AA90D78E4D
:10E2A000AF90B6E7B190B7E7B590B8E7B8904093B4
:10E2B000C190E888CA90788DCE905998DB90BCE7E1
:10E2C000DE90B6FBE190538CE290B9E7E490BAE7B8
:10E2D000E8909495ED90738AF5905897F790BD8BE0
:10E2E000FD9073930291BDE71291BEE71591B8FBC3
:10E2F0001991BFE72791B9FB2D9141933091C1E767
:10E300003291C0E74991D1934A91C2E74B91558F21
:10E310004C91DE8E4D917A944E9191925291F08E65
:10E3200054918C905691C3E75891C4E762917C90C8
:10E330006391C5E76591C6E76991C7E76A918F97D1
:10E340006C91568F7291C9E77391C8E77591798D79
:10E350007791938D78915F8E8291CCE78791868FAC
:10E360008991CBE78B91CAE78D91E7919091ED8CE4
:10E370009291C1909791AE949C91588FA291CDE7C4
:10E38000A491DD8FAA91D0E7AB91CEE7AF91CFE713
:10E39000B491D2E7B591D1E7B891F88FBA91D3E7AC
:10E3A000C091D4E7C191D5E7C691CE94C791D18DE4
:10E3B000C891DF8EC991D6E7CB91D7E7CC91A297D0
:10E3C000CD91648FCE91EC96CF91CA97D091D8E73A
:10E3D000D191E08BD691D9E7D791BBFBD8914293ED
:10E3E000DA91BAFBDB91DCE7DC91988ADD916A90E7
:10E3F000DE91BCFBDF91DAE7E191DBE7E391DE92AE
:10E40000E491BFFBE591C0FBE6917496E791FA8B2E
:10E41000ED91BDFBEE91BEFBF591DEE7F691DFE7F6
:10E42000FC91DDE7FF91E1E70692C1FB0A92C3FB95
:10E430000D92DD930E92628A1092C2FB1192E5E773
:10E440001492E2E71592E4E71E92E0E729926EE863
:10E450002C92E3E73492E9973792D88C3992CAFB31
:10E460003A92C4FB3C92C6FB3F92EDE74092C5FB5B
:10E47000449253934592E8E74892EBE74992E9E7E3
:10E480004B92EEE74E92C7FB5092EFE75192C9FBD9
:10E490005792E7E75992C8FB5A92F4E75B92948946
:10E4A0005E92E6E76292AB946492EAE76692DE8F50
:10E4B0006792CBFB71927A8D7792CDFB7892CEFBEF
:10E4C0007E9267968092E28B8392658F8592BA9353
:10E4D00088925FFA91924C919392F2E79592ECE7D1
:10E4E0009692F1E79892C1969A92B6929B92F3E730
:10E4F0009C92F0E7A792CCFBAD924B91B792F7E7D5
:10E50000B992F6E7CF92F5E7D092D2FBD2924E962F
:10E51000D392D6FBD592D4FBD792D0FBD992D1FB24
:10E52000E092D5FBE4929B8FE792CFFBE992F8E76C
:10E53000EA92DD95ED927389F2926595F39292924B
:10E54000F892988BF99265FAFA92FAE7FB92D9FB66
:10E55000FC927C8DFF92DCFB0293DEFB06934B8EDC
:10E560000F93F9E710938D9018938E90199340E8CC
:10E570001A9342E81D93DDFB1E93DBFB2093F98F7A
:10E580002193D8FB229341E8239343E82593D7FBBB
:10E590002693D18B289364952B93E08E2C934298ED
:10E5A0002E93FCE72F93F68D32935E98359345E8D2
:10E5B0003A9344E83B9346E84493FBE748935EFA7A
:10E5C0004B93E7934D9374935493D59256934BE8A2
:10E5D0005793E0FB5B9362925C9347E8609348E853
:10E5E0006C934C8C6E934AE87093DFFB7593AE8C02
:10E5F0007C9349E87E93DF8F8C93998A94934FE8BC
:10E600009693BD8D979399919A93C892A493E1FBA9
:10E61000A7935A8AAC934DE8AD934EE8AE93C1925E
:10E62000B0934CE8B99350E8C39356E8C693E2FB25
:10E63000C89359E8D09358E8D1934C93D69351E8B6
:10E64000D79352E8D89355E8DD9357E8DE93E3FB80
:10E65000E193BE8BE4935AE8E59354E8E89353E8DA
:10E66000F893E4FB03945EE807945FE8109460E895
:10E6700013945DE814945CE81894E08F1994A893BF
:10E680001A945BE8219464E82B9462E83194E5FBEA
:10E69000359463E8369461E83894F6913A9465E8E5
:10E6A000419466E8449468E84594E6FB4894E7FBA7
:10E6B0005194D38A529467E85394F8965A9473E825
:10E6C0005B9469E85E946CE860946AE862946BE835
:10E6D0006A946DE870946FE8759470E8779471E8C7
:10E6E0007C9474E87D9472E87E9475E87F9477E872
:10E6F000819476E87795B7928095E596829578E84B
:10E7000083954D91879579E88995C2958A957AE8A0
:10E710008B954A8A8F955B899195D58A9295E8FB6E
:10E720009395D48A94957BE896957CE898957DE8B6
:10E7300099957EE8A09580E8A295D68AA395748ADB
:10E74000A4957D8DA595B494A79582E8A89581E8B8
:10E75000AD9583E8B2957B89B99586E8BB9585E848
:10E76000BC9584E8BE9587E8C3958AE8C795C588B7
:10E77000CA9588E8CC958CE8CD958BE8D4958EE841
:10E78000D5958DE8D6958FE8D895AC93DC9590E833
:10E79000E19591E8E29593E8E59592E81C968C95D1
:10E7A000219694E8289695E82A96E38D2E9696E889
:10E7B0002F9697E8329668963B966A913F96A28884
:10E7C0004096C991429698E844968D954B969BE861
:10E7D0004C9699E84D967E8D4F969AE85096C08C4F
:10E7E0005B96C3955C969DE85D969FE85E969EE875
:10E7F0005F96A0E8629640896396779064969C8FB6
:10E800006596D78A6696A1E86A9686946C96A3E880
:10E81000709641897296A2E87396C2927596CB97CC
:10E820007696A99377969CE87896A4977A96AF8C7B
:10E830007D967A978596F78B8696B2978896478CC1
:10E840008A96E0918B9640E48D96A4E88E964B8A4A
:10E850008F968F909496758A9596A6E89796A7E8D6
:10E860009896A5E89996848C9B96DB8D9C96E18F73
:10E870009D96EBFBA0964289A396D797A796A9E809
:10E88000A896ACE7AA96A8E8AF96ECFBB096ACE8E1
:10E89000B196AAE8B296ABE8B496ADE8B696AEE803
:10E8A000B796EA97B896AFE8B996B0E8BB96C79026
:10E8B000BC96B994C0969D90C196E58AC496599726
:10E8C000C596EB89C696578FC796D98CC996B3E87B
:10E8D000CB96B2E8CC96938ECD96B4E8CE96B1E8BE
:10E8E000D196478ED596B8E8D696ABE5D996D49909
:10E8F000DB969790DC96B6E8E296A397E396EF93C3
:10E90000E8964A89EA96E190EB96B48EF096B59532
:10E91000F2965F89F696EB97F7968B97F996B9E89A
:10E92000FB9664930097F98E0497BAE80697BBE8C4
:10E9300007976B900897BCE80A97EC970D97B7E894
:10E940000E97BEE80F97C0E81197BFE81397BDE890
:10E950001697C1E81997C2E81C979A911E97E0890B
:10E960002497C3E82797B6962A97C4E83097C5E856
:10E97000329749983397EDFB3897509E3997C6E800
:10E980003B97EEFB3D97C7E83E97C8E84297CCE837
:10E990004397EFFB4497C9E84697CAE84897CBE806
:10E9A0004997CDE84D97F0FB4F97F1FB5197F2FB5C
:10E9B0005297C2905597F3FB5697F5965997C39087
:10E9C0005C97CEE85E97F1946097CFE8619772EA22
:10E9D0006297CA966497D0E86697D1E86897D2E8BC
:10E9E0006997768A6B97D4E86D9778907197D5E898
:10E9F0007497438C7997D6E87A97DAE87C97D8E8C9
:10EA00008197D9E88497938A8597D7E88697DBE83A
:10EA10008B97DCE88D97C6888F97DDE89097DEE8C6
:10EA20009897E28F9C97DFE8A097668BA397E2E820
:10EA3000A697E1E8A897E0E8AB9791E6AD97DA955D
:10EA4000B397E3E8B497E4E8C397E5E8C697E6E848
:10EA5000C897E7E8CB97E8E8D397D88ADC97E9E846
:10EA6000ED97EAE8EE974294F297ECE8F397B989CC
:10EA7000F597EFE8F697EEE8FB974389FF97BF8B92
:10EA80000198C5950298B8920398A08D0598808D3D
:10EA90000698878F08987B900C98F1E80F98F0E81B
:10EAA000109861971198E68A1298D0941398DA9387
:10EAB00017989C901898CC971A987A8C2198F4E81B
:10EAC0002498F3E82C986A962D98AA9334986F8925
:10EAD0003798F5E83898F2E83B9870953C988A9713
:10EAE0003D98F6E84698F7E84B98F9E84C98E89195
:10EAF0004D987A8A4E987B8A4F98F8E85498E78A1E
:10EB00005598B08C5798F4FB5898E88A5B985E93B8
:10EB10005E98DE976598F5FB6798DA8C6B98FAE853
:10EB20006F98FBE87098FCE8719840E9739842E9A7
:10EB3000749841E9A8989795AA9843E9AF9844E951
:10EB4000B19845E9B69846E9C39848E9C49847E9B9
:10EB5000C69849E9DB98F294DC98CAE3DF984890BC
:10EB6000E298518BE9984AE9EB984BE9ED98AA991C
:10EB7000EE985A9FEF98D194F298F988F498B98852
:10EB8000FC98948EFD984F96FE98FC8F03994CE963
:10EB90000599DD9609994DE90A997B970C99618948
:10EBA0001099608E12994EE91399EC8914994FE9E6
:10EBB000189950E91D9952E91E9953E9209955E990
:10EBC000219951E9249954E92799F8FB2899D98A80
:10EBD0002C9956E92E9957E93D9958E93E9959E9FA
:10EBE00042995AE945995CE949995BE94B995EE993
:10EBF0004C9961E950995DE951995FE9529960E951
:10EC0000559962E95799C08B9699F18E979963E966
:10EC1000989964E99999818D9E99FAFBA59965E97E
:10EC2000A8995D8AAC996E94AD9966E9AE9967E949
:10EC3000B3997992B499E993BC9968E9C1999D9483
:10EC4000C499CA91C5997789C699EC8BC899ED8BFF
:10EC5000D0999392D1996DE9D299EE8BD599ED899E
:10EC6000D8996CE9DB996AE9DD996BE9DF9969E983
:10EC7000E29977E9ED996EE9EE996FE9F19970E91A
:10EC8000F29971E9F89973E9FB9972E9FF99788F24
:10EC9000019A74E9059A76E90E9A528B0F9A75E9F2
:10ECA000129A9B91139AB18C199A78E9289ACB9170
:10ECB0002B9A79E9309AAB93379A7AE93E9A80E9B0
:10ECC000409A7DE9429A7CE9439A7EE9459A7BE93C
:10ECD0004D9A82E94E9AFBFB559A81E9579A84E94D
:10ECE0005A9AC18B5B9A83E95F9A85E9629A86E9B1
:10ECF000649A88E9659A87E9699A89E96A9A8BE949
:10ED00006B9A8AE9A89A9C8DAD9A8CE9B09A8DE9A4
:10ED1000B89A5B8ABC9A8EE9C09A8FE9C49A91909E
:10ED2000CF9A90E9D19A91E9D39A92E9D49A93E94A
:10ED3000D89A828DD99AFCFBDC9A40FCDE9A94E941
:10ED4000DF9A95E9E29A96E9E39A97E9E69A98E9D3
:10ED5000EA9AAF94EB9A9AE9ED9A4595EE9A9BE977
:10ED6000EF9A99E9F19A9DE9F49A9CE9F79A9EE95C
:10ED7000FB9A9FE9069BA0E9189BA1E91A9BA2E9CF
:10ED80001F9BA3E9229BA4E9239BA5E9259BA6E958
:10ED9000279BA7E9289BA8E9299BA9E92A9BAAE91F
:10EDA0002E9BABE92F9BACE9319B549F329BADE985
:10EDB0003B9BF6E23C9B538B419B408A429BB08D30
:10EDC000439BAFE9449BAEE9459BA3964D9BB1E9BC
:10EDD0004E9BB2E94F9BB0E9519BB3E9549B82969D
:10EDE000589BB4E95A9B9B8B6F9B4498729B42FC47
:10EDF000749BB5E9759B41FC839BB7E98E9BBC88EE
:10EE00008F9B43FC919BB8E9929BA995939BB6E994
:10EE1000969BB9E9979BBAE99F9BBBE9A09BBCE98C
:10EE2000A89BBDE9AA9B8E96AB9B4C8EAD9BF88DA3
:10EE3000AE9B4E91B19B44FCB49BBEE9B99BC1E92A
:10EE4000BB9B45FCC09BBFE9C69BC2E9C99BEF8C3D
:10EE5000CA9BC0E9CF9BC3E9D19BC4E9D29BC5E95A
:10EE6000D49BC9E9D69B498EDB9BE291E19BCAE921
:10EE7000E29BC7E9E39BC6E9E49BC8E9E89B7E8C7B
:10EE8000F09BCEE9F19BCDE9F29BCCE9F59BB188F3
:10EE9000009C46FC049CD8E9069CD4E9089CD5E972
:10EEA000099CD1E90A9CD7E90C9CD3E90D9C828A84
:10EEB000109C6B98129CD6E9139CD2E9149CD0E963
:10EEC000159CCFE91B9CDAE9219CDDE9249CDCE957
:10EED000259CDBE92D9C68952E9CD9E92F9CF18817
:10EEE000309CDEE9329CE0E9399C8F8A3A9CCBE980
:10EEF0003B9C56893E9CE2E9469CE1E9479CDFE960
:10EF0000489C4C92529C9096579CD8975A9CE3E907
:10EF1000609CE4E9679CE5E9769CE6E9789CE7E992
:10EF2000E59CB992E79CE8E9E99CB594EB9CEDE996
:10EF3000EC9CE9E9F09CEAE9F39C5096F49CC296BB
:10EF4000F69CCE93039DEEE9069DEFE9079DBC93E9
:10EF5000089DECE9099DEBE90E9DA889129DF7E952
:10EF6000159DF6E91B9D95891F9DF4E9239DF3E905
:10EF7000269DF1E9289D9B8A2A9DF0E92B9DB08E64
:10EF80002C9DA7893B9D838D3E9DFAE93F9DF9E924
:10EF9000419DF8E9449DF5E9469DFBE9489DFCE962
:10EFA000509D44EA519D43EA599D45EA5C9D4C8938
:10EFB0005D9D40EA5E9D41EA609D948D619DB7969E
:10EFC000649D42EA6B9D48FC6C9D51966F9D4AEA98
:10EFD000709D47FC729D46EA7A9D4BEA879D48EA00
:10EFE000899D47EA8F9D7B8C9A9D4CEAA49D4DEAB2
:10EFF000A99D4EEAAB9D49EAAF9DF2E9B29D4FEA69
:10F00000B49DDF92B89D53EABA9D54EABB9D52EA83
:10F01000C19D51EAC29D57EAC49D50EAC69D55EA7A
:10F02000CF9D56EAD39D59EAD99D58EAE69D5BEA01
:10F03000ED9D5CEAEF9D5DEAF29D6898F89D5AEAC5
:10F04000F99DE991FA9DEB8DFD9D5EEA199E4AFCC2
:10F050001A9E5FEA1B9E60EA1E9E61EA759E62EA46
:10F06000789EB28C799E63EA7D9E64EA7F9EAD8E27
:10F07000819E65EA889E66EA8B9E67EA8C9E68EAB6
:10F08000919E6BEA929E69EA939E5B98959E6AEACE
:10F09000979EED979D9E6CEA9F9ED997A59E6DEADF
:10F0A000A69E9E94A99E6EEAAA9E70EAAD9E71EA03
:10F0B000B89E6FEAB99E8D8DBA9ECB96BB9E839605
:10F0C000BC9EF59BBE9E809FBF9E9B96C49EA989B9
:10F0D000CC9E73EACD9E6F8BCE9E74EACF9E75EA6E
:10F0E000D09E76EAD19E4BFCD29E958DD49E77EA37
:10F0F000D89ED2E0D99ED996DB9EE191DC9E78EA3B
:10F10000DD9E7AEADE9E79EAE09E7BEAE59E7CEA75
:10F11000E89E7DEAEF9E7EEAF49E80EAF69E81EA12
:10F12000F79E82EAF99E83EAFB9E84EAFC9E85EACA
:10F13000FD9E86EA079F87EA089F88EA0E9F439311
:10F14000139FDB8C159F8AEA209F6C91219F8BEA8D
:10F150002C9F8CEA3B9F40953E9F8DEA4A9F8EEA0A
:10F160004B9F56E24E9FD8E64F9FEBE8529F8FEAA7
:10F17000549F90EA5F9F92EA609F93EA619F94EAAE
:10F18000629FEE97639F91EA669F95EA679F96EA72
:10F190006A9F98EA6C9F97EA729F9AEA769F9BEA29
:10F1A000779F99EA8D9FB497959F9CEA9C9F9DEAD3
:10F1B0009D9F73E2A09F9EEA29F9E0FADCF9E9FB42
:10F1C0000EFA90FA0FFA9BFA10FA9CFA11FAB1FAB9
:10F1D00012FAD8FA13FAE8FA14FAEAFA15FA58FB0E
:10F1E00016FA5EFB17FA75FB18FA7DFB19FA7EFB1F
:10F1F0001AFA80FB1BFA82FB1CFA86FB1DFA89FBBC
:10F200001EFA92FB1FFA9DFB20FA9FFB21FAA0FB3E
:10F2100022FAA9FB23FAB1FB24FAB3FB25FAB4FBCB
:10F2200026FAB7FB27FAD3FB28FADAFB29FAEAFB1E
:10F230002AFAF6FB2BFAF7FB2CFAF9FB2DFA49FC1C
:10F2400001FF498102FF57FA03FF948104FF908177
:10F2500005FF938106FF958107FF56FA08FF698134
:10F2600009FF6A810AFF96810BFF7B810CFF4381B6
:10F270000DFF7C810EFF44810FFF5E8110FF4F82E6
:10F2800011FF508212FF518213FF528214FF5382EA
:10F2900015FF548216FF558217FF568218FF5782BA
:10F2A00019FF58821AFF46811BFF47811CFF83818B
:10F2B0001DFF81811EFF84811FFF488120FF9781F0
:10F2C00021FF608222FF618223FF628224FF63822A
:10F2D00025FF648226FF658227FF668228FF6782FA
:10F2E00029FF68822AFF69822BFF6A822CFF6B82CA
:10F2F0002DFF6C822EFF6D822FFF6E8230FF6F829A
:10F3000031FF708232FF718233FF728234FF738269
:10F3100035FF748236FF758237FF768238FF778239
:10F3200039FF78823AFF79823BFF6D813CFF5F8134
:10F330003DFF6E813EFF4F813FFF518140FF4D8178
:10F3400041FF818242FF828243FF838244FF8482A5
:10F3500045FF858246FF868247FF878248FF888275
:10F3600049FF89824AFF8A824BFF8B824CFF8C8245
:10F370004DFF8D824EFF8E824FFF8F8250FF908215
:10F3800051FF918252FF928253FF938254FF9482E5
:10F3900055FF958256FF968257FF978258FF9882B5
:10F3A00059FF99825AFF9A825BFF6F815CFF6281ED
:10F3B0005DFF70815EFF608161FFA10062FFA200BE
:10F3C00063FFA30064FFA40065FFA50066FFA6001D
:10F3D00067FFA70068FFA80069FFA9006AFFAA00ED
:10F3E0006BFFAB006CFFAC006DFFAD006EFFAE00BD
:10F3F0006FFFAF0070FFB00071FFB10072FFB2008D
:10F4000073FFB30074FFB40075FFB50076FFB6005C
:10F4100077FFB70078FFB80079FFB9007AFFBA002C
:10F420007BFFBB007CFFBC007DFFBD007EFFBE00FC
:10F430007FFFBF0080FFC00081FFC10082FFC200CC
:10F4400083FFC30084FFC40085FFC50086FFC6009C
:10F4500087FFC70088FFC80089FFC9008AFFCA006C
:10F460008BFFCB008CFFCC008DFFCD008EFFCE003C
:10F470008FFFCF0090FFD00091FFD10092FFD2000C
:10F4800093FFD30094FFD40095FFD50096FFD600DC
:10F4900097FFD70098FFD80099FFD9009AFFDA00AC
:10F4A0009BFFDB009CFFDC009DFFDD009EFFDE007C
:10F4B0009FFFDF00E0FF9181E1FF9281E2FFCA81BF
:10F4C000E3FF5081E4FF55FAE5FF8F810000000063
:10F4D000050000000000000000C20100000500005F
:10F4E0000010000000000000000000001F000000ED
:10F4F0003B0000005A000000780000009700000068
:10F50000B5000000D4000000F3000000110100006D
:10F51000300100004E010000253032642F253032CA
:10F52000642F2530346420253032643A253032642B
:10F530003A253032642E2530336C75205554433AC9
:10F540002025730D0A000000302E303030300000CE
:10F55000256C75004750532E5458540054696D65FE
:10F5600020776173206E6F742075706461746564B8
:10F570002E2043616E63656C6C6564206279206D3A
:10F5800061676E65746963207377697463682E00C0
:10F5900054696D6520776173206E6F742075706497
:10F5A000617465642E2043616E63656C6C656420D4
:10F5B00062792073776974636820706F7369746906
:10F5C0006F6E206368616E67652E000054696D651B
:10F5D00020776173206E6F74207570646174656448
:10F5E0002E2054696D6564206F75742E0000000034
:10F5F000475053207377697463686564206F66664B
:10F600002E0D0A00542E5741560000002E57415629
:10F610000000000025303464253032642530326427
:10F620000000000025732F00253038582530385849
:10F630005F00000025735F25303264253032642579
:10F64000303264000D0A53756E72697365202D2087
:10F650006265666F72652C20616674657220286D24
:10F66000696E7329202000000D0A53756E7365744E
:10F67000202D206265666F72652C2061667465724C
:10F6800020286D696E732920202000000D0A446136
:10F69000776E202D206265666F72652C206166741E
:10F6A000657220286D696E732920202020200000BB
:10F6B0000D0A4475736B202D206265666F72652C90
:10F6C00020616674657220286D696E732920202080
:10F6D000202000000D0A53756E726973652F7375D3
:10F6E0006E73657420726F756E64696E6720286D25
:10F6F000696E732920203A20257500000D0A4461A7
:10F70000776E2F6475736B20726F756E64696E67A8
:10F7100020286D696E7329202020202020203A2087
:10F7200025750000596573004E6F00005965732000
:10F73000284E694D482F4C69506F20766F6C74616C
:10F7400067652072616E676529000000496E646913
:10F7500076696475616C207265636F7264696E6747
:10F76000730000005265636F7264696E6720706594
:10F7700072696F6473000000434F4E4649472E5430
:10F780005854000044657669636520494420202070
:10F790002020202020202020202020202020202069
:10F7A000202020203A2025303858253038580D0A9E
:10F7B000000000004669726D77617265202020208C
:10F7C0002020202020202020202020202020202039
:10F7D000202020203A202573202825752E25752EDF
:10F7E0002575290D0A0D0A004465706C6F796D65E9
:10F7F0006E7420494420202020202020202020201A
:10F8000020202020202020203A2025303858253064
:10F8100038580D0A0D0A0000256400002B256400ED
:10F820002D2564003A253032640000004465766975
:10F8300063652074696D6520202020202020202011
:10F840002020202020202020202020203A20253089
:10F8500034642D253032642D253032642025303239
:10F86000643A253032643A253032642028257329E1
:10F87000000000000D0A0D0A53616D706C65207266
:10F880006174652028487A2920202020202020200B
:10F8900020202020202020203A2034383030302CE6
:10F8A00020256C750D0A00004761696E202020201C
:10F8B0002020202020202020202020202020202048
:10F8C00020202020202020203A2025730D0A0D0A18
:10F8D00000000000536C6565702064757261746986
:10F8E0006F6E202873292020202020202020202017
:10F8F000202020203A2000000D0A5265636F7264B8
:10F90000696E67206475726174696F6E202873294F
:10F91000202020202020202020203A20000000004D
:10F920000D0A0D0A4C6F636174696F6E20202020F0
:10F9300020202020202020202020202020202020C7
:10F94000202020203A20256C642E2530366C64C29D
:10F95000B0256320256C642E2530366C64C2B0253A
:10F9600063202847505329000D0A0D0A4C6F63612C
:10F9700074696F6E2020202020202020202020204D
:10F980002020202020202020202020203A20256C0C
:10F99000642E2530366C64C2B0256320256C642E3D
:10F9A0002530366C64C2B02563202841636F7573BF
:10F9B000746963206368696D652900000D0A0D0A8A
:10F9C0004C6F636174696F6E2020202020202020FE
:10F9D0002020202020202020202020202020202027
:10F9E0003A20256C642E2530326C64C2B025632029
:10F9F000256C642E2530326C64C2B0256320284308
:10FA00006F6E66696775726174696F6E2061707080
:10FA1000290000000D0A53756E207265636F7264D1
:10FA2000696E67206D6F64652020202020202020D3
:10FA30002020202020203A20000000002573000014
:10FA4000257320257300000025733A2025752C208E
:10FA50002575000025733A202D2C202D0000000074
:10FA600025733A202D2C20257500000025733A209F
:10FA700025752C202D0000000D0A0D0A41637469C4
:10FA80007665207265636F7264696E672070657257
:10FA9000696F647320202020202020203A202575C3
:10FAA0000D0A00000D0A5265636F7264696E67206B
:10FAB000706572696F6420256C75202020202020DD
:10FAC00020202020202020203A202530326C753A3A
:10FAD0002530326C75202D202530326C753A25305A
:10FAE000326C752028257329000000000D0A0D0ACC
:10FAF0004669727374207265636F7264696E672001
:10FB000064617465202020202020202020202020D7
:10FB10003A202D2D2D2D2D2D2D2D2D2D00000000C9
:10FB20000D0A0D0A4669727374207265636F726400
:10FB3000696E6720646174652020202020202020C9
:10FB4000202020203A200000253034642D2530323A
:10FB5000642D253032642028257329000D0A0D0AF2
:10FB60004669727374207265636F7264696E672090
:10FB700074696D6520202020202020202020202056
:10FB80003A200000253034642D253032642D253094
:10FB9000326420253032643A253032643A253032DE
:10FBA00064202825732900000D0A4C6173742072AB
:10FBB00065636F7264696E672064617465202020DC
:10FBC000202020202020202020203A202D2D2D2DE7
:10FBD0002D2D2D2D2D2D00000D0A4C6173742072DA
:10FBE00065636F7264696E672064617465202020AC
:10FBF000202020202020202020203A20000000006B
:10FC00000D0A4C617374207265636F7264696E676C
:10FC10002074696D652020202020202020202020B5
:10FC200020203A20000000000D0A0D0A46696C747D
:10FC3000657220202020202020202020202020202D
:10FC40002020202020202020202020203A200000DA
:10FC50004C6F772D70617373202825752E25756B79
:10FC6000487A2900486967682D70617373202825D8
:10FC7000752E25756B487A290000000042616E647C
:10FC80002D70617373202825752E25756B487A2099
:10FC90002D2025752E25756B487A29000D0A0D0A31
:10FCA000547269676765722074797065202020201E
:10FCB0002020202020202020202020202020202044
:10FCC0003A200000416D706C697475646500000035
:10FCD0000D0A5468726573686F6C64207365747480
:10FCE000696E672020202020202020202020202036
:10FCF00020203A20000000002D256C752064420071
:10FD000030206442000000000D0A54687265736878
:10FD10006F6C642073657474696E672020202020E6
:10FD2000202020202020202020203A202D0000000C
:10FD30000D0A4D696E696D756D207472696767652E
:10FD400072206475726174696F6E20287329202097
:10FD500020203A20000000000D0A4E696768747484
:10FD6000696D652073616D706C65207261746520CA
:10FD70006368616E6765202020203A202D2D2D2D8F
:10FD80002D2D2D2D2D2D00000D0A4E6967687474E0
:10FD9000696D652073616D706C652072617465209A
:10FDA0006368616E6765202020203A200000000013
:10FDB0000D0A0D0A456E61626C65204C4544202099
:10FDC0002020202020202020202020202020202033
:10FDD000202020203A2025730D0A0000456E616224
:10FDE0006C65206C6F772D766F6C7461676520632E
:10FDF00075742D6F66662020202020203A20257300
:10FE00000D0A0000456E61626C6520626174746564
:10FE10007279206C6576656C20696E6469636174C3
:10FE2000696F6E203A2025730D0A0D0A000000004C
:10FE3000416C7761797320726571756972652061B3
:10FE4000636F7573746963206368696D6520202032
:10FE50003A2025730D0A00005573652064657669A4
:10FE6000636520494420696E205741562066696CBD
:10FE700065206E616D6520203A2025730D0A000013
:10FE8000557365206461696C7920666F6C64657276
:10FE900020666F72205741562066696C657320207A
:10FEA0003A2025730D0A0D0A0000000044697361B1
:10FEB000626C65203438487A20444320626C6F635A
:10FEC0006B696E672066696C746572203A202573D1
:10FED0000D0A0000456E61626C6520656E65726793
:10FEE00079207361766572206D6F64652020202013
:10FEF000202020203A2025730D0A0000456E616203
:10FF00006C65206C6F77206761696E2072616E6727
:10FF10006520202020202020202020203A2025732A
:10FF20000D0A0D0A00000000456E61626C65206DCF
:10FF300061676E65746963207377697463682020F4
:10FF400020202020202020203A2025730D0A0D0A91
:10FF500000000000456E61626C65204750532074BC
:10FF6000696D652073657474696E67202020202098
:10FF7000202020203A2025730D0A000047505320EE
:10FF8000666978206265666F726520616E642061C3
:10FF90006674657220202020202020203A202573BE
:10FFA0000D0A0000475053206669782074696D651A
:10FFB00020286D696E7329202020202020202020F9
:10FFC000202020203A200000256C640D0A0000004B
:10FFD0002D0D0A004672657175656E6379202825BE
:10FFE000752E25756B487A20616E642077696E6482
:10FFF0006F77206C656E677468206F6620257520AA
:020000023000CC
:1000000073616D706C65732900000000417564694F
:100010006F4D6F74682025303858253038580000EF
:100020005265636F726465642061742025303264A8
:100030003A253032643A2530326420253032642F3C
:10004000253032642F253034642028555443000075
:100050002920647572696E67206465706C6F796DB4
:10006000656E74202530385825303858200000003F
:100070002920627920257320000000007573696EC5
:10008000672065787465726E616C206D6963726F4C
:1000900070686F6E652000006174202573206761B1
:1000A000696E207768696C65206261747465727925
:1000B00020776173200000006C65737320746861A1
:1000C0006E20322E355600006772656174657220AD
:1000D0007468616E20342E39560000002530316C72
:1000E000752E2530316C75560000000020616E645D
:1000F0002074656D706572617475726520776173C7
:10010000202573256C752E256C75432E000000008C
:10011000204C6F772D706173732066696C74657203
:100120002077697468206672657175656E637920E1
:100130006F6620253031752E253031756B487A2059
:100140006170706C6965642E000000002042616E71
:10015000642D706173732066696C746572207769B1
:100160007468206672657175656E63696573206F6A
:100170006620253031752E253031756B487A206127
:100180006E6420253031752E253031756B487A200C
:100190006170706C6965642E00000000204869671A
:1001A000682D706173732066696C7465722077695D
:1001B0007468206672657175656E6379206F66205C
:1001C000253031752E253031756B487A206170707D
:1001D0006C6965642E00000020416D706C69747557
:1001E0006465207468726573686F6C6420776173EE
:1001F00020000000207769746820257573206D69E0
:100200006E696D756D2074726967676572206475BB
:10021000726174696F6E2E00205265636F7264693B
:100220006E672073746F707065640000206475657C
:1002300020746F206D6963726F70686F6E652063E4
:1002400068616E67652E00002064756520746F20FC
:1002500073776974636820706F736974696F6E2057
:100260006368616E67652E00206279206D61676E3C
:1002700065746963207377697463682E00000000F9
:100280002064756520746F206C6F7720766F6C74B6
:100290006167652E000000002064756520746F2082
:1002A00066696C652073697A65206C696D69742E66
:1002B000000000002064756520746F2053442063A3
:1002C000617264207772697465206572726F722E34
:1002D00000000000204672657175656E63792074B8
:1002E000726967676572202825752E25756B487AB7
:1002F00020616E642077696E646F77206C656E672D
:100300007468206F662025752073616D706C65734D
:1003100029207468726573686F6C6420776173203C
:10032000000000006775616E000000004755414EF7
:100330004F7C56657273696F6E3A312E300A4D618B
:100340006B653A4F70656E2041636F7573746963B6
:1003500020446576696365730A4D6F64656C3A4144
:100360007564696F4D6F74680A53657269616C3AA0
:1003700025303858253038580A0000004F41447C59
:100380004465706C6F796D656E742049443A253010
:100390003858253038580A004669726D77617265A1
:1003A0002056657273696F6E3A2573202825752E65
:1003B00025752E2575290A0054696D657374616D64
:1003C000703A253034642D253032642D2530326466
:1003D00054253032643A253032643A253032640094
:1003E0005A0A00002D253032643A253032640A0062
:1003F0002B253032643A253032640A004C6F63207A
:10040000506F736974696F6E3A2573256C642E257D
:1004100030366C64202573256C642E2530366C6470
:100420000A4F41447C4C6F6320536F757263653A89
:100430004750530A000000004C6F6320506F7369EF
:1004400074696F6E3A2573256C642E2530366C64A2
:10045000202573256C642E2530366C640A4F414488
:100460007C4C6F6320536F757263653A41636F759F
:1004700073746963206368696D650A004C6F63205B
:10048000506F736974696F6E3A2573256C642E25FD
:1004900030326C64202573256C642E2530326C64F8
:1004A0000A4F41447C4C6F6320536F757263653A09
:1004B000436F6E66696775726174696F6E206170F3
:1004C000700A00004F726967696E616C2046696C42
:1004D000656E616D653A25730A0000004F41447CEA
:1004E0005265636F7264696E672053657474696ED8
:1004F00067733A256C75204741494E2025750000E9
:10050000204C504620256C750000000020425046CB
:1005100020256C7520256C75000000002048504691
:1005200020256C750000000020414D502000000087
:100530002D256C7564420000306442002025750052
:10054000204C4752000000002044343800000000D6
:100550000A4F41447C4261747465727920566F6C15
:10056000746167653A2530316C752E2530316C75B4
:100570000A00000054656D706572617475726520C3
:10058000496E743A2573256C752E256C7500000034
:100590002045534D0000000020465245512025754E
:1005A0002025752000000000736C6F7700000000AC
:1005B000666173740000000054696D652077617393
:1005C000207365742066726F6D204750532E0000B3
:1005D00054696D6520776173206E6F742075706447
:1005E000617465642E2054686520696E7465726E4E
:1005F000616C20636C6F636B2077617320636F7233
:10060000726563742E00000054696D652077617314
:10061000206E6F7420757064617465642E20546858
:10062000652064697363726570616E6379206265C9
:10063000747765656E2074686520696E7465726E86
:10064000616C20636C6F636B20616E6420746865FD
:10065000204750532077617320746F6F206C617254
:1006600067652E0054696D6520776173207570642D
:10067000617465642E2054686520696E7465726EBD
:10068000616C20636C6F636B2077617320256C64F1
:100690006D732025732E000041637475616C2073A7
:1006A000616D706C6520726174652077696C6C2077
:1006B000626520256C752E2530336C7520487A2EA6
:1006C0000000000052656365697665642070756C92
:1006D000736520706572207365636F6E6420736943
:1006E000676E616C2E000000526563656976656413
:1006F0002047505320666978202D20256C642E25D4
:1007000030366C64C2B0256320256C642E253036EB
:100710006C64C2B025632000617420253032752FCF
:10072000253032752F2530347520253032753A2525
:100730003032753A253032752E25303375205554B8
:10074000432E0000526563656976656420666972B0
:10075000737420475053206D6573736167652E0075
:10076000475053207377697463686564206F6E2007
:10077000666F7220696E697469616C206669782E93
:100780000000000047505320737769746368656404
:10079000206F6E20666F7220666978206265666FD2
:1007A0007265207265636F7264696E67207065722E
:1007B000696F642E000000004750532073776974FE
:1007C00063686564206F6E20666F722066697820AA
:1007D0006265747765656E207265636F7264696EB9
:1007E0006720706572696F64732E00004750532054
:1007F0007377697463686564206F6E20666F72201A
:10080000666978206166746572207265636F7264D0
:10081000696E6720706572696F642E0047505320BF
:100820007377697463686564206F6E20666F7220E9
:10083000666978206265666F7265207265636F72A3
:1008400064696E672E000000475053207377697407
:1008500063686564206F6E20666F72206669782019
:100860006265747765656E207265636F7264696E28
:1008700067732E004750532073776974636865640B
:10088000206F6E20666F72206669782061667465DD
:1008900072207265636F7264696E672E00000000DB
:1008A0006C6F77006C6F772D6D656469756D0000F6
:1008B0006D656469756D2D6869676800686967684A
:1008C000000000006461776E20616E6420647573BF
:1008D0006B0000006475736B20746F206461776E29
:1008E000000000006461776E20746F206475736B84
:1008F00000000000436976696C0000004E61757469
:100900006963616C00000000417374726F6E6F6DFB
:100910006963616C0000000053756E726973650055
:1009200053756E736574000053756E72697365203C
:10093000616E642073756E736574000053756E7319
:10094000657420746F2073756E72697365000000A2
:1009500053756E7269736520746F2073756E73655D
:10096000740000004C6F77004C6F772D4D65646903
:10097000756D00004D656469756D2D486967680087
:100980004869676800000000DC080300EC08030009
:10099000C4080300D4080300E408030000000000BA
:1009A0000204100190D0030001F0003C0001023964
:1009B000147AFF0150E0C1030A0F94020000000006
:1009C0000000000001000000000000000000000026
:1009D000B0FF5D6A0000000000000300008000001E
:1009E00064090300680903006C090300740903002B
:1009F00080090300A0080300A4080300A80803005E
:100A0000B0080300BC08030060070300840703006C
:100A1000B8070300EC0703001C08030048080300A4
:100A200074080300180903002009030028090300C3
:100A30003C09030050090300F4080300FC0803000C
:100A400008090300050000000000000040420F00FC
:100A50000501000000000000000000000985010001
:100A6000B5830100E5900100F1910100E1840100EE
:100A700031850100F588010071880100B185010010
:100A800031880100F187010045890100898D01004D
:100A9000298A0100D58D0100758A0100518C010061
:100AA000B1870100598B0100019301009D8C010069
:100AB00071870100B1880100F1860100C594010031
:100AC000218E0100DD8901003D8D0100318601008C
:100AD000018C01005D920100B19201003991010089
:100AE0007186010029950100B18601005D94010025
:100AF000598F01000D8F01000D8B01006D8E0100DB
:100B000031870100AD8B010055930100AD930100C9
:100B1000ED8C01007185010001940100F185010057
:100B2000598301002D840100C18A0100F98F010061
:100B3000918901004590010091900100A98F010069
:100B400089840100B98E01008591010041ECCA3F02
:100B50005177D63FC5DEE33F3B46F13FFB21F93FEE
:100B6000FB2109407CD91240FB2119407A6A1F40C1
:100B70007CD92240BBFD2540FB2129403A462C4030
:100B80007A6A2F405C4731407CD932409C6B3440BC
:100B9000BBFD3540DB8F3740FB2139401BB43A4069
:100BA0003A463C405AD83D407A6A3F404C7E4040ED
:100BB0005C4741406C1042407CD942408CA243408B
:100BC0009C6B4440AC344540BBFD4540CBC64640E1
:100BD000DB8F4740EB584840FB21494083F9A20096
:100BE000444E6E00FC291500D1572700DD34F50076
:100BF00062DBC0003C999500419043006351FE00C8
:100C0000BBDEAB00B761C5003A6E2400D24D420096
:100C10004906E00009EA2E001C92D100EB1DFE00FF
:100C200029B11C00E83EA700F535820044BB2E0028
:100C30009CE98400B4267000417E5F00D6913900A3
:100C4000538339009CF439008B5F840028F9BD0080
:100C5000F81F3B00DEFF97000F980500112FEF00F3
:100C60000A5A8B006D1F6D00CF7E360009CB27001E
:100C7000464FB7009E663F002DEA5F00BA27750019
:100C8000E5EBC7003D7BF100F739070092528A007F
:100C9000FB6BEA001FB15F00085D8D00300356005A
:100CA0007BFC4600F0AB6B0020BCCF0036F49A0012
:100CB000E3A91D005E619100081BE60085996500AF
:100CC000A0145F008D40680080D8FF0027734D009E
:100CD00006063100CA561500C9A873007BE2600001
:100CE0006B8CC000000FC93F000F494000CB9640FD
:100CF000000FC9400053FB4000CB164100ED2F41CF
:100D0000000F49410031624100537B41003A8A4162
:100D100000CB9641005CA34100EDAF41007EBC4199
:100D2000000FC94100A0D5410031E24100C2EE41AF
:100D30000053FB4100F20342003A0A420083104292
:100D400000CB164200141D42005C234200A529423C
:100D500000ED2F4200363642007E3C4200C7424240
:100D6000000F4942A2000000F900000083000000CB
:100D70006E0000004E00000044000000150000005E
:100D800029000000FC0000002700000057000000C0
:100D9000D1000000F500000034000000DD0000007C
:100DA000C0000000DB0000006200000095000000B1
:100DB000990000003C00000043000000900000008B
:100DC00041000000FE000000510000006300000030
:100DD000AB000000DE000000BB000000C50000000A
:100DE00061000000B7000000240000006E00000059
:100DF0003A000000420000004D000000D200000058
:100E0000E000000006000000490000002E00000085
:100E1000EA00000009000000D1000000920000007C
:100E20001C000000FE0000001D000000EB000000A0
:100E30001C000000B100000029000000A700000015
:100E40003E000000E80000008200000035000000C5
:100E5000F50000002E000000BB0000004400000070
:100E600084000000E90000009C0000007000000009
:100E700026000000B40000005F0000007E000000BB
:100E8000410000003900000091000000D600000081
:100E9000390000008300000053000000390000000A
:100EA000F40000009C000000840000005F000000CF
:100EB0008B000000BD000000F900000028000000C9
:100EC0003B0000001F000000F80000009700000039
:100ED000FF000000DE000000050000009800000098
:100EE0000F000000EF0000002F00000011000000C4
:100EF0008B0000005A0000000A0000006D00000096
:100F00001F0000006D000000360000007E000000A1
:100F1000CF00000027000000CB0000000900000007
:100F2000B70000004F000000460000003F00000036
:100F3000660000009E0000005F000000EA00000064
:100F40002D0000007500000027000000BA0000001E
:100F5000C7000000EB000000E5000000F100000009
:100F60007B0000003D000000070000003900000089
:100F7000F70000008A00000052000000920000000C
:100F8000EA0000006B000000FB0000005F000000B2
:100F9000B10000001F0000008D0000005D00000097
:100FA00008000000560000000300000030000000B0
:100FB00046000000FC0000007B0000006B00000009
:100FC000AB000000F0000000CF000000BC000000FB
:100FD000200000009A000000F4000000360000002D
:100FE0001D000000A9000000E300000091000000C7
:100FF000610000005E000000E60000001B00000031
:101000000800000065000000990000008500000055
:101010005F00000014000000A00000006800000055
:10102000400000008D000000FF000000D80000001C
:10103000800000004D000000730000002700000049
:10104000310000000600000006000000150000004E
:1010500056000000CA00000073000000A800000055
:10106000C900000060000000E20000007B000000FA
:10107000C00000008C0000006B00000000000000B9
:1010800000000040FB21F93F000000002D44743EA9
:10109000000000809846F83C0000006051CC783B8E
:1010A00000000080831BF0390000004020257A38C2
:1010B000000000802282E336000000001DF3693545
:1010C0000200000003000000040000000600000011
:1010D0000000C93F0000F0390000DA370000A233F9
:1010E0000000842E0000502B0000C2270000D022F8
:1010F0000000C41F0000C61B0000441704000000CD
:1011000007000000090000000000003F000000BFD1
:101110008071313F807131BFD1F71737D1F717B7E1
:101120005245454E54206D616C6C6F63207375633E
:10113000636565646564002F6D6E742F776F726BE5
:1011400073706163652F776F726B73706163652F66
:101150004743432D31302D706970656C696E652F82
:101160006A656E6B696E732D4743432D31302D7068
:101170006970656C696E652D3333385F323032319A
:10118000313031385F313633343531363230332F08
:101190007372632F6E65776C69622F6E65776C6909
:1011A000622F6C6962632F74696D652F676D746956
:1011B0006D652E63000000007C0200202C20667507
:1011C0006E6374696F6E3A2000617373657274693F
:1011D0006F6E2022257322206661696C65643A2057
:1011E00066696C6520222573222C206C696E65204F
:1011F0002564257325730A00232D302B2000686C8D
:101200004C00656667454647003031323334353629
:101210003738394142434445460030313233343562
:10122000363738396162636465660000000000008B
:1012300000000000000000000000000000000000AE
:10124000000000000000000000000000000000009E
:10125000000000000000000000000000000000008E
:10126000000000000000000000000000000000007E
:10127000000000000000000000000000000000006E
:10128000000000000000000000000000000000005E
:08129000902EFD7F010000001B
:101298000000000000000000000000100000001026
:1012A8000000001000000050000000600000007006
:1012B8000000007000000070000000100000002016
:1012C80000000010000000200000003000000010A6
:1012D8000000001000000010000000200000003096
:1012E8000100000008230020417564696F4D6F7488
:1012F800682D57797468616D2D576F6F647300009E
:1013080000000000000000000101000001000000D2
:101318000C0000005249464600000000574156455F
:10132800666D74201000000001000100000000003C
:1013380000000000020010004C495354B4010000A2
:10134800494E464F49434D548001000000000000BB
:101358000000000000000000000000000000000085
:101368000000000000000000000000000000000075
:101378000000000000000000000000000000000065
:101388000000000000000000000000000000000055
:101398000000000000000000000000000000000045
:1013A8000000000000000000000000000000000035
:1013B8000000000000000000000000000000000025
:1013C8000000000000000000000000000000000015
:1013D8000000000000000000000000000000000005
:1013E80000000000000000000000000000000000F5
:1013F80000000000000000000000000000000000E5
:1014080000000000000000000000000000000000D4
:1014180000000000000000000000000000000000C4
:1014280000000000000000000000000000000000B4
:1014380000000000000000000000000000000000A4
:101448000000000000000000000000000000000094
:101458000000000000000000000000000000000084
:101468000000000000000000000000000000000074
:101478000000000000000000000000000000000064
:101488000000000000000000000000000000000054
:101498000000000000000000000000000000000044
:1014A8000000000000000000000000000000000034
:1014B8000000000000000000000000000000000024
:1014C80000000000000000000000000049415254E4
:1014D80020000000000000000000000000000000E4
:1014E80000000000000000000000000000000000F4
:1014F800000000006461746100000000809FD50056
:10150800006CDC02008000007C020020000000006B
:101518004C1203006C1203002C12030000000000A0
:1015280000000000000000000000000000000000B3
:1015380000000000000000000000000000000000A3
:101548000000000000000000000000000000000093
:101558000000000000000000000000000000000083
:10156800000000000000000000000000134B41F6DE
:10157800713210B4DA639A684FF07E6442F0010267
:10158800012002219A601C61D860D960D86910F0E6
:101598000100FBD1094A4FF4007108249061D4601E
:1015A800D369DB07FCD40139F8D193685DF8044BA3
:1015B80023F001039360D163704700BF00000C4023
:1015C8001E4A1F4841F67133F0B4D36393681D4F28
:1015D80043F0010393604FF0004C012602250824D4
:1015E80000F1004303F560531361D660D560D369F9
:1015F800DB07FCD461460B689361D460D36913F0B0
:101608000103FBD104318142F5D101F50060B842F4
:101618000CF5006CE4D1916821F001019160D3636D
:10162800BFF34F8F0849094BCA6802F4E0621343BD
:10163800CB60BFF34F8F00BFFDE700BF00000C4039
:101648000008008000C8038000ED00E00400FA05EF
:10165800F8B50F46064600F043FA0F4B41F67132D3
:10166800DA63054600F044FA4FF07E6000F014F9A2
:1016780050B10446084B00222846DA6300F034FAD9
:10168800B4FA84F04009F8BD3A4631464FF07E601E
:1016980000F004F80446EDE700000C40354B2DE956
:1016A800F0479D6845F001059D60950835D00646D0
:1016B8000C464FF0000E01270820DA69D20706EB26
:1016C8008E010CD52C4A01E0002A49D0D3F81CC061
:1016D8001CF0010F02F1FF32F6D1002A40D0196147
:1016E800DF60DA6912F0060F04D012F0040F3ED161
:1016F800920739D4C1F30A0CCCF5006C4FEA9C0C64
:10170800A5EB0E08E04528BFE046B8F1000F06D16A
:10171800C246C64475455444CFD8002019E04FEA64
:10172800880A04EB8809A4465CF8042B9A61D860FF
:10173800DA69D20708D5104A00E042B1D969C90769
:1017480002F1FF32F9D412B1E145EDD1E1E76FF0D2
:101758000200084A936823F001039360BDE8F0870C
:101768006FF00200BDE8F0876FF00100F6E74FF078
:10177800FF30F3E700000C4080969800DFF814C1B2
:10178800DCF808302DE9F04743F001039508CCF860
:10179800083037D006460C46012700211020DCF817
:1017A8001C30DB0706EB81020CD5394B01E0002B1E
:1017B80063D0DCF81CE01EF0010F03F1FF33F6D113
:1017C800002B5AD0CCF81020CCF80C70DCF81C3068
:1017D80013F0060F04D013F0040F55D19B0750D413
:1017E800C2F30A03C3F500639B08A5EB01089845FB
:1017F80028BF9846B8F1000F06D1C14641448D4232
:101808004C44CCD8002031E0EFF3108A72B64FEA8E
:10181800880904EB8802A64607E0DCF81C3003F0D0
:101828001903102B08BFCCF80C30DCF81C301B0750
:10183800F3D55EF8043BCCF818309645CCF80C008C
:10184800F3D1BAF1000F00D162B6DCF81C30DB0727
:10185800D4D50F4B00E03BB1DCF81C20D20703F1D4
:10186800FF33F8D4002BC9D16FF00200094A9368FE
:1018780023F001039360BDE8F0876FF00200BDE834
:10188800F0876FF00100FAE74FF0FF30F7E700BF8D
:101898008096980000000C401B498B68012243F099
:1018A80001038B600861CA60CB695A0717D4CB69FA
:1018B8009B0723D40223CB60CB69D80708D5134BE9
:1018C80000E09BB1CA69D20703F1FF33F9D46BB1C9
:1018D8000D4A936823F001030020936070478B68DA
:1018E80023F001034FF0FF308B607047064A93687E
:1018F80023F001036FF00200936070478B686FF06C
:10190800010003408B60704700000C4080969800EF
:10191800084B9A6846F21A304FF4807142F001027F
:101928009A605865D960D86910F00100FBD15865F4
:10193800704700BF00000C4009B90020704730B55F
:10194800CAB9234D9646082450F8043BAB61EC60B5
:10195800EB69DB070EF1010E09D51E4B01E0002BE8
:1019680032D0EA69D20703F1FF33F8D463B3714583
:10197800EAD1002030BDEFF3108572B6144A4FF05B
:10198800000C102405E0D36903F01903102B08BFDD
:10199800D360D3691B07F6D50CF1010C50F8043B52
:1019A80093616145D460F4D105B962B60849CB6941
:1019B800D807DED5074B00E033B1CA69D20703F177
:1019C800FF33F9D4002BD4D16FF0020030BD00BF33
:1019D80000000C40809698002DE9F04F294E914662
:1019E8001A46B3685FEA990943F0010383B0B3600C
:1019F80033D08246884600274FF0010BF169C907AA
:101A08000AEB870308D5204C00E07CB3F569ED07A5
:101A180004F1FF34F9D44CB33361C6F80CB0F16962
:101A280011F0060F03D0480728D4890723D4C3F33D
:101A38000A01C1F500618908A9EB07048C4228BF97
:101A48000C46214640460192FFF776FF30B92744FD
:101A5800B945019A08EB8408D0D80020094A936850
:101A680023F00103936003B0BDE8F08F6FF002002C
:101A780003B0BDE8F08F6FF00100F9E74FF0FF30D9
:101A8800F6E700BF00000C40809698001149CB692A
:101A9800DB0708D5104B00E0CBB1CA69D20703F1C8
:101AA800FF33F9D49BB10B4B01221861DA60DB6973
:101AB80013F006000AD05A0706D413F0020F0CBF21
:101AC80000206FF0010070474FF0FF3070476FF053
:101AD8000200704700000C4080969800FEE700BFA7
:101AE8005FF800F0619F00005FF800F0699F000058
:101AF8005FF800F0C5AB000005410000E1400000C0
:04000003100095C58F
:00000001FF
